item_id,category_name,category_code,spec_key_hash,hash_version,used_price,product_type,brand,model_name,color,usage_stage,condition_grade,defect_notes,purchase_time
03_baby_kids-demo-000000,03_baby_kids,03,67a916d29c8b73f8,v2,360000,,에그,듀엣프로 듀오,,,,,
03_baby_kids-demo-000001,03_baby_kids,03,2c1a0c1d15fdc833,v2,100000,,리안,솔로 LX,,,,,
03_baby_kids-demo-000002,03_baby_kids,03,0817fac1f780f005,v2,100000,,베이비젠,요요,,,,,
03_baby_kids-demo-000003,03_baby_kids,03,2e247b105cb5768d,v2,35000,,페도라,핏2,,,,,
03_baby_kids-demo-000004,03_baby_kids,03,623df624cfd51c66,v2,285198,,스토케,트레일즈,,,,,
03_baby_kids-demo-000005,03_baby_kids,03,e5cb027a81ede62d,v2,850000,,부가부,버터플라이,,,,,
03_baby_kids-demo-000006,03_baby_kids,03,148007e449c0f690,v2,100000,,베베스완,X1,,,,,
03_baby_kids-demo-000007,03_baby_kids,03,aae77c6399a617cd,v2,90000,,Ryan,캐리 듀얼,,,,,
03_baby_kids-demo-000008,03_baby_kids,03,2c1a0c1d15fdc833,v2,100000,,리안,솔로 LX,,,,,
03_baby_kids-demo-000009,03_baby_kids,03,c9a5cc22c9de28a4,v2,550000,,부가부,폭스2,,,,,
03_baby_kids-demo-000010,03_baby_kids,03,4b34c1fec298704c,v2,260000,,타보,레노,,,,,
03_baby_kids-demo-000011,03_baby_kids,03,623df624cfd51c66,v2,235097,,스토케,트레일즈,,,,,
03_baby_kids-demo-000012,03_baby_kids,03,1c7f1379f27acfae,v2,13000,,포그내,X1,,,,,
03_baby_kids-demo-000013,03_baby_kids,03,c49e51035c8d9648,v2,450000,,실버크로스,듄,,,,,
03_baby_kids-demo-000014,03_baby_kids,03,98ca7082ac4bdd95,v2,698000,,페도라,하모니,,,,,
03_baby_kids-demo-000015,03_baby_kids,03,44af21f2ec4cbd90,v2,620000,,스토케,요요3 yoyo3,,,,,
03_baby_kids-demo-000016,03_baby_kids,03,86a63cbf03cd8606,v2,750000,,부가부,버터플라이2,,,,,
03_baby_kids-demo-000017,03_baby_kids,03,ce4718c64d9ad2dc,v2,55000,,코니,SoftBreeze,,,,,
03_baby_kids-demo-000018,03_baby_kids,03,7bf6d020444c46b2,v2,190000,,베베스완,V5 엘레강스,,,,,
03_baby_kids-demo-000019,03_baby_kids,03,85950740c7d4abef,v2,100000,,허그파파,올인원,,,,,
03_baby_kids-demo-000020,03_baby_kids,03,a6f0b7a64adab0b6,v2,20000,,미마자리,리프2 디럭스,,,,,
03_baby_kids-demo-000021,03_baby_kids,03,52f1bb716b34a870,v2,500000,,스토케,익스플로리X,,,,,
03_baby_kids-demo-000022,03_baby_kids,03,49ebdb53be9c0bfd,v2,10000,,아이스토리,오가닉 아기띠,,,,,
03_baby_kids-demo-000023,03_baby_kids,03,2bb319045b85e57b,v2,270000,,미마지기,3g,,,,,
03_baby_kids-demo-000024,03_baby_kids,03,2a26c4352e70dae8,v2,110000,,베이비뵨,플렉스탭,,,,,
03_baby_kids-demo-000025,03_baby_kids,03,a638a224d94ad39c,v2,50000,,끌라미엘,원터치 캐리어 3D매쉬,,,,,
03_baby_kids-demo-000026,03_baby_kids,03,83a6f95bdd28ec11,v2,1000000,,부가부,폭스5,,,,,
03_baby_kids-demo-000027,03_baby_kids,03,4460585d969955ae,v2,1550000,,부가부,동키5 듀오,,,,,
03_baby_kids-demo-000028,03_baby_kids,03,aae77c6399a617cd,v2,90000,,Ryan,캐리 듀얼,,,,,
03_baby_kids-demo-000029,03_baby_kids,03,fbc99e746c22f993,v2,10000,,포그내,넘버5,,,,,
03_baby_kids-demo-000030,03_baby_kids,03,6b38c7d9ecdf0b86,v2,210000,,포브,프라이핏 에어,,,,,
03_baby_kids-demo-000031,03_baby_kids,03,c9b961eec3f61935,v2,570000,,부가부,폭스3,,,,,
03_baby_kids-demo-000032,03_baby_kids,03,fbc99e746c22f993,v2,10000,,포그내,익스플로리X,,,,,
03_baby_kids-demo-000033,03_baby_kids,03,a1586cec3c7e9032,v2,270000,,부가부,B5,,,,,
03_baby_kids-demo-000034,03_baby_kids,03,ddcf228705dd4b54,v2,160000,,베베핏,시그니처7,,,,,
03_baby_kids-demo-000035,03_baby_kids,03,9490bc2a6758adb8,v2,150000,,베이비뵨,캐리어 무브 에어리 매쉬,,,,,
03_baby_kids-demo-000036,03_baby_kids,03,e56bc319909fea53,v2,285000,,베이비뵨,하모니 3D 메쉬,,,,,
03_baby_kids-demo-000037,03_baby_kids,03,18ebfc0b504b9f25,v2,200000,,잉글레시나,퀴드2,,,,,
03_baby_kids-demo-000038,03_baby_kids,03,ad47fb551782acad,v2,480000,,아티포페,자이가이스트 트위드 W,,,,,
03_baby_kids-demo-000039,03_baby_kids,03,2bb319045b85e57b,v2,270000,,미마지기,3g,,,,,
03_baby_kids-demo-000040,03_baby_kids,03,3f35944dd1570d1c,v2,450000,,잉글레시나,일렉타,,,,,
03_baby_kids-demo-000041,03_baby_kids,03,1ff7cd4dadc263af,v2,50000,,줄즈,디럭스,,,,,
03_baby_kids-demo-000042,03_baby_kids,03,05dcb7f5e2c81bbf,v2,60000,,에이블,4in1,,,,,
03_baby_kids-demo-000043,03_baby_kids,03,149cdb3067f1963e,v2,630000,,포브,요요3,,,,,
03_baby_kids-demo-000044,03_baby_kids,03,ecef01d56f5dc3c6,v2,950000,,부가부,G5,,,,,
03_baby_kids-demo-000045,03_baby_kids,03,2a26c4352e70dae8,v2,28000,,스토케,이노다이얼,,,,,
03_baby_kids-demo-000046,03_baby_kids,03,a488417eebcf283c,v2,10000,,에르고,V5,,,,,
03_baby_kids-demo-000047,03_baby_kids,03,8adee1a459aea3da,v2,100000,,베베스완,시그니처 디럭스,,,,,
03_baby_kids-demo-000048,03_baby_kids,03,b678aac022f47007,v2,200000,,베이비뵨,하모니,,,,,
03_baby_kids-demo-000049,03_baby_kids,03,ef0891c77ecf1e32,v2,450000,,뉴나,Lx,,,,,
03_baby_kids-demo-000050,03_baby_kids,03,fdccf711ac6f6101,v2,376000,,베이비젠,요요2,,,,,
03_baby_kids-demo-000051,03_baby_kids,03,68c72943cea2fbcc,v2,460000,,실버크로스,클릭2.0,,,,,
03_baby_kids-demo-000052,03_baby_kids,03,09de32c99d3870c2,v2,150000,,페도라,L5,,,,,
03_baby_kids-demo-000053,03_baby_kids,03,cc48208f68621b34,v2,13000,,헬로미니미,요요3 yoyo3,,,,,
03_baby_kids-demo-000054,03_baby_kids,03,7d5ad67657a1ca34,v2,15000,,포브,옴니 360 쿨에어,,,,,
03_baby_kids-demo-000055,03_baby_kids,03,0b209763b706a5fd,v2,240000,,치코,핏2,,,,,
03_baby_kids-demo-000056,03_baby_kids,03,67a916d29c8b73f8,v2,360000,,아이허그,듀엣프로 듀오,,,,,
03_baby_kids-demo-000057,03_baby_kids,03,6b38c7d9ecdf0b86,v2,210000,,포브,프라이핏 에어,,,,,
03_baby_kids-demo-000058,03_baby_kids,03,457db1a3ce23b9d0,v2,300000,,두나,비6,,,,,
03_baby_kids-demo-000059,03_baby_kids,03,0f342264101d6ee2,v2,1200000,,부가부,닥터다이얼 폴드에어,,,,,
03_baby_kids-demo-000060,03_baby_kids,03,4f4d01a5479d07c9,v2,120000,,베이비뵨,에어 3D 메쉬,,,,,
03_baby_kids-demo-000061,03_baby_kids,03,03c4dda9683628df,v2,22377,,코니,자이가이스트 트위드 W,,,,,
03_baby_kids-demo-000062,03_baby_kids,03,0817fac1f780f005,v2,100000,,베이비젠,히든360,,,,,
03_baby_kids-demo-000063,03_baby_kids,03,736608cff2ffede4,v2,800000,,joolz,데이5,,,,,
03_baby_kids-demo-000064,03_baby_kids,03,d3584777a9837530,v2,300000,,스냅앤고,올인원 에어 힙시트,,,,,
03_baby_kids-demo-000065,03_baby_kids,03,49ebdb53be9c0bfd,v2,10000,,아이스토리,오가닉 아기띠,,,,,
03_baby_kids-demo-000066,03_baby_kids,03,ddcf228705dd4b54,v2,160000,,베베핏,시그니처7,,,,,
03_baby_kids-demo-000067,03_baby_kids,03,03c4dda9683628df,v2,15640,,코니,요요3,,,,,
03_baby_kids-demo-000068,03_baby_kids,03,52f1bb716b34a870,v2,500000,,스토케,익스플로리X,,,,,
03_baby_kids-demo-000069,03_baby_kids,03,35fb834e6441b56e,v2,150000,,마이크라라이트,뉴투폴드,,,,,
03_baby_kids-demo-000070,03_baby_kids,03,53e08736529050b6,v2,1300000,,실버크로스,리프2 디럭스,,,,,
03_baby_kids-demo-000071,03_baby_kids,03,4f4d01a5479d07c9,v2,120000,,베이비뵨,에어 3D 메쉬,,,,,
03_baby_kids-demo-000072,03_baby_kids,03,404e0291a9d9eb78,v2,49000,,타보,에그3 디럭스,,,,,
03_baby_kids-demo-000073,03_baby_kids,03,1c7f1379f27acfae,v2,150000,,포그내,올인원,,,,,
03_baby_kids-demo-000074,03_baby_kids,03,763651c475915ed5,v2,1200000,,egg,egg3,,,,,
03_baby_kids-demo-000075,03_baby_kids,03,64312a2b256a615f,v2,290000,,베이비젠,맥스플로우 올인원,,,,,
03_baby_kids-demo-000076,03_baby_kids,03,669d4b9f5296b135,v2,200000,,포브,프리아핏에어,,,,,
03_baby_kids-demo-000077,03_baby_kids,03,ecef01d56f5dc3c6,v2,950000,,마이크라라이트,G5,,,,,
03_baby_kids-demo-000078,03_baby_kids,03,53caf87cb8281c8b,v2,500000,,베이비스타일,사이러스2,,,,,
03_baby_kids-demo-000079,03_baby_kids,03,ecef01d56f5dc3c6,v2,1100000,,오르빗,G5,,,,,
03_baby_kids-demo-000080,03_baby_kids,03,623df624cfd51c66,v2,133658,,스토케,트레일즈,,,,,
03_baby_kids-demo-000081,03_baby_kids,03,608a5494162c5cd0,v2,170000,,오이스터3,오이스터3 큐터스 디럭스,,,,,
03_baby_kids-demo-000082,03_baby_kids,03,404e0291a9d9eb78,v2,49000,,타보,트레일즈,,,,,
03_baby_kids-demo-000083,03_baby_kids,03,e56bc319909fea53,v2,285000,,베이비뵨,하모니 3D 메쉬,,,,,
03_baby_kids-demo-000084,03_baby_kids,03,86a63cbf03cd8606,v2,750000,,부가부,버터플라이2,,,,,
03_baby_kids-demo-000085,03_baby_kids,03,ef0891c77ecf1e32,v2,450000,,뉴나,Lx,,,,,
03_baby_kids-demo-000086,03_baby_kids,03,98ca7082ac4bdd95,v2,1050000,,에그,에그2,,,,,
03_baby_kids-demo-000087,03_baby_kids,03,a1586cec3c7e9032,v2,270000,,부가부,B5,,,,,
03_baby_kids-demo-000088,03_baby_kids,03,e56bc319909fea53,v2,285000,,베이비뵨,비6,,,,,
03_baby_kids-demo-000089,03_baby_kids,03,98ca7082ac4bdd95,v2,698000,,에그,에그2,,,,,
03_baby_kids-demo-000090,03_baby_kids,03,b678aac022f47007,v2,100000,,베이비뵨,하모니,,,,,
03_baby_kids-demo-000091,03_baby_kids,03,608a5494162c5cd0,v2,170000,,오이스터3,오이스터3 큐터스 디럭스,,,,,
03_baby_kids-demo-000092,03_baby_kids,03,49ebdb53be9c0bfd,v2,10000,,아이스토리,오가닉 아기띠,,,,,
03_baby_kids-demo-000093,03_baby_kids,03,732d26b2be5097af,v2,25000,,에르고베이비,버터플라이2,,,,,
03_baby_kids-demo-000094,03_baby_kids,03,53caf87cb8281c8b,v2,500000,,베이비스타일,사이러스2,,,,,
03_baby_kids-demo-000095,03_baby_kids,03,7448528b367e5632,v2,240000,,포브,M,,,,,
03_baby_kids-demo-000096,03_baby_kids,03,ba2f6485bd502525,v2,500000,,스토케,V5,,,,,
03_baby_kids-demo-000097,03_baby_kids,03,91b3b850ead728d4,v2,25000,,코니,오리지널,,,,,
03_baby_kids-demo-000098,03_baby_kids,03,457db1a3ce23b9d0,v2,300000,,두나,원터치 캐리어 3D매쉬,,,,,
03_baby_kids-demo-000099,03_baby_kids,03,e56bc319909fea53,v2,285000,,베이비뵨,하모니 3D 메쉬,,,,,
03_baby_kids-demo-000100,03_baby_kids,03,cac67c64fd6d7056,v2,20000,,소르베베,디럭스,,,,,
03_baby_kids-demo-000101,03_baby_kids,03,4460585d969955ae,v2,1550000,,부가부,동키5 듀오,,,,,
03_baby_kids-demo-000102,03_baby_kids,03,e07fffc388f04801,v2,120000,,아이엔젤,폴드에어 올인원,,,,,
03_baby_kids-demo-000103,03_baby_kids,03,6b38c7d9ecdf0b86,v2,210000,,포브,옴니브리즈,,,,,
03_baby_kids-demo-000104,03_baby_kids,03,c5f0fab00520e2e1,v2,29000,,에르고베이비,뉴투폴드,,,,,
03_baby_kids-demo-000105,03_baby_kids,03,ad47fb551782acad,v2,480000,,아티포페,자이가이스트 트위드 W,,,,,
03_baby_kids-demo-000106,03_baby_kids,03,23ace08e45059c80,v2,120000,,베이비뵨,우븐멜란지,,,,,
03_baby_kids-demo-000107,03_baby_kids,03,4460585d969955ae,v2,1550000,,부가부,동키5 듀오,,,,,
03_baby_kids-demo-000108,03_baby_kids,03,546a09f5367633b8,v2,240000,,베이비뵨,하모니 실버,,,,,
03_baby_kids-demo-000109,03_baby_kids,03,64312a2b256a615f,v2,290000,,포그내,맥스플로우 올인원,,,,,
03_baby_kids-demo-000110,03_baby_kids,03,9c5cf656be814cf4,v2,230000,,아이엔젤,닥터다이얼 폴드에어 올인원,,,,,
03_baby_kids-demo-000111,03_baby_kids,03,53a8e3de3e141914,v2,450000,,부가부,G5 디럭스,,,,,
03_baby_kids-demo-000112,03_baby_kids,03,edc0e42357b5e035,v2,40000,,Bugaboo,퀴드3,,,,,
03_baby_kids-demo-000113,03_baby_kids,03,ef0891c77ecf1e32,v2,450000,,소르베베,Lx,,,,,
03_baby_kids-demo-000114,03_baby_kids,03,5862760e4457c30a,v2,100000,,gb,올시티,,,,,
03_baby_kids-demo-000115,03_baby_kids,03,7bf6d020444c46b2,v2,190000,,에르고,V5 엘레강스,,,,,
03_baby_kids-demo-000116,03_baby_kids,03,546a09f5367633b8,v2,240000,,베이비뵨,하모니 실버,,,,,
03_baby_kids-demo-000117,03_baby_kids,03,404e0291a9d9eb78,v2,49000,,타보,캐빈,,,,,
03_baby_kids-demo-000118,03_baby_kids,03,f8557fc62b42e4b5,v2,160000,,아이엔젤,올인원 플러스,,,,,
03_baby_kids-demo-000119,03_baby_kids,03,31c6514dff15b6e7,v2,120000,,포그내,맥스라이트,,,,,
03_baby_kids-demo-000120,03_baby_kids,03,03c4dda9683628df,v2,15584,,코니,듄,,,,,
03_baby_kids-demo-000121,03_baby_kids,03,b91e534706449a3f,v2,32000,,맥클라렌,퀘스트,,,,,
03_baby_kids-demo-000122,03_baby_kids,03,9f4ec27778fd0ef4,v2,820000,,부가부,동키5 듀오,,,,,
03_baby_kids-demo-000123,03_baby_kids,03,732d26b2be5097af,v2,25000,,에르고베이비,캐리 듀얼,,,,,
03_baby_kids-demo-000124,03_baby_kids,03,2b5adc855ee0def2,v2,19000,,에끌레브,요요,,,,,
03_baby_kids-demo-000125,03_baby_kids,03,9490bc2a6758adb8,v2,150000,,베이비뵨,비6,,,,,
03_baby_kids-demo-000126,03_baby_kids,03,1bc57ce942e07e92,v2,290000,,스토케,v6,,,,,
03_baby_kids-demo-000127,03_baby_kids,03,d2865dd99d82b611,v2,87000,,에르고베이비,옴니브리즈,,,,,
03_baby_kids-demo-000128,03_baby_kids,03,0bee123ece50c929,v2,130000,,미마자리,디럭스,,,,,
03_baby_kids-demo-000129,03_baby_kids,03,7bf6d020444c46b2,v2,190000,,타보,V5 엘레강스,,,,,
03_baby_kids-demo-000130,03_baby_kids,03,501920499771df7e,v2,45000,,mg,레노,,,,,
03_baby_kids-demo-000131,03_baby_kids,03,457db1a3ce23b9d0,v2,300000,,두나,B5,,,,,
03_baby_kids-demo-000132,03_baby_kids,03,2f2f9ef18481dcb0,v2,50000,,오르빗,G3,,,,,
03_baby_kids-demo-000133,03_baby_kids,03,03c4dda9683628df,v2,24931,,코니,시티투어2,,,,,
03_baby_kids-demo-000134,03_baby_kids,03,53caf87cb8281c8b,v2,500000,,베이비스타일,사이러스2,,,,,
03_baby_kids-demo-000135,03_baby_kids,03,9490bc2a6758adb8,v2,150000,,소르베베,캐리어 무브 에어리 매쉬,,,,,
03_baby_kids-demo-000136,03_baby_kids,03,2b9c21278cee8119,v2,500000,,싸이벡스,오이스터3,,,,,
03_baby_kids-demo-000137,03_baby_kids,03,ba3fd402c2c0e1b5,v2,28000,,타이니모빌,옴니브리즈,,,,,
03_baby_kids-demo-000138,03_baby_kids,03,03c4dda9683628df,v2,25342,,코니,드래곤플라이,,,,,
03_baby_kids-demo-000139,03_baby_kids,03,9c5cf656be814cf4,v2,230000,,아이엔젤,닥터다이얼 폴드에어 올인원,,,,,
03_baby_kids-demo-000140,03_baby_kids,03,2b9c21278cee8119,v2,500000,,아이스토리,오이스터3,,,,,
03_baby_kids-demo-000141,03_baby_kids,03,d63b045e5f664533,v2,240000,,아이엔젤,닥터다이얼 폴드에어,,,,,
03_baby_kids-demo-000142,03_baby_kids,03,64312a2b256a615f,v2,295000,,포그내,맥스플로우 올인원,,,,,
03_baby_kids-demo-000143,03_baby_kids,03,ddcf228705dd4b54,v2,100000,,베베핏,시그니처7,,,,,
03_baby_kids-demo-000144,03_baby_kids,03,98ca7082ac4bdd95,v2,1050000,,에그,에그2,,,,,
03_baby_kids-demo-000145,03_baby_kids,03,0bee123ece50c929,v2,130000,,미마자리,디럭스,,,,,
03_baby_kids-demo-000146,03_baby_kids,03,3faf0912d1b9246b,v2,10000,,베베핏,제프 엑스트라2,,,,,
03_baby_kids-demo-000147,03_baby_kids,03,a638a224d94ad39c,v2,50000,,끌라미엘,원터치 캐리어 3D매쉬,,,,,
03_baby_kids-demo-000148,03_baby_kids,03,96e2953342225957,v2,400000,,씨투엠뉴,에이블 코지샤인,,,,,
03_baby_kids-demo-000149,03_baby_kids,03,0b209763b706a5fd,v2,240000,,치코,핏2,,,,,
03_baby_kids-demo-000150,03_baby_kids,03,44af21f2ec4cbd90,v2,620000,,스토케,요요3 yoyo3,,,,,
03_baby_kids-demo-000151,03_baby_kids,03,ddcf228705dd4b54,v2,100000,,베베핏,시그니처7,,,,,
03_baby_kids-demo-000152,03_baby_kids,03,1ff7cd4dadc263af,v2,50000,,줄즈,디럭스,,,,,
03_baby_kids-demo-000153,03_baby_kids,03,2bb319045b85e57b,v2,270000,,미마지기,3g,,,,,
03_baby_kids-demo-000154,03_baby_kids,03,d63b045e5f664533,v2,240000,,아이엔젤,닥터다이얼 폴드에어,,,,,
03_baby_kids-demo-000155,03_baby_kids,03,4b34c1fec298704c,v2,260000,,타보,레노,,,,,
03_baby_kids-demo-000156,03_baby_kids,03,52f1bb716b34a870,v2,500000,,스토케,익스플로리X,,,,,
03_baby_kids-demo-000157,03_baby_kids,03,ef553d9f25a28a8a,v2,26000,,오르빗,매쉬3xl,,,,,
03_baby_kids-demo-000158,03_baby_kids,03,a962d4d6b78832ab,v2,95000,,오르빗,이노다이얼,,,,,
03_baby_kids-demo-000159,03_baby_kids,03,52f1bb716b34a870,v2,500000,,스토케,익스플로리X,,,,,
03_baby_kids-demo-000160,03_baby_kids,03,c49e51035c8d9648,v2,450000,,실버크로스,듄,,,,,
03_baby_kids-demo-000161,03_baby_kids,03,ef553d9f25a28a8a,v2,26000,,포브,버터플라이,,,,,
03_baby_kids-demo-000162,03_baby_kids,03,1bc57ce942e07e92,v2,290000,,윰 Yoom,v6,,,,,
03_baby_kids-demo-000163,03_baby_kids,03,7d5ad67657a1ca34,v2,15000,,포브,펄스 올인원,,,,,
03_baby_kids-demo-000164,03_baby_kids,03,e5cb027a81ede62d,v2,850000,,부가부,버터플라이,,,,,
03_baby_kids-demo-000165,03_baby_kids,03,623df624cfd51c66,v2,65509,,스토케,트레일즈,,,,,
03_baby_kids-demo-000166,03_baby_kids,03,ba3fd402c2c0e1b5,v2,28000,,타이니모빌,트릴로지,,,,,
03_baby_kids-demo-000167,03_baby_kids,03,49ebdb53be9c0bfd,v2,10000,,MUFFIN,오가닉 아기띠,,,,,
03_baby_kids-demo-000168,03_baby_kids,03,85950740c7d4abef,v2,100000,,Egg,올인원,,,,,
03_baby_kids-demo-000169,03_baby_kids,03,7448528b367e5632,v2,240000,,포브,프리아핏 올인원,,,,,
03_baby_kids-demo-000170,03_baby_kids,03,63d8a01ba69b2eb3,v2,65000,,에르고,360,,,,,
03_baby_kids-demo-000171,03_baby_kids,03,3faf0912d1b9246b,v2,10000,,퀴니,제프 엑스트라2,,,,,
03_baby_kids-demo-000172,03_baby_kids,03,7b1645c4ba63a3db,v2,90000,,리안,미니 에어리 메쉬,,,,,
03_baby_kids-demo-000173,03_baby_kids,03,03c4dda9683628df,v2,20268,,코니,하모니 실버,,,,,
03_baby_kids-demo-000174,03_baby_kids,03,31c6514dff15b6e7,v2,120000,,포그내,맥스라이트,,,,,
03_baby_kids-demo-000175,03_baby_kids,03,71dcfd6a836afbd0,v2,480000,,실버크로스,클릭 2.0 로벅피치,,,,,
03_baby_kids-demo-000176,03_baby_kids,03,6c66a9c1365bc066,v2,340000,,부가부,비6,,,,,
03_baby_kids-demo-000177,03_baby_kids,03,e56bc319909fea53,v2,285000,,베이비뵨,하모니 3D 메쉬,,,,,
03_baby_kids-demo-000178,03_baby_kids,03,5aea1b6dd6615fb3,v2,1500000,,맘마카트,데일리,,,,,
03_baby_kids-demo-000179,03_baby_kids,03,6b38c7d9ecdf0b86,v2,210000,,포브,프라이핏 에어,,,,,
03_baby_kids-demo-000180,03_baby_kids,03,6c66a9c1365bc066,v2,340000,,부가부,비6,,,,,
03_baby_kids-demo-000181,03_baby_kids,03,cc48208f68621b34,v2,13000,,헬로미니미,코야,,,,,
03_baby_kids-demo-000182,03_baby_kids,03,c08dc28cb48fe2e7,v2,190000,,포그내,맥스 올인원,,,,,
03_baby_kids-demo-000183,03_baby_kids,03,0f342264101d6ee2,v2,1200000,,부가부,동키5,,,,,
03_baby_kids-demo-000184,03_baby_kids,03,844c8cf66330284f,v2,60000,,리안,에그2,,,,,
03_baby_kids-demo-000185,03_baby_kids,03,b678aac022f47007,v2,150000,,베이비뵨,하모니,,,,,
03_baby_kids-demo-000186,03_baby_kids,03,0f08461b5267e350,v2,1400000,,에그,에이블 코지샤인,,,,,
03_baby_kids-demo-000187,03_baby_kids,03,0817fac1f780f005,v2,100000,,베이비젠,요요,,,,,
03_baby_kids-demo-000188,03_baby_kids,03,ecef01d56f5dc3c6,v2,950000,,오르빗,하모니,,,,,
03_baby_kids-demo-000189,03_baby_kids,03,808798e323d612f1,v2,500000,,님블,오이스터3,,,,,
03_baby_kids-demo-000190,03_baby_kids,03,fbc99e746c22f993,v2,10000,,포그내,트레일즈,,,,,
03_baby_kids-demo-000191,03_baby_kids,03,d3584777a9837530,v2,300000,,스냅앤고,원터치 캐리어 3D매쉬,,,,,
03_baby_kids-demo-000192,03_baby_kids,03,623df624cfd51c66,v2,63000,,스토케,XS-XL,,,,,
03_baby_kids-demo-000193,03_baby_kids,03,546a09f5367633b8,v2,240000,,베이비뵨,솔로 LX,,,,,
03_baby_kids-demo-000194,03_baby_kids,03,35fb834e6441b56e,v2,150000,,마이크라라이트,G5,,,,,
03_baby_kids-demo-000195,03_baby_kids,03,11bc61df989f18b2,v2,60000,,백효정,L5,,,,,
03_baby_kids-demo-000196,03_baby_kids,03,49ebdb53be9c0bfd,v2,10000,,아이스토리,오가닉 아기띠,,,,,
03_baby_kids-demo-000197,03_baby_kids,03,7d5ad67657a1ca34,v2,15000,,포브,폭스5,,,,,
03_baby_kids-demo-000198,03_baby_kids,03,44714364ab7079ee,v2,280000,,맥시코시,옥스포드,,,,,
03_baby_kids-demo-000199,03_baby_kids,03,0c2a18ac6b363b3b,v2,460000,,베이비조거,아거스 오트 리넨,,,,,
03_baby_kids-demo-000200,03_baby_kids,03,53a8e3de3e141914,v2,450000,,오르빗,G5 디럭스,,,,,
03_baby_kids-demo-000201,03_baby_kids,03,0817fac1f780f005,v2,250000,,베이비젠,요요,,,,,
03_baby_kids-demo-000202,03_baby_kids,03,404e0291a9d9eb78,v2,49000,,타보,오리지널,,,,,
03_baby_kids-demo-000203,03_baby_kids,03,2b5adc855ee0def2,v2,15000,,에끌레브,사이러스2,,,,,
03_baby_kids-demo-000204,03_baby_kids,03,d6270518ad962ca9,v2,38000,,아이엔젤,트레일즈,,,,,
03_baby_kids-demo-000205,03_baby_kids,03,1bc57ce942e07e92,v2,260000,,스토케,v6,,,,,
03_baby_kids-demo-000206,03_baby_kids,03,64312a2b256a615f,v2,290000,,포그내,맥스플로우 올인원,,,,,
03_baby_kids-demo-000207,03_baby_kids,03,542327ba66394d51,v2,99000,,에르고베이비,알타,,,,,
03_baby_kids-demo-000208,03_baby_kids,03,2b5adc855ee0def2,v2,15000,,에끌레브,V5,,,,,
03_baby_kids-demo-000209,03_baby_kids,03,7448528b367e5632,v2,240000,,포브,프리아핏 올인원,,,,,
03_baby_kids-demo-000210,03_baby_kids,03,09de32c99d3870c2,v2,150000,,페도라,L5,,,,,
03_baby_kids-demo-000211,03_baby_kids,03,404e0291a9d9eb78,v2,49000,,타보,요요3,,,,,
03_baby_kids-demo-000212,03_baby_kids,03,83a6f95bdd28ec11,v2,1100000,,부가부,폭스5,,,,,
03_baby_kids-demo-000213,03_baby_kids,03,83a6f95bdd28ec11,v2,1000000,,부가부,폭스5,,,,,
03_baby_kids-demo-000214,03_baby_kids,03,64312a2b256a615f,v2,295000,,오이스터3,맥스플로우 올인원,,,,,
03_baby_kids-demo-000215,03_baby_kids,03,7bf6d020444c46b2,v2,190000,,베베스완,V5 엘레강스,,,,,
03_baby_kids-demo-000216,03_baby_kids,03,e07fffc388f04801,v2,120000,,아이엔젤,폴드에어 올인원,,,,,
03_baby_kids-demo-000217,03_baby_kids,03,53e08736529050b6,v2,1300000,,실버크로스,리프2 디럭스,,,,,
03_baby_kids-demo-000218,03_baby_kids,03,3f35944dd1570d1c,v2,470000,,잉글레시나,일렉타,,,,,
03_baby_kids-demo-000219,03_baby_kids,03,83f735b008a92fab,v2,35000,,오보기,퀴드3,,,,,
03_baby_kids-demo-000220,03_baby_kids,03,3faf0912d1b9246b,v2,10000,,퀴니,제프 엑스트라2,,,,,
03_baby_kids-demo-000221,03_baby_kids,03,a638a224d94ad39c,v2,50000,,끌라미엘,원터치 캐리어 3D매쉬,,,,,
03_baby_kids-demo-000222,03_baby_kids,03,cac67c64fd6d7056,v2,20000,,부가부,M,,,,,
03_baby_kids-demo-000223,03_baby_kids,03,1ff7cd4dadc263af,v2,50000,,씨투엠뉴,디럭스,,,,,
03_baby_kids-demo-000224,03_baby_kids,03,d6270518ad962ca9,v2,38000,,왈라부,맥스 올인원,,,,,
03_baby_kids-demo-000225,03_baby_kids,03,732d26b2be5097af,v2,25000,,에르고베이비,폴드에어,,,,,
03_baby_kids-demo-000226,03_baby_kids,03,b2b31954b42fa4dc,v2,370000,,오르빗,M,,,,,
03_baby_kids-demo-000227,03_baby_kids,03,8adee1a459aea3da,v2,100000,,로띠에,뉴투폴드,,,,,
03_baby_kids-demo-000228,03_baby_kids,03,2f2f9ef18481dcb0,v2,50000,,오르빗,G5,,,,,
03_baby_kids-demo-000229,03_baby_kids,03,542327ba66394d51,v2,99000,,에르고베이비,알타,,,,,
03_baby_kids-demo-000230,03_baby_kids,03,2c1a0c1d15fdc833,v2,100000,,리안,솔로 LX,,,,,
03_baby_kids-demo-000231,03_baby_kids,03,959bfbd6ab6af6e6,v2,270000,,싸이벡스,미오스 2.0,,,,,
03_baby_kids-demo-000232,03_baby_kids,03,f8557fc62b42e4b5,v2,160000,,아이엔젤,디럭스,,,,,
03_baby_kids-demo-000233,03_baby_kids,03,a1586cec3c7e9032,v2,270000,,부가부,B5,,,,,
03_baby_kids-demo-000234,03_baby_kids,03,61b1ccb091386e9c,v2,90000,,리안,폭스2,,,,,
03_baby_kids-demo-000235,03_baby_kids,03,d184c13102f24c9e,v2,400000,,미마자리,폴드에어 올인원,,,,,
03_baby_kids-demo-000236,03_baby_kids,03,12879ccfab8aad90,v2,32000,,도도야,L,,,,,
03_baby_kids-demo-000237,03_baby_kids,03,4b34c1fec298704c,v2,260000,,타보,레노,,,,,
03_baby_kids-demo-000238,03_baby_kids,03,2e247b105cb5768d,v2,39000,,페도라,미오스 2.0,,,,,
03_baby_kids-demo-000239,03_baby_kids,03,3e9b9c67e45c04ec,v2,350000,,포브,동키5 듀오,,,,,
03_baby_kids-demo-000240,03_baby_kids,03,2f2f9ef18481dcb0,v2,50000,,오르빗,g3,,,,,
03_baby_kids-demo-000241,03_baby_kids,03,4e61e038968ec43e,v2,520000,,잉글레시나,퀴드3,,,,,
03_baby_kids-demo-000242,03_baby_kids,03,ac9781ccd2b49315,v2,70000,,베이비뵨,3D 메쉬,,,,,
03_baby_kids-demo-000243,03_baby_kids,03,91b3b850ead728d4,v2,25000,,코니,오리지널,,,,,
03_baby_kids-demo-000244,03_baby_kids,03,cac67c64fd6d7056,v2,20000,,줄즈,올시티,,,,,
03_baby_kids-demo-000245,03_baby_kids,03,12e9400a79367544,v2,220000,,하이브리드,캐빈,,,,,
03_baby_kids-demo-000246,03_baby_kids,03,732d26b2be5097af,v2,25000,,에르고베이비,360,,,,,
03_baby_kids-demo-000247,03_baby_kids,03,c38750e886994acd,v2,50000,,줄즈,XS-XL,,,,,
03_baby_kids-demo-000248,03_baby_kids,03,2f2f9ef18481dcb0,v2,50000,,오르빗,G3,,,,,
03_baby_kids-demo-000249,03_baby_kids,03,ef0891c77ecf1e32,v2,450000,,뉴나,프리아핏 올인원,,,,,
03_baby_kids-demo-000250,03_baby_kids,03,374651c6ef602101,v2,1350000,,Egg,Egg3 디럭스,,,,,
03_baby_kids-demo-000251,03_baby_kids,03,d184c13102f24c9e,v2,400000,,킨즈,맥스 플로우,,,,,
03_baby_kids-demo-000252,03_baby_kids,03,623df624cfd51c66,v2,298718,,스토케,트레일즈,,,,,
03_baby_kids-demo-000253,03_baby_kids,03,ce4ecdc14ba643ef,v2,40000,,에끌레브,펄스 올인원,,,,,
03_baby_kids-demo-000254,03_baby_kids,03,669d4b9f5296b135,v2,200000,,포브,프리아핏에어,,,,,
03_baby_kids-demo-000255,03_baby_kids,03,edc0e42357b5e035,v2,40000,,Bugaboo,맥스 플로우,,,,,
03_baby_kids-demo-000256,03_baby_kids,03,98ca7082ac4bdd95,v2,1050000,,에그,에그2,,,,,
03_baby_kids-demo-000257,03_baby_kids,03,ad47fb551782acad,v2,480000,,아티포페,자이가이스트 트위드 W,,,,,
03_baby_kids-demo-000258,03_baby_kids,03,63d8a01ba69b2eb3,v2,65000,,에르고,360,,,,,
03_baby_kids-demo-000259,03_baby_kids,03,c5f0fab00520e2e1,v2,29000,,에르고베이비,옴니 360 쿨에어,,,,,
03_baby_kids-demo-000260,03_baby_kids,03,44af21f2ec4cbd90,v2,620000,,스토케,요요3 yoyo3,,,,,
03_baby_kids-demo-000261,03_baby_kids,03,53a8e3de3e141914,v2,450000,,줄즈,G5 디럭스,,,,,
03_baby_kids-demo-000262,03_baby_kids,03,83a6f95bdd28ec11,v2,1000000,,부가부,폭스5,,,,,
03_baby_kids-demo-000263,03_baby_kids,03,b678aac022f47007,v2,150000,,베이비뵨,하모니,,,,,
03_baby_kids-demo-000264,03_baby_kids,03,68c72943cea2fbcc,v2,460000,,실버크로스,클릭2.0,,,,,
03_baby_kids-demo-000265,03_baby_kids,03,67a916d29c8b73f8,v2,360000,,싸이벡스,듀엣프로 듀오,,,,,
03_baby_kids-demo-000266,03_baby_kids,03,542327ba66394d51,v2,99000,,에르고베이비,알타,,,,,
03_baby_kids-demo-000267,03_baby_kids,03,6c66a9c1365bc066,v2,340000,,부가부,비6,,,,,
03_baby_kids-demo-000268,03_baby_kids,03,68c72943cea2fbcc,v2,460000,,맥시코시,클릭2.0,,,,,
03_baby_kids-demo-000269,03_baby_kids,03,a1586cec3c7e9032,v2,270000,,부가부,B5,,,,,
03_baby_kids-demo-000270,03_baby_kids,03,a2ffeb5b2099fd41,v2,650000,,줄즈,지오 3,,,,,
03_baby_kids-demo-000271,03_baby_kids,03,53a8e3de3e141914,v2,450000,,오르빗,G5 디럭스,,,,,
03_baby_kids-demo-000272,03_baby_kids,03,53e08736529050b6,v2,1300000,,실버크로스,리프2 디럭스,,,,,
03_baby_kids-demo-000273,03_baby_kids,03,9c5cf656be814cf4,v2,230000,,MG,닥터다이얼 폴드에어 올인원,,,,,
03_baby_kids-demo-000274,03_baby_kids,03,d3584777a9837530,v2,300000,,스냅앤고,360,,,,,
03_baby_kids-demo-000275,03_baby_kids,03,10892887e6b70f74,v2,450000,,줄즈,허브플러스,,,,,
03_baby_kids-demo-000276,03_baby_kids,03,669d4b9f5296b135,v2,200000,,포브,프리아핏에어,,,,,
03_baby_kids-demo-000277,03_baby_kids,03,4460585d969955ae,v2,1550000,,부가부,동키5 듀오,,,,,
03_baby_kids-demo-000278,03_baby_kids,03,e07fffc388f04801,v2,120000,,아이엔젤,폴드에어 올인원,,,,,
03_baby_kids-demo-000279,03_baby_kids,03,53e08736529050b6,v2,1300000,,실버크로스,리프2 디럭스,,,,,
03_baby_kids-demo-000280,03_baby_kids,03,85950740c7d4abef,v2,100000,,허그파파,올인원,,,,,
03_baby_kids-demo-000281,03_baby_kids,03,608b7722d58bd549,v2,780000,,에그,에이블 코지샤인,,,,,
03_baby_kids-demo-000282,03_baby_kids,03,ddcf228705dd4b54,v2,160000,,베베핏,시그니처7,,,,,
03_baby_kids-demo-000283,03_baby_kids,03,d73b206a06690030,v2,60000,,소르베베,알파 오브 스텔라,,,,,
03_baby_kids-demo-000284,03_baby_kids,03,ecef01d56f5dc3c6,v2,1100000,,오르빗,G5,,,,,
03_baby_kids-demo-000285,03_baby_kids,03,6c66a9c1365bc066,v2,340000,,부가부,비6,,,,,
03_baby_kids-demo-000286,03_baby_kids,03,ac9781ccd2b49315,v2,70000,,베이비뵨,동키5 듀오,,,,,
03_baby_kids-demo-000287,03_baby_kids,03,c9a5cc22c9de28a4,v2,550000,,부가부,폭스2,,,,,
03_baby_kids-demo-000288,03_baby_kids,03,35fb834e6441b56e,v2,150000,,마이크라라이트,뉴투폴드,,,,,
03_baby_kids-demo-000289,03_baby_kids,03,cd5f46f2d116654e,v2,1300000,,실버크로스,드래곤플라이,,,,,
03_baby_kids-demo-000290,03_baby_kids,03,2e247b105cb5768d,v2,39000,,페도라,쿨매쉬 꿀잠슬링,,,,,
03_baby_kids-demo-000291,03_baby_kids,03,c5f0fab00520e2e1,v2,29000,,에르고베이비,옴니 360 쿨에어,,,,,
03_baby_kids-demo-000292,03_baby_kids,03,ce4ecdc14ba643ef,v2,40000,,에끌레브,펄스 올인원,,,,,
03_baby_kids-demo-000293,03_baby_kids,03,03c4dda9683628df,v2,15159,,코니,오가닉 아기띠,,,,,
03_baby_kids-demo-000294,03_baby_kids,03,64312a2b256a615f,v2,295000,,포그내,맥스플로우 올인원,,,,,
03_baby_kids-demo-000295,03_baby_kids,03,3f35944dd1570d1c,v2,470000,,잉글레시나,일렉타,,,,,
03_baby_kids-demo-000296,03_baby_kids,03,ba3fd402c2c0e1b5,v2,28000,,타이니모빌,맥스플로우 올인원,,,,,
03_baby_kids-demo-000297,03_baby_kids,03,ecef01d56f5dc3c6,v2,950000,,오르빗,클릭2.0,,,,,
03_baby_kids-demo-000298,03_baby_kids,03,ac9781ccd2b49315,v2,70000,,베이비뵨,넘버5,,,,,
03_baby_kids-demo-000299,03_baby_kids,03,c07700ccdf7f0c44,v2,90000,,릴레베이비,요요,,,,,
03_baby_kids-demo-000300,03_baby_kids,03,6b38c7d9ecdf0b86,v2,210000,,포브,프라이핏 에어,,,,,
03_baby_kids-demo-000301,03_baby_kids,03,0b209763b706a5fd,v2,240000,,치코,핏2,,,,,
03_baby_kids-demo-000302,03_baby_kids,03,5aea1b6dd6615fb3,v2,1500000,,맘마카트,펄스 올인원,,,,,
03_baby_kids-demo-000303,03_baby_kids,03,4e61e038968ec43e,v2,520000,,잉글레시나,퀴드3,,,,,
03_baby_kids-demo-000304,03_baby_kids,03,148007e449c0f690,v2,100000,,해밀턴,X1,,,,,
03_baby_kids-demo-000305,03_baby_kids,03,d3584777a9837530,v2,300000,,스냅앤고,클릭2.0,,,,,
03_baby_kids-demo-000306,03_baby_kids,03,03c4dda9683628df,v2,20785,,코니,요요2,,,,,
03_baby_kids-demo-000307,03_baby_kids,03,844c8cf66330284f,v2,259000,,리안,폴드에어 올인원,,,,,
03_baby_kids-demo-000308,03_baby_kids,03,b678aac022f47007,v2,100000,,베이비뵨,하모니,,,,,
03_baby_kids-demo-000309,03_baby_kids,03,2f2f9ef18481dcb0,v2,50000,,오르빗,G3,,,,,
03_baby_kids-demo-000310,03_baby_kids,03,623df624cfd51c66,v2,209564,,스토케,트레일즈,,,,,
03_baby_kids-demo-000311,03_baby_kids,03,c9a5cc22c9de28a4,v2,550000,,부가부,폭스2,,,,,
03_baby_kids-demo-000312,03_baby_kids,03,b678aac022f47007,v2,150000,,베이비뵨,하모니,,,,,
03_baby_kids-demo-000313,03_baby_kids,03,d3584777a9837530,v2,300000,,스냅앤고,제프 엑스트라2,,,,,
03_baby_kids-demo-000314,03_baby_kids,03,a488417eebcf283c,v2,70000,,에르고,시티투어2 쌍둥이 유모차,,,,,
03_baby_kids-demo-000315,03_baby_kids,03,608b7722d58bd549,v2,780000,,에그,2,,,,,
03_baby_kids-demo-000316,03_baby_kids,03,ba2f6485bd502525,v2,500000,,스토케,V5,,,,,
03_baby_kids-demo-000317,03_baby_kids,03,ce4ecdc14ba643ef,v2,40000,,에끌레브,펄스 올인원,,,,,
03_baby_kids-demo-000318,03_baby_kids,03,0817fac1f780f005,v2,250000,,베이비젠,요요,,,,,
03_baby_kids-demo-000319,03_baby_kids,03,ba3fd402c2c0e1b5,v2,28000,,타이니모빌,G5 디럭스,,,,,
03_baby_kids-demo-000320,03_baby_kids,03,2e247b105cb5768d,v2,35000,,페도라,맥스 올인원,,,,,
03_baby_kids-demo-000321,03_baby_kids,03,c49e51035c8d9648,v2,450000,,실버크로스,듄,,,,,
03_baby_kids-demo-000322,03_baby_kids,03,4b34c1fec298704c,v2,260000,,타보,레노,,,,,
03_baby_kids-demo-000323,03_baby_kids,03,cf3fb02c67ed4488,v2,15000,,베베핏,디럭스,,,,,
03_baby_kids-demo-000324,03_baby_kids,03,fbc99e746c22f993,v2,10000,,포그내,넘버5,,,,,
03_baby_kids-demo-000325,03_baby_kids,03,cc48208f68621b34,v2,13000,,맘푸쉬,프라이핏 에어,,,,,
03_baby_kids-demo-000326,03_baby_kids,03,a2ffeb5b2099fd41,v2,650000,,줄즈,지오 3,,,,,
03_baby_kids-demo-000327,03_baby_kids,03,39dc5d5b5c93c930,v2,200000,,베이비젠,시티투어2 쌍둥이 유모차,,,,,
03_baby_kids-demo-000328,03_baby_kids,03,d63b045e5f664533,v2,240000,,아이엔젤,닥터다이얼 폴드에어,,,,,
03_baby_kids-demo-000329,03_baby_kids,03,e07fffc388f04801,v2,120000,,아이엔젤,폴드에어 올인원,,,,,
03_baby_kids-demo-000330,03_baby_kids,03,6bd00e050104727f,v2,250000,,Egg,Z,,,,,
03_baby_kids-demo-000331,03_baby_kids,03,03c4dda9683628df,v2,15495,,코니,알파 오브 스텔라,,,,,
03_baby_kids-demo-000332,03_baby_kids,03,ddcf228705dd4b54,v2,100000,,베베핏,시그니처7,,,,,
03_baby_kids-demo-000333,03_baby_kids,03,e07fffc388f04801,v2,120000,,아이엔젤,폴드에어 올인원,,,,,
03_baby_kids-demo-000334,03_baby_kids,03,b2b31954b42fa4dc,v2,370000,,오르빗,M,,,,,
03_baby_kids-demo-000335,03_baby_kids,03,c07700ccdf7f0c44,v2,90000,,릴레베이비,비6,,,,,
03_baby_kids-demo-000336,03_baby_kids,03,149cdb3067f1963e,v2,630000,,스토케,요요3,,,,,
03_baby_kids-demo-000337,03_baby_kids,03,0bee123ece50c929,v2,130000,,미마자리,디럭스,,,,,
03_baby_kids-demo-000338,03_baby_kids,03,844c8cf66330284f,v2,60000,,리안,솔로,,,,,
03_baby_kids-demo-000339,03_baby_kids,03,163fef1b830fa1dc,v2,920000,,부가부,드래곤플라이,,,,,
03_baby_kids-demo-000340,03_baby_kids,03,9c5cf656be814cf4,v2,230000,,아이엔젤,닥터다이얼 폴드에어 올인원,,,,,
03_baby_kids-demo-000341,03_baby_kids,03,9c5cf656be814cf4,v2,230000,,아이엔젤,닥터다이얼 폴드에어 올인원,,,,,
03_baby_kids-demo-000342,03_baby_kids,03,542327ba66394d51,v2,99000,,에르고베이비,알타,,,,,
03_baby_kids-demo-000343,03_baby_kids,03,54bd6ae6789d9e6e,v2,180000,,씨투엠뉴,에이블 스핀 플러스 트라이크,,,,,
03_baby_kids-demo-000344,03_baby_kids,03,31c6514dff15b6e7,v2,120000,,포그내,맥스라이트,,,,,
03_baby_kids-demo-000345,03_baby_kids,03,03c4dda9683628df,v2,22038,,코니,히든360,,,,,
03_baby_kids-demo-000346,03_baby_kids,03,e07fffc388f04801,v2,120000,,아이엔젤,폴드에어 올인원,,,,,
03_baby_kids-demo-000347,03_baby_kids,03,3f35944dd1570d1c,v2,470000,,잉글레시나,일렉타,,,,,
03_baby_kids-demo-000348,03_baby_kids,03,3faf0912d1b9246b,v2,10000,,퀴니,제프 엑스트라2,,,,,
03_baby_kids-demo-000349,03_baby_kids,03,b2b31954b42fa4dc,v2,370000,,오르빗,에그2,,,,,
03_baby_kids-demo-000350,03_baby_kids,03,85950740c7d4abef,v2,100000,,허그파파,올인원,,,,,
03_baby_kids-demo-000351,03_baby_kids,03,cd5f46f2d116654e,v2,1300000,,실버크로스,리프2,,,,,
03_baby_kids-demo-000352,03_baby_kids,03,05dcb7f5e2c81bbf,v2,60000,,에이블,4in1,,,,,
03_baby_kids-demo-000353,03_baby_kids,03,90b5899668094dae,v2,220000,,베베스완,듀엣프로 듀오,,,,,
03_baby_kids-demo-000354,03_baby_kids,03,cf3fb02c67ed4488,v2,15000,,베베핏,비6,,,,,
03_baby_kids-demo-000355,03_baby_kids,03,028acffcf6ebd501,v2,240000,,맘푸쉬,라이드 더블,,,,,
03_baby_kids-demo-000356,03_baby_kids,03,5f55bb55452151ee,v2,240000,,베이비조거,시티투어2,,,,,
03_baby_kids-demo-000357,03_baby_kids,03,71dcfd6a836afbd0,v2,480000,,실버크로스,클릭 2.0 로벅피치,,,,,
03_baby_kids-demo-000358,03_baby_kids,03,ad87d709a2d74a2c,v2,3000,,끌라미엘,리프2,,,,,
03_baby_kids-demo-000359,03_baby_kids,03,49ebdb53be9c0bfd,v2,10000,,아이스토리,오가닉 아기띠,,,,,
03_baby_kids-demo-000360,03_baby_kids,03,c9b961eec3f61935,v2,570000,,부가부,폭스3,,,,,
03_baby_kids-demo-000361,03_baby_kids,03,5aea1b6dd6615fb3,v2,1500000,,맘마카트,데일리,,,,,
03_baby_kids-demo-000362,03_baby_kids,03,0817fac1f780f005,v2,250000,,부가부,요요,,,,,
03_baby_kids-demo-000363,03_baby_kids,03,ddcf228705dd4b54,v2,100000,,베베핏,시그니처7,,,,,
03_baby_kids-demo-000364,03_baby_kids,03,8adee1a459aea3da,v2,100000,,로띠에,G3,,,,,
03_baby_kids-demo-000365,03_baby_kids,03,b2b31954b42fa4dc,v2,370000,,오르빗,M,,,,,
03_baby_kids-demo-000366,03_baby_kids,03,b91e534706449a3f,v2,32000,,맥클라렌,퀘스트,,,,,
03_baby_kids-demo-000367,03_baby_kids,03,86a63cbf03cd8606,v2,750000,,부가부,버터플라이2,,,,,
03_baby_kids-demo-000368,03_baby_kids,03,ddcf228705dd4b54,v2,100000,,베베핏,시그니처7,,,,,
03_baby_kids-demo-000369,03_baby_kids,03,44714364ab7079ee,v2,280000,,맥시코시,옥스포드,,,,,
03_baby_kids-demo-000370,03_baby_kids,03,2f2f9ef18481dcb0,v2,50000,,오르빗,G3,,,,,
03_baby_kids-demo-000371,03_baby_kids,03,148007e449c0f690,v2,100000,,해밀턴,X1,,,,,
03_baby_kids-demo-000372,03_baby_kids,03,cd5f46f2d116654e,v2,1300000,,실버크로스,리프2,,,,,
03_baby_kids-demo-000373,03_baby_kids,03,66c17cd02ae46708,v2,20000,,잉글레시나,트릴로지,,,,,
03_baby_kids-demo-000374,03_baby_kids,03,12879ccfab8aad90,v2,32000,,도도야,L,,,,,
03_baby_kids-demo-000375,03_baby_kids,03,31c6514dff15b6e7,v2,120000,,포그내,맥스라이트,,,,,
03_baby_kids-demo-000376,03_baby_kids,03,732d26b2be5097af,v2,50000,,에르고베이비,요요2,,,,,
03_baby_kids-demo-000377,03_baby_kids,03,4f4d01a5479d07c9,v2,120000,,베이비뵨,에어 3D 메쉬,,,,,
03_baby_kids-demo-000378,03_baby_kids,03,4e61e038968ec43e,v2,520000,,잉글레시나,퀴드3,,,,,
03_baby_kids-demo-000379,03_baby_kids,03,61b1ccb091386e9c,v2,90000,,리안,솔로2020,,,,,
03_baby_kids-demo-000380,03_baby_kids,03,2b5adc855ee0def2,v2,19000,,에끌레브,에그2,,,,,
03_baby_kids-demo-000381,03_baby_kids,03,7448528b367e5632,v2,240000,,포브,프리아핏 올인원,,,,,
03_baby_kids-demo-000382,03_baby_kids,03,1bc57ce942e07e92,v2,290000,,스토케,v6,,,,,
03_baby_kids-demo-000383,03_baby_kids,03,2a26c4352e70dae8,v2,28000,,스토케,우븐멜란지,,,,,
03_baby_kids-demo-000384,03_baby_kids,03,b36545f11926624d,v2,10000,,메이앤마이,쿨매쉬 꿀잠슬링,,,,,
03_baby_kids-demo-000385,03_baby_kids,03,a6f0b7a64adab0b6,v2,20000,,아이허그,하모니,,,,,
03_baby_kids-demo-000386,03_baby_kids,03,ce4718c64d9ad2dc,v2,55000,,코니,디럭스,,,,,
03_baby_kids-demo-000387,03_baby_kids,03,10892887e6b70f74,v2,450000,,줄즈,허브플러스,,,,,
03_baby_kids-demo-000388,03_baby_kids,03,b36545f11926624d,v2,10000,,메이앤마이,쿨매쉬 꿀잠슬링,,,,,
03_baby_kids-demo-000389,03_baby_kids,03,ce4718c64d9ad2dc,v2,55000,,코니,SoftBreeze,,,,,
03_baby_kids-demo-000390,03_baby_kids,03,03c4dda9683628df,v2,16859,,코니,프라이핏 에어,,,,,
03_baby_kids-demo-000391,03_baby_kids,03,9c5cf656be814cf4,v2,230000,,아이엔젤,닥터다이얼 폴드에어 올인원,,,,,
03_baby_kids-demo-000392,03_baby_kids,03,732d26b2be5097af,v2,50000,,에르고베이비,솔로2020,,,,,
03_baby_kids-demo-000393,03_baby_kids,03,623df624cfd51c66,v2,176393,,Bugaboo,트레일즈,,,,,
03_baby_kids-demo-000394,03_baby_kids,03,a962d4d6b78832ab,v2,95000,,줄즈,이노다이얼,,,,,
03_baby_kids-demo-000395,03_baby_kids,03,844c8cf66330284f,v2,259000,,리안,솔로,,,,,
03_baby_kids-demo-000396,03_baby_kids,03,2973362f6136d0e7,v2,500000,,리안,알로,,,,,
03_baby_kids-demo-000397,03_baby_kids,03,a2ffeb5b2099fd41,v2,650000,,줄즈,트레일즈,,,,,
03_baby_kids-demo-000398,03_baby_kids,03,608b7722d58bd549,v2,780000,,에그,2,,,,,
03_baby_kids-demo-000399,03_baby_kids,03,54bd6ae6789d9e6e,v2,180000,,씨투엠뉴,에이블 스핀 플러스 트라이크,,,,,
03_baby_kids-demo-000400,03_baby_kids,03,3faf0912d1b9246b,v2,10000,,퀴니,제프 엑스트라2,,,,,
03_baby_kids-demo-000401,03_baby_kids,03,c07700ccdf7f0c44,v2,90000,,릴레베이비,Egg3 디럭스,,,,,
03_baby_kids-demo-000402,03_baby_kids,03,edc0e42357b5e035,v2,40000,,Bugaboo,M,,,,,
03_baby_kids-demo-000403,03_baby_kids,03,2e247b105cb5768d,v2,39000,,페도라,옥스포드,,,,,
03_baby_kids-demo-000404,03_baby_kids,03,1c7f1379f27acfae,v2,13000,,포그내,G3,,,,,
03_baby_kids-demo-000405,03_baby_kids,03,66c17cd02ae46708,v2,20000,,잉글레시나,트릴로지,,,,,
03_baby_kids-demo-000406,03_baby_kids,03,d3584777a9837530,v2,300000,,스냅앤고,폴드에어 올인원,,,,,
03_baby_kids-demo-000407,03_baby_kids,03,623df624cfd51c66,v2,113987,,스토케,트레일즈,,,,,
03_baby_kids-demo-000408,03_baby_kids,03,11bc61df989f18b2,v2,60000,,부가부,맥스라이트,,,,,
03_baby_kids-demo-000409,03_baby_kids,03,fdccf711ac6f6101,v2,376000,,베이비젠,요요2,,,,,
03_baby_kids-demo-000410,03_baby_kids,03,7b1645c4ba63a3db,v2,90000,,베이비뵨,요요3 yoyo3,,,,,
03_baby_kids-demo-000411,03_baby_kids,03,83a6f95bdd28ec11,v2,1100000,,부가부,폭스5,,,,,
03_baby_kids-demo-000412,03_baby_kids,03,c5f0fab00520e2e1,v2,29000,,에르고베이비,옴니 360 쿨에어,,,,,
03_baby_kids-demo-000413,03_baby_kids,03,35fb834e6441b56e,v2,150000,,마이크라라이트,뉴투폴드,,,,,
03_baby_kids-demo-000414,03_baby_kids,03,ddcf228705dd4b54,v2,160000,,베베핏,G3,,,,,
03_baby_kids-demo-000415,03_baby_kids,03,3f35944dd1570d1c,v2,470000,,잉글레시나,일렉타,,,,,
03_baby_kids-demo-000416,03_baby_kids,03,12879ccfab8aad90,v2,32000,,도도야,맥스 올인원,,,,,
03_baby_kids-demo-000417,03_baby_kids,03,85950740c7d4abef,v2,100000,,허그파파,올인원,,,,,
03_baby_kids-demo-000418,03_baby_kids,03,e5cb027a81ede62d,v2,750000,,부가부,버터플라이,,,,,
03_baby_kids-demo-000419,03_baby_kids,03,ddcf228705dd4b54,v2,160000,,베베핏,시그니처7,,,,,
03_baby_kids-demo-000420,03_baby_kids,03,91b3b850ead728d4,v2,25000,,코니,오리지널,,,,,
03_baby_kids-demo-000421,03_baby_kids,03,ce4ecdc14ba643ef,v2,40000,,에끌레브,펄스 올인원,,,,,
03_baby_kids-demo-000422,03_baby_kids,03,50e5b0bb05f2a7b8,v2,120000,,아이엔젤,폴드에어,,,,,
03_baby_kids-demo-000423,03_baby_kids,03,53e08736529050b6,v2,1300000,,실버크로스,리프2 디럭스,,,,,
03_baby_kids-demo-000424,03_baby_kids,03,2bb319045b85e57b,v2,270000,,미마지기,3g,,,,,
03_baby_kids-demo-000425,03_baby_kids,03,1bc57ce942e07e92,v2,260000,,스토케,v6,,,,,
03_baby_kids-demo-000426,03_baby_kids,03,9490bc2a6758adb8,v2,150000,,베이비뵨,캐리어 무브 에어리 매쉬,,,,,
03_baby_kids-demo-000427,03_baby_kids,03,63d8a01ba69b2eb3,v2,65000,,포브,360,,,,,
03_baby_kids-demo-000428,03_baby_kids,03,f8557fc62b42e4b5,v2,160000,,아이엔젤,올인원 플러스,,,,,
03_baby_kids-demo-000429,03_baby_kids,03,7bf6d020444c46b2,v2,190000,,베베스완,V5 엘레강스,,,,,
03_baby_kids-demo-000430,03_baby_kids,03,fb2539b5df7172e0,v2,180000,,윰 Yoom,시그니처 디럭스,,,,,
03_baby_kids-demo-000431,03_baby_kids,03,49ebdb53be9c0bfd,v2,10000,,아이스토리,오가닉 아기띠,,,,,
03_baby_kids-demo-000432,03_baby_kids,03,a6f0b7a64adab0b6,v2,20000,,아이허그,히든360,,,,,
03_baby_kids-demo-000433,03_baby_kids,03,2bb319045b85e57b,v2,270000,,미마지기,3g,,,,,
03_baby_kids-demo-000434,03_baby_kids,03,148007e449c0f690,v2,100000,,해밀턴,X1,,,,,
03_baby_kids-demo-000435,03_baby_kids,03,68c72943cea2fbcc,v2,460000,,실버크로스,클릭2.0,,,,,
03_baby_kids-demo-000436,03_baby_kids,03,c49e51035c8d9648,v2,450000,,실버크로스,듄,,,,,
03_baby_kids-demo-000437,03_baby_kids,03,9490bc2a6758adb8,v2,150000,,베이비뵨,캐리어 무브 에어리 매쉬,,,,,
03_baby_kids-demo-000438,03_baby_kids,03,e5cb027a81ede62d,v2,750000,,부가부,버터플라이,,,,,
03_baby_kids-demo-000439,03_baby_kids,03,ba3fd402c2c0e1b5,v2,28000,,타이니모빌,코야,,,,,
03_baby_kids-demo-000440,03_baby_kids,03,c08dc28cb48fe2e7,v2,190000,,스토케,맥스 올인원,,,,,
03_baby_kids-demo-000441,03_baby_kids,03,732d26b2be5097af,v2,50000,,에르고베이비,프리아핏 올인원,,,,,
03_baby_kids-demo-000442,03_baby_kids,03,1ff7cd4dadc263af,v2,50000,,줄즈,퀴드2,,,,,
03_baby_kids-demo-000443,03_baby_kids,03,71dcfd6a836afbd0,v2,480000,,실버크로스,폭스5,,,,,
03_baby_kids-demo-000444,03_baby_kids,03,a72020a5b554c4de,v2,20000,,코니,M,,,,,
03_baby_kids-demo-000445,03_baby_kids,03,546a09f5367633b8,v2,240000,,베이비뵨,폭스5,,,,,
03_baby_kids-demo-000446,03_baby_kids,03,67a916d29c8b73f8,v2,360000,,베베스완,듀엣프로 듀오,,,,,
03_baby_kids-demo-000447,03_baby_kids,03,a488417eebcf283c,v2,10000,,에르고,요요2,,,,,
03_baby_kids-demo-000448,03_baby_kids,03,03c4dda9683628df,v2,18181,,코니,닥터다이얼 올인원,,,,,
03_baby_kids-demo-000449,03_baby_kids,03,ef553d9f25a28a8a,v2,26000,,까꿍,플렉스탭,,,,,
03_baby_kids-demo-000450,03_baby_kids,03,a2626d74a2d907c3,v2,250000,,포그내,맥스 플로우,,,,,
03_baby_kids-demo-000451,03_baby_kids,03,ddcf228705dd4b54,v2,160000,,베베핏,시그니처7,,,,,
03_baby_kids-demo-000452,03_baby_kids,03,457db1a3ce23b9d0,v2,300000,,두나,클릭2.0,,,,,
03_baby_kids-demo-000453,03_baby_kids,03,3f35944dd1570d1c,v2,450000,,잉글레시나,일렉타,,,,,
03_baby_kids-demo-000454,03_baby_kids,03,669d4b9f5296b135,v2,200000,,포브,프리아핏에어,,,,,
03_baby_kids-demo-000455,03_baby_kids,03,4b34c1fec298704c,v2,260000,,타보,레노,,,,,
03_baby_kids-demo-000456,03_baby_kids,03,18ebfc0b504b9f25,v2,200000,,잉글레시나,퀴드2,,,,,
03_baby_kids-demo-000457,03_baby_kids,03,68c72943cea2fbcc,v2,460000,,실버크로스,클릭2.0,,,,,
03_baby_kids-demo-000458,03_baby_kids,03,53caf87cb8281c8b,v2,500000,,베이비스타일,허브플러스,,,,,
03_baby_kids-demo-000459,03_baby_kids,03,3f35944dd1570d1c,v2,470000,,잉글레시나,일렉타,,,,,
03_baby_kids-demo-000460,03_baby_kids,03,91b3b850ead728d4,v2,25000,,메이앤마이,오리지널,,,,,
03_baby_kids-demo-000461,03_baby_kids,03,35fb834e6441b56e,v2,150000,,마이크라라이트,뉴투폴드,,,,,
03_baby_kids-demo-000462,03_baby_kids,03,5862760e4457c30a,v2,100000,,gb,올시티,,,,,
03_baby_kids-demo-000463,03_baby_kids,03,fb2539b5df7172e0,v2,180000,,윰 Yoom,시그니처 디럭스,,,,,
03_baby_kids-demo-000464,03_baby_kids,03,ce4718c64d9ad2dc,v2,55000,,코니,SoftBreeze,,,,,
03_baby_kids-demo-000465,03_baby_kids,03,cd5f46f2d116654e,v2,1300000,,실버크로스,리프2,,,,,
03_baby_kids-demo-000466,03_baby_kids,03,732d26b2be5097af,v2,50000,,에르고베이비,듀엣프로 듀오,,,,,
03_baby_kids-demo-000467,03_baby_kids,03,90b5899668094dae,v2,220000,,베베스완,프리아핏 올인원,,,,,
03_baby_kids-demo-000468,03_baby_kids,03,149cdb3067f1963e,v2,630000,,포그내,요요3,,,,,
03_baby_kids-demo-000469,03_baby_kids,03,0bee123ece50c929,v2,130000,,미마자리,디럭스,,,,,
03_baby_kids-demo-000470,03_baby_kids,03,d6270518ad962ca9,v2,38000,,왈라부,맥스 올인원,,,,,
03_baby_kids-demo-000471,03_baby_kids,03,a2626d74a2d907c3,v2,250000,,포그내,맥스 플로우,,,,,
03_baby_kids-demo-000472,03_baby_kids,03,c08dc28cb48fe2e7,v2,190000,,포그내,맥스 올인원,,,,,
03_baby_kids-demo-000473,03_baby_kids,03,b36545f11926624d,v2,10000,,메이앤마이,쿨매쉬 꿀잠슬링,,,,,
03_baby_kids-demo-000474,03_baby_kids,03,a1586cec3c7e9032,v2,270000,,부가부,B5,,,,,
03_baby_kids-demo-000475,03_baby_kids,03,0817fac1f780f005,v2,250000,,베이비젠,폭스2,,,,,
03_baby_kids-demo-000476,03_baby_kids,03,7bf6d020444c46b2,v2,190000,,코니플렉스,V5 엘레강스,,,,,
03_baby_kids-demo-000477,03_baby_kids,03,2bb319045b85e57b,v2,270000,,미마지기,3g,,,,,
03_baby_kids-demo-000478,03_baby_kids,03,1c7f1379f27acfae,v2,150000,,포그내,비6,,,,,
03_baby_kids-demo-000479,03_baby_kids,03,cd5f46f2d116654e,v2,1300000,,실버크로스,리프2,,,,,
03_baby_kids-demo-000480,03_baby_kids,03,03c4dda9683628df,v2,14714,,코니,퀘스트,,,,,
03_baby_kids-demo-000481,03_baby_kids,03,c08dc28cb48fe2e7,v2,190000,,포그내,캐리어 무브 에어리 매쉬,,,,,
03_baby_kids-demo-000482,03_baby_kids,03,aae77c6399a617cd,v2,90000,,Ryan,캐리 듀얼,,,,,
03_baby_kids-demo-000483,03_baby_kids,03,2f2f9ef18481dcb0,v2,50000,,포브,G3,,,,,
03_baby_kids-demo-000484,03_baby_kids,03,10892887e6b70f74,v2,450000,,포그내,허브플러스,,,,,
03_baby_kids-demo-000485,03_baby_kids,03,66c17cd02ae46708,v2,20000,,리안,트릴로지,,,,,
03_baby_kids-demo-000486,03_baby_kids,03,6c66a9c1365bc066,v2,300000,,부가부,비6,,,,,
03_baby_kids-demo-000487,03_baby_kids,03,623df624cfd51c66,v2,63000,,스토케,트레일즈,,,,,
03_baby_kids-demo-000488,03_baby_kids,03,b678aac022f47007,v2,150000,,베이비뵨,L5,,,,,
03_baby_kids-demo-000489,03_baby_kids,03,0817fac1f780f005,v2,100000,,베이비젠,요요,,,,,
03_baby_kids-demo-000490,03_baby_kids,03,39dc5d5b5c93c930,v2,200000,,베이비조거,시티투어2 쌍둥이 유모차,,,,,
03_baby_kids-demo-000491,03_baby_kids,03,35fb834e6441b56e,v2,150000,,마이크라라이트,뉴투폴드,,,,,
03_baby_kids-demo-000492,03_baby_kids,03,669d4b9f5296b135,v2,200000,,포브,프리아핏에어,,,,,
03_baby_kids-demo-000493,03_baby_kids,03,028acffcf6ebd501,v2,240000,,스토케,하모니 실버,,,,,
03_baby_kids-demo-000494,03_baby_kids,03,8adee1a459aea3da,v2,100000,,로띠에,폴드에어 올인원,,,,,
03_baby_kids-demo-000495,03_baby_kids,03,c49e51035c8d9648,v2,450000,,실버크로스,듄,,,,,
03_baby_kids-demo-000496,03_baby_kids,03,2a26c4352e70dae8,v2,28000,,베이비뵨,리프2 디럭스,,,,,
03_baby_kids-demo-000497,03_baby_kids,03,cd5f46f2d116654e,v2,1300000,,실버크로스,리프2,,,,,
03_baby_kids-demo-000498,03_baby_kids,03,ce4718c64d9ad2dc,v2,55000,,코니,SoftBreeze,,,,,
03_baby_kids-demo-000499,03_baby_kids,03,2e247b105cb5768d,v2,39000,,페도라,솔로 LX,,,,,
03_baby_kids-demo-000500,03_baby_kids,03,a1586cec3c7e9032,v2,270000,,부가부,B5,,,,,
03_baby_kids-demo-000501,03_baby_kids,03,4e61e038968ec43e,v2,520000,,잉글레시나,퀴드3,,,,,
03_baby_kids-demo-000502,03_baby_kids,03,fbc99e746c22f993,v2,10000,,포그내,넘버5,,,,,
03_baby_kids-demo-000503,03_baby_kids,03,2e247b105cb5768d,v2,35000,,페도라,맥스 올인원,,,,,
03_baby_kids-demo-000504,03_baby_kids,03,03c4dda9683628df,v2,18144,,코니,하모니 실버,,,,,
03_baby_kids-demo-000505,03_baby_kids,03,11bc61df989f18b2,v2,60000,,백효정,프리아핏 올인원,,,,,
03_baby_kids-demo-000506,03_baby_kids,03,64312a2b256a615f,v2,290000,,포그내,맥스플로우 올인원,,,,,
03_baby_kids-demo-000507,03_baby_kids,03,e07fffc388f04801,v2,120000,,아이엔젤,폴드에어 올인원,,,,,
03_baby_kids-demo-000508,03_baby_kids,03,f2805ff19f7345ad,v2,120000,,아이엔젤,닥터다이얼 올인원,,,,,
03_baby_kids-demo-000509,03_baby_kids,03,d996759875e2cc40,v2,1350000,,에그,에그3 egg3 디럭스,,,,,
03_baby_kids-demo-000510,03_baby_kids,03,12879ccfab8aad90,v2,32000,,도도야,아거스 오트 리넨,,,,,
03_baby_kids-demo-000511,03_baby_kids,03,148007e449c0f690,v2,100000,,해밀턴,X1,,,,,
03_baby_kids-demo-000512,03_baby_kids,03,4e61e038968ec43e,v2,520000,,잉글레시나,퀴드3,,,,,
03_baby_kids-demo-000513,03_baby_kids,03,c49e51035c8d9648,v2,450000,,실버크로스,듄,,,,,
03_baby_kids-demo-000514,03_baby_kids,03,2973362f6136d0e7,v2,500000,,리안,알로,,,,,
03_baby_kids-demo-000515,03_baby_kids,03,64312a2b256a615f,v2,295000,,포그내,맥스플로우 올인원,,,,,
03_baby_kids-demo-000516,03_baby_kids,03,86a63cbf03cd8606,v2,750000,,부가부,버터플라이2,,,,,
03_baby_kids-demo-000517,03_baby_kids,03,542327ba66394d51,v2,99000,,에르고베이비,알타,,,,,
03_baby_kids-demo-000518,03_baby_kids,03,6c66a9c1365bc066,v2,340000,,부가부,비6,,,,,
03_baby_kids-demo-000519,03_baby_kids,03,d6270518ad962ca9,v2,38000,,왈라부,요요3,,,,,
03_baby_kids-demo-000520,03_baby_kids,03,a488417eebcf283c,v2,10000,,에르고,넘버5,,,,,
03_baby_kids-demo-000521,03_baby_kids,03,ac9781ccd2b49315,v2,70000,,베이비뵨,3D 메쉬,,,,,
03_baby_kids-demo-000522,03_baby_kids,03,96e2953342225957,v2,400000,,씨투엠뉴,에이블 코지샤인,,,,,
03_baby_kids-demo-000523,03_baby_kids,03,1bc57ce942e07e92,v2,290000,,스토케,프라이핏 에어,,,,,
03_baby_kids-demo-000524,03_baby_kids,03,3f392fbbc1e9d284,v2,11000,,토드비,히든360,,,,,
03_baby_kids-demo-000525,03_baby_kids,03,3faf0912d1b9246b,v2,10000,,퀴니,제프 엑스트라2,,,,,
03_baby_kids-demo-000526,03_baby_kids,03,31c6514dff15b6e7,v2,120000,,포그내,맥스라이트,,,,,
03_baby_kids-demo-000527,03_baby_kids,03,3732fd242851b438,v2,470000,,싸이벡스,올인원 에어 힙시트,,,,,
03_baby_kids-demo-000528,03_baby_kids,03,669d4b9f5296b135,v2,200000,,포브,프리아핏에어,,,,,
03_baby_kids-demo-000529,03_baby_kids,03,85950740c7d4abef,v2,100000,,허그파파,올인원,,,,,
03_baby_kids-demo-000530,03_baby_kids,03,ecef01d56f5dc3c6,v2,950000,,오르빗,G5,,,,,
03_baby_kids-demo-000531,03_baby_kids,03,50e5b0bb05f2a7b8,v2,120000,,아이엔젤,폴드에어,,,,,
03_baby_kids-demo-000532,03_baby_kids,03,b678aac022f47007,v2,100000,,베이비뵨,하모니,,,,,
03_baby_kids-demo-000533,03_baby_kids,03,edc0e42357b5e035,v2,40000,,Bugaboo,맥스플로우 올인원,,,,,
03_baby_kids-demo-000534,03_baby_kids,03,623df624cfd51c66,v2,66818,,스토케,트레일즈,,,,,
03_baby_kids-demo-000535,03_baby_kids,03,e07fffc388f04801,v2,120000,,아이엔젤,폴드에어 올인원,,,,,
03_baby_kids-demo-000536,03_baby_kids,03,b91e534706449a3f,v2,32000,,맥클라렌,퀘스트,,,,,
03_baby_kids-demo-000537,03_baby_kids,03,0817fac1f780f005,v2,100000,,베이비젠,요요,,,,,
03_baby_kids-demo-000538,03_baby_kids,03,a2ffeb5b2099fd41,v2,650000,,줄즈,지오 3,,,,,
03_baby_kids-demo-000539,03_baby_kids,03,374651c6ef602101,v2,1350000,,Egg,Egg3 디럭스,,,,,
03_baby_kids-demo-000540,03_baby_kids,03,2f2f9ef18481dcb0,v2,50000,,오르빗,g3,,,,,
03_baby_kids-demo-000541,03_baby_kids,03,6bd00e050104727f,v2,250000,,Egg,Z,,,,,
03_baby_kids-demo-000542,03_baby_kids,03,c9b961eec3f61935,v2,570000,,부가부,폭스3,,,,,
03_baby_kids-demo-000543,03_baby_kids,03,2f2f9ef18481dcb0,v2,50000,,오르빗,g3,,,,,
03_baby_kids-demo-000544,03_baby_kids,03,2c1a0c1d15fdc833,v2,100000,,리안,솔로 LX,,,,,
03_baby_kids-demo-000545,03_baby_kids,03,a2ffeb5b2099fd41,v2,650000,,줄즈,지오 3,,,,,
03_baby_kids-demo-000546,03_baby_kids,03,844c8cf66330284f,v2,259000,,리안,시티투어2 쌍둥이 유모차,,,,,
03_baby_kids-demo-000547,03_baby_kids,03,68c72943cea2fbcc,v2,460000,,실버크로스,클릭2.0,,,,,
03_baby_kids-demo-000548,03_baby_kids,03,e5cb027a81ede62d,v2,750000,,부가부,버터플라이,,,,,
03_baby_kids-demo-000549,03_baby_kids,03,148007e449c0f690,v2,100000,,joolz,X1,,,,,
03_baby_kids-demo-000550,03_baby_kids,03,2a26c4352e70dae8,v2,110000,,잉글레시나,솔로 LX,,,,,
03_baby_kids-demo-000551,03_baby_kids,03,ba2f6485bd502525,v2,500000,,스토케,V5,,,,,
03_baby_kids-demo-000552,03_baby_kids,03,52f1bb716b34a870,v2,500000,,스토케,SoftBreeze,,,,,
03_baby_kids-demo-000553,03_baby_kids,03,a962d4d6b78832ab,v2,95000,,아이엔젤,이노다이얼,,,,,
03_baby_kids-demo-000554,03_baby_kids,03,ddcf228705dd4b54,v2,100000,,베베핏,시그니처7,,,,,
03_baby_kids-demo-000555,03_baby_kids,03,d73b206a06690030,v2,60000,,소르베베,알파 오브 스텔라,,,,,
03_baby_kids-demo-000556,03_baby_kids,03,53e08736529050b6,v2,1300000,,실버크로스,리프2 디럭스,,,,,
03_baby_kids-demo-000557,03_baby_kids,03,61b1ccb091386e9c,v2,90000,,리안,솔로2020,,,,,
03_baby_kids-demo-000558,03_baby_kids,03,cf3fb02c67ed4488,v2,15000,,베베핏,L,,,,,
03_baby_kids-demo-000559,03_baby_kids,03,d6270518ad962ca9,v2,38000,,왈라부,시그니처 디럭스,,,,,
03_baby_kids-demo-000560,03_baby_kids,03,e5cb027a81ede62d,v2,850000,,부가부,버터플라이,,,,,
03_baby_kids-demo-000561,03_baby_kids,03,9f743153c311c45e,v2,200000,,허그파파,다이얼핏 Pro,,,,,
03_baby_kids-demo-000562,03_baby_kids,03,66c17cd02ae46708,v2,20000,,잉글레시나,비6,,,,,
03_baby_kids-demo-000563,03_baby_kids,03,3faf0912d1b9246b,v2,10000,,퀴니,제프 엑스트라2,,,,,
03_baby_kids-demo-000564,03_baby_kids,03,3f35944dd1570d1c,v2,450000,,잉글레시나,일렉타,,,,,
03_baby_kids-demo-000565,03_baby_kids,03,5862760e4457c30a,v2,100000,,gb,올시티,,,,,
03_baby_kids-demo-000566,03_baby_kids,03,f8557fc62b42e4b5,v2,160000,,아이엔젤,올인원 플러스,,,,,
03_baby_kids-demo-000567,03_baby_kids,03,ecef01d56f5dc3c6,v2,1100000,,오르빗,G5,,,,,
03_baby_kids-demo-000568,03_baby_kids,03,03c4dda9683628df,v2,17328,,코니,v6,,,,,
03_baby_kids-demo-000569,03_baby_kids,03,2f2f9ef18481dcb0,v2,50000,,오르빗,g3,,,,,
03_baby_kids-demo-000570,03_baby_kids,03,e07fffc388f04801,v2,120000,,아이엔젤,폴드에어 올인원,,,,,
03_baby_kids-demo-000571,03_baby_kids,03,e5cb027a81ede62d,v2,750000,,부가부,버터플라이,,,,,
03_baby_kids-demo-000572,03_baby_kids,03,c07700ccdf7f0c44,v2,90000,,릴레베이비,옴니브리즈,,,,,
03_baby_kids-demo-000573,03_baby_kids,03,03c4dda9683628df,v2,19119,,코니,오이스터3 큐터스 디럭스,,,,,
03_baby_kids-demo-000574,03_baby_kids,03,ecef01d56f5dc3c6,v2,80000,,오르빗,G5,,,,,
03_baby_kids-demo-000575,03_baby_kids,03,09de32c99d3870c2,v2,150000,,페도라,L5,,,,,
03_baby_kids-demo-000576,03_baby_kids,03,9c5cf656be814cf4,v2,230000,,아이엔젤,닥터다이얼 폴드에어 올인원,,,,,
03_baby_kids-demo-000577,03_baby_kids,03,63d8a01ba69b2eb3,v2,65000,,에르고,360,,,,,
03_baby_kids-demo-000578,03_baby_kids,03,31c6514dff15b6e7,v2,120000,,포그내,맥스라이트,,,,,
03_baby_kids-demo-000579,03_baby_kids,03,a2ffeb5b2099fd41,v2,650000,,줄즈,지오 3,,,,,
03_baby_kids-demo-000580,03_baby_kids,03,844c8cf66330284f,v2,259000,,리안,솔로,,,,,
03_baby_kids-demo-000581,03_baby_kids,03,2973362f6136d0e7,v2,500000,,리안,플러스,,,,,
03_baby_kids-demo-000582,03_baby_kids,03,8adee1a459aea3da,v2,100000,,로띠에,버터플라이,,,,,
03_baby_kids-demo-000583,03_baby_kids,03,163fef1b830fa1dc,v2,920000,,부가부,드래곤플라이,,,,,
03_baby_kids-demo-000584,03_baby_kids,03,d2865dd99d82b611,v2,87000,,에르고베이비,옴니브리즈,,,,,
03_baby_kids-demo-000585,03_baby_kids,03,e07fffc388f04801,v2,120000,,아이엔젤,폴드에어 올인원,,,,,
03_baby_kids-demo-000586,03_baby_kids,03,83a6f95bdd28ec11,v2,1300000,,부가부,폭스5,,,,,
03_baby_kids-demo-000587,03_baby_kids,03,808798e323d612f1,v2,500000,,님블,퀴드2,,,,,
03_baby_kids-demo-000588,03_baby_kids,03,2b5adc855ee0def2,v2,19000,,에끌레브,알파 오브 스텔라,,,,,
03_baby_kids-demo-000589,03_baby_kids,03,d6270518ad962ca9,v2,38000,,왈라부,폭스3,,,,,
03_baby_kids-demo-000590,03_baby_kids,03,6c66a9c1365bc066,v2,300000,,에르고베이비,퀴드3,,,,,
03_baby_kids-demo-000591,03_baby_kids,03,f8557fc62b42e4b5,v2,160000,,아이엔젤,올인원 플러스,,,,,
03_baby_kids-demo-000592,03_baby_kids,03,98ca7082ac4bdd95,v2,1050000,,에그,에그2,,,,,
03_baby_kids-demo-000593,03_baby_kids,03,2e247b105cb5768d,v2,35000,,페도라,히든360,,,,,
03_baby_kids-demo-000594,03_baby_kids,03,85950740c7d4abef,v2,100000,,허그파파,올인원,,,,,
03_baby_kids-demo-000595,03_baby_kids,03,808798e323d612f1,v2,500000,,님블,트레일즈,,,,,
03_baby_kids-demo-000596,03_baby_kids,03,03c4dda9683628df,v2,16311,,코니,트레일즈,,,,,
03_baby_kids-demo-000597,03_baby_kids,03,e5cb027a81ede62d,v2,750000,,부가부,버터플라이,,,,,
03_baby_kids-demo-000598,03_baby_kids,03,09de32c99d3870c2,v2,150000,,페도라,L5,,,,,
03_baby_kids-demo-000599,03_baby_kids,03,fdccf711ac6f6101,v2,376000,,베이비젠,요요2,,,,,
03_baby_kids-demo-000600,03_baby_kids,03,1ff7cd4dadc263af,v2,50000,,줄즈,디럭스,,,,,
03_baby_kids-demo-000601,03_baby_kids,03,2c1a0c1d15fdc833,v2,100000,,리안,솔로 LX,,,,,
03_baby_kids-demo-000602,03_baby_kids,03,91b3b850ead728d4,v2,25000,,코니,오리지널,,,,,
03_baby_kids-demo-000603,03_baby_kids,03,e07fffc388f04801,v2,120000,,아이엔젤,폴드에어 올인원,,,,,
03_baby_kids-demo-000604,03_baby_kids,03,03c4dda9683628df,v2,23859,,코니,g3,,,,,
03_baby_kids-demo-000605,03_baby_kids,03,0f342264101d6ee2,v2,1200000,,부가부,동키5,,,,,
03_baby_kids-demo-000606,03_baby_kids,03,4e61e038968ec43e,v2,520000,,잉글레시나,퀴드3,,,,,
03_baby_kids-demo-000607,03_baby_kids,03,0817fac1f780f005,v2,100000,,베이비젠,요요,,,,,
03_baby_kids-demo-000608,03_baby_kids,03,aae77c6399a617cd,v2,90000,,Ryan,캐리 듀얼,,,,,
03_baby_kids-demo-000609,03_baby_kids,03,61b1ccb091386e9c,v2,90000,,리안,솔로2020,,,,,
03_baby_kids-demo-000610,03_baby_kids,03,148007e449c0f690,v2,100000,,해밀턴,요요,,,,,
03_baby_kids-demo-000611,03_baby_kids,03,2b5adc855ee0def2,v2,15000,,에끌레브,디럭스,,,,,
03_baby_kids-demo-000612,03_baby_kids,03,49ebdb53be9c0bfd,v2,10000,,아이스토리,하모니,,,,,
03_baby_kids-demo-000613,03_baby_kids,03,763651c475915ed5,v2,1200000,,egg,egg3,,,,,
03_baby_kids-demo-000614,03_baby_kids,03,5f55bb55452151ee,v2,240000,,베이비조거,시티투어2,,,,,
03_baby_kids-demo-000615,03_baby_kids,03,81e98818d0ba1c4c,v2,20000,,웰본,V5 엘레강스,,,,,
03_baby_kids-demo-000616,03_baby_kids,03,a72020a5b554c4de,v2,20000,,코니,M,,,,,
03_baby_kids-demo-000617,03_baby_kids,03,3732fd242851b438,v2,470000,,싸이벡스,코야,,,,,
03_baby_kids-demo-000618,03_baby_kids,03,623df624cfd51c66,v2,273507,,스토케,버터플라이2,,,,,
03_baby_kids-demo-000619,03_baby_kids,03,64312a2b256a615f,v2,290000,,포그내,맥스플로우 올인원,,,,,
03_baby_kids-demo-000620,03_baby_kids,03,ddcf228705dd4b54,v2,160000,,베베핏,시그니처7,,,,,
03_baby_kids-demo-000621,03_baby_kids,03,53a8e3de3e141914,v2,450000,,오르빗,G5 디럭스,,,,,
03_baby_kids-demo-000622,03_baby_kids,03,2b5adc855ee0def2,v2,15000,,에끌레브,g3,,,,,
03_baby_kids-demo-000623,03_baby_kids,03,91b3b850ead728d4,v2,25000,,킨즈,오리지널,,,,,
03_baby_kids-demo-000624,03_baby_kids,03,652f044b5ba16a81,v2,39000,,코니,듀얼 서포트 힙시트,,,,,
03_baby_kids-demo-000625,03_baby_kids,03,9490bc2a6758adb8,v2,150000,,부가부,캐리어 무브 에어리 매쉬,,,,,
03_baby_kids-demo-000626,03_baby_kids,03,7d5ad67657a1ca34,v2,15000,,포브,솔로2020,,,,,
03_baby_kids-demo-000627,03_baby_kids,03,a638a224d94ad39c,v2,50000,,끌라미엘,원터치 캐리어 3D매쉬,,,,,
03_baby_kids-demo-000628,03_baby_kids,03,736608cff2ffede4,v2,800000,,joolz,트레일즈,,,,,
03_baby_kids-demo-000629,03_baby_kids,03,c9b961eec3f61935,v2,570000,,부가부,폭스3,,,,,
03_baby_kids-demo-000630,03_baby_kids,03,163fef1b830fa1dc,v2,920000,,부가부,드래곤플라이,,,,,
03_baby_kids-demo-000631,03_baby_kids,03,86a63cbf03cd8606,v2,750000,,부가부,버터플라이2,,,,,
03_baby_kids-demo-000632,03_baby_kids,03,86a63cbf03cd8606,v2,750000,,부가부,버터플라이2,,,,,
03_baby_kids-demo-000633,03_baby_kids,03,52f1bb716b34a870,v2,500000,,스토케,익스플로리X,,,,,
03_baby_kids-demo-000634,03_baby_kids,03,4f4d01a5479d07c9,v2,120000,,맘마카트,에어 3D 메쉬,,,,,
03_baby_kids-demo-000635,03_baby_kids,03,68c72943cea2fbcc,v2,460000,,실버크로스,클릭2.0,,,,,
03_baby_kids-demo-000636,03_baby_kids,03,d73b206a06690030,v2,60000,,소르베베,알파 오브 스텔라,,,,,
03_baby_kids-demo-000637,03_baby_kids,03,c07700ccdf7f0c44,v2,50000,,에이블,버터플라이,,,,,
03_baby_kids-demo-000638,03_baby_kids,03,aae77c6399a617cd,v2,90000,,Ryan,캐리 듀얼,,,,,
03_baby_kids-demo-000639,03_baby_kids,03,4e61e038968ec43e,v2,520000,,잉글레시나,퀴드3,,,,,
03_baby_kids-demo-000640,03_baby_kids,03,98ca7082ac4bdd95,v2,698000,,에그,에그2,,,,,
03_baby_kids-demo-000641,03_baby_kids,03,623df624cfd51c66,v2,63000,,스토케,트레일즈,,,,,
03_baby_kids-demo-000642,03_baby_kids,03,03c4dda9683628df,v2,18880,,코니,하모니 3D 메쉬,,,,,
03_baby_kids-demo-000643,03_baby_kids,03,35fb834e6441b56e,v2,150000,,마이크라라이트,뉴투폴드,,,,,
03_baby_kids-demo-000644,03_baby_kids,03,98ca7082ac4bdd95,v2,1050000,,에그,옥스포드,,,,,
03_baby_kids-demo-000645,03_baby_kids,03,ddcf228705dd4b54,v2,100000,,베베스완,시그니처7,,,,,
03_baby_kids-demo-000646,03_baby_kids,03,f2805ff19f7345ad,v2,120000,,아이엔젤,닥터다이얼 올인원,,,,,
03_baby_kids-demo-000647,03_baby_kids,03,85950740c7d4abef,v2,100000,,허그파파,올인원,,,,,
03_baby_kids-demo-000648,03_baby_kids,03,53caf87cb8281c8b,v2,500000,,베이비스타일,사이러스2,,,,,
03_baby_kids-demo-000649,03_baby_kids,03,0817fac1f780f005,v2,100000,,베이비젠,요요,,,,,
03_baby_kids-demo-000650,03_baby_kids,03,501920499771df7e,v2,45000,,mg,맥스플로우 올인원,,,,,
03_baby_kids-demo-000651,03_baby_kids,03,669d4b9f5296b135,v2,200000,,포브,프리아핏에어,,,,,
03_baby_kids-demo-000652,03_baby_kids,03,652f044b5ba16a81,v2,39000,,코니,듀얼 서포트 힙시트,,,,,
03_baby_kids-demo-000653,03_baby_kids,03,c9b961eec3f61935,v2,570000,,부가부,폭스3,,,,,
03_baby_kids-demo-000654,03_baby_kids,03,edc0e42357b5e035,v2,40000,,Bugaboo,리프2 디럭스,,,,,
03_baby_kids-demo-000655,03_baby_kids,03,5c8afa29154ee4d0,v2,110000,,베이비뵨,무브,,,,,
03_baby_kids-demo-000656,03_baby_kids,03,63d8a01ba69b2eb3,v2,65000,,에르고,360,,,,,
03_baby_kids-demo-000657,03_baby_kids,03,ad47fb551782acad,v2,480000,,아티포페,자이가이스트 트위드 W,,,,,
03_baby_kids-demo-000658,03_baby_kids,03,03c4dda9683628df,v2,17140,,코니,클릭2.0,,,,,
03_baby_kids-demo-000659,03_baby_kids,03,3e9b9c67e45c04ec,v2,350000,,아티포페,뉴투폴드,,,,,
03_baby_kids-demo-000660,03_baby_kids,03,501920499771df7e,v2,45000,,mg,코야,,,,,
03_baby_kids-demo-000661,03_baby_kids,03,c07700ccdf7f0c44,v2,50000,,릴레베이비,듀얼 서포트 힙시트,,,,,
03_baby_kids-demo-000662,03_baby_kids,03,53e08736529050b6,v2,1300000,,실버크로스,리프2 디럭스,,,,,
03_baby_kids-demo-000663,03_baby_kids,03,d63b045e5f664533,v2,240000,,아이엔젤,닥터다이얼 폴드에어,,,,,
03_baby_kids-demo-000664,03_baby_kids,03,0f342264101d6ee2,v2,1200000,,부가부,동키5,,,,,
03_baby_kids-demo-000665,03_baby_kids,03,83f735b008a92fab,v2,35000,,포그내,플러스,,,,,
03_baby_kids-demo-000666,03_baby_kids,03,0b209763b706a5fd,v2,240000,,코니플렉스,핏2,,,,,
03_baby_kids-demo-000667,03_baby_kids,03,50e5b0bb05f2a7b8,v2,120000,,아이엔젤,폴드에어,,,,,
03_baby_kids-demo-000668,03_baby_kids,03,1bc57ce942e07e92,v2,260000,,스토케,v6,,,,,
03_baby_kids-demo-000669,03_baby_kids,03,03c4dda9683628df,v2,16241,,코니,옴니브리즈,,,,,
03_baby_kids-demo-000670,03_baby_kids,03,96e2953342225957,v2,400000,,씨투엠뉴,에이블 코지샤인,,,,,
03_baby_kids-demo-000671,03_baby_kids,03,e07fffc388f04801,v2,120000,,아이엔젤,폴드에어 올인원,,,,,
03_baby_kids-demo-000672,03_baby_kids,03,49ebdb53be9c0bfd,v2,10000,,부가부,G5,,,,,
03_baby_kids-demo-000673,03_baby_kids,03,ecef01d56f5dc3c6,v2,950000,,오르빗,G5,,,,,
03_baby_kids-demo-000674,03_baby_kids,03,a488417eebcf283c,v2,10000,,에르고,미오스 2.0,,,,,
03_baby_kids-demo-000675,03_baby_kids,03,5f55bb55452151ee,v2,240000,,베이비조거,시티투어2,,,,,
03_baby_kids-demo-000676,03_baby_kids,03,148007e449c0f690,v2,100000,,해밀턴,X1,,,,,
03_baby_kids-demo-000677,03_baby_kids,03,91b3b850ead728d4,v2,25000,,코니,오리지널,,,,,
03_baby_kids-demo-000678,03_baby_kids,03,9f743153c311c45e,v2,200000,,허그파파,맥스 올인원,,,,,
03_baby_kids-demo-000679,03_baby_kids,03,374651c6ef602101,v2,1350000,,Egg,레노,,,,,
03_baby_kids-demo-000680,03_baby_kids,03,44714364ab7079ee,v2,280000,,맥시코시,옥스포드,,,,,
03_baby_kids-demo-000681,03_baby_kids,03,b36545f11926624d,v2,10000,,메이앤마이,쿨매쉬 꿀잠슬링,,,,,
03_baby_kids-demo-000682,03_baby_kids,03,7d5ad67657a1ca34,v2,15000,,포브,Egg3 디럭스,,,,,
03_baby_kids-demo-000683,03_baby_kids,03,4460585d969955ae,v2,1550000,,부가부,동키5 듀오,,,,,
03_baby_kids-demo-000684,03_baby_kids,03,fbc99e746c22f993,v2,10000,,포그내,닥터다이얼 폴드에어 올인원,,,,,
03_baby_kids-demo-000685,03_baby_kids,03,732d26b2be5097af,v2,25000,,에르고베이비,2,,,,,
03_baby_kids-demo-000686,03_baby_kids,03,2a26c4352e70dae8,v2,28000,,베이비뵨,에그3 egg3 디럭스,,,,,
03_baby_kids-demo-000687,03_baby_kids,03,2973362f6136d0e7,v2,500000,,리안,알로,,,,,
03_baby_kids-demo-000688,03_baby_kids,03,b91e534706449a3f,v2,32000,,맥클라렌,퀘스트,,,,,
03_baby_kids-demo-000689,03_baby_kids,03,ce4718c64d9ad2dc,v2,55000,,코니,SoftBreeze,,,,,
03_baby_kids-demo-000690,03_baby_kids,03,6b38c7d9ecdf0b86,v2,210000,,포브,프라이핏 에어,,,,,
03_baby_kids-demo-000691,03_baby_kids,03,53caf87cb8281c8b,v2,500000,,베이비스타일,사이러스2,,,,,
03_baby_kids-demo-000692,03_baby_kids,03,ef553d9f25a28a8a,v2,26000,,미마자리,미니 에어리 메쉬,,,,,
03_baby_kids-demo-000693,03_baby_kids,03,149cdb3067f1963e,v2,630000,,해밀턴,요요3,,,,,
03_baby_kids-demo-000694,03_baby_kids,03,2c1a0c1d15fdc833,v2,100000,,리안,캐리어 무브 에어리 매쉬,,,,,
03_baby_kids-demo-000695,03_baby_kids,03,0817fac1f780f005,v2,100000,,베이비젠,요요,,,,,
03_baby_kids-demo-000696,03_baby_kids,03,2b9c21278cee8119,v2,500000,,백효정,오이스터3,,,,,
03_baby_kids-demo-000697,03_baby_kids,03,98ca7082ac4bdd95,v2,698000,,에그,에그2,,,,,
03_baby_kids-demo-000698,03_baby_kids,03,c49e51035c8d9648,v2,450000,,포그내,듄,,,,,
03_baby_kids-demo-000699,03_baby_kids,03,c5f0fab00520e2e1,v2,29000,,에르고베이비,옴니 360 쿨에어,,,,,
03_baby_kids-demo-000700,03_baby_kids,03,6c66a9c1365bc066,v2,340000,,부가부,비6,,,,,
03_baby_kids-demo-000701,03_baby_kids,03,03c4dda9683628df,v2,26144,,코니,올인원,,,,,
03_baby_kids-demo-000702,03_baby_kids,03,a2626d74a2d907c3,v2,250000,,포그내,맥스 플로우,,,,,
03_baby_kids-demo-000703,03_baby_kids,03,736608cff2ffede4,v2,800000,,joolz,데이5,,,,,
03_baby_kids-demo-000704,03_baby_kids,03,0bee123ece50c929,v2,130000,,미마자리,디럭스,,,,,
03_baby_kids-demo-000705,03_baby_kids,03,1bc57ce942e07e92,v2,290000,,스토케,v6,,,,,
03_baby_kids-demo-000706,03_baby_kids,03,4f4d01a5479d07c9,v2,120000,,베이비뵨,솔로 LX,,,,,
03_baby_kids-demo-000707,03_baby_kids,03,cc48208f68621b34,v2,13000,,헬로미니미,오이스터3 큐터스 디럭스,,,,,
03_baby_kids-demo-000708,03_baby_kids,03,c5f0fab00520e2e1,v2,29000,,에르고베이비,옴니 360 쿨에어,,,,,
03_baby_kids-demo-000709,03_baby_kids,03,cac67c64fd6d7056,v2,20000,,소르베베,G5,,,,,
03_baby_kids-demo-000710,03_baby_kids,03,e56bc319909fea53,v2,285000,,베이비뵨,하모니 3D 메쉬,,,,,
03_baby_kids-demo-000711,03_baby_kids,03,844c8cf66330284f,v2,60000,,리안,솔로,,,,,
03_baby_kids-demo-000712,03_baby_kids,03,68c72943cea2fbcc,v2,460000,,실버크로스,클릭2.0,,,,,
03_baby_kids-demo-000713,03_baby_kids,03,623df624cfd51c66,v2,300000,,스토케,트레일즈,,,,,
03_baby_kids-demo-000714,03_baby_kids,03,2f2f9ef18481dcb0,v2,50000,,오르빗,G3,,,,,
03_baby_kids-demo-000715,03_baby_kids,03,2a26c4352e70dae8,v2,28000,,베이비뵨,동키5 듀오,,,,,
03_baby_kids-demo-000716,03_baby_kids,03,0817fac1f780f005,v2,100000,,베이비젠,요요,,,,,
03_baby_kids-demo-000717,03_baby_kids,03,83a6f95bdd28ec11,v2,1300000,,부가부,폭스5,,,,,
03_baby_kids-demo-000718,03_baby_kids,03,05dcb7f5e2c81bbf,v2,60000,,에이블,4in1,,,,,
03_baby_kids-demo-000719,03_baby_kids,03,0c2a18ac6b363b3b,v2,460000,,아티포페,아거스 오트 리넨,,,,,
03_baby_kids-demo-000720,03_baby_kids,03,652f044b5ba16a81,v2,39000,,코니,아거스 오트 리넨,,,,,
03_baby_kids-demo-000721,03_baby_kids,03,d3584777a9837530,v2,300000,,스냅앤고,닥터다이얼 폴드에어,,,,,
03_baby_kids-demo-000722,03_baby_kids,03,8adee1a459aea3da,v2,100000,,로띠에,프리아핏 올인원,,,,,
03_baby_kids-demo-000723,03_baby_kids,03,2a26c4352e70dae8,v2,28000,,베이비뵨,옥스포드,,,,,
03_baby_kids-demo-000724,03_baby_kids,03,ad87d709a2d74a2c,v2,3000,,MUFFIN,닥터다이얼 올인원,,,,,
03_baby_kids-demo-000725,03_baby_kids,03,404e0291a9d9eb78,v2,49000,,타보,에어 3D 메쉬,,,,,
03_baby_kids-demo-000726,03_baby_kids,03,53caf87cb8281c8b,v2,500000,,베이비스타일,사이러스2,,,,,
03_baby_kids-demo-000727,03_baby_kids,03,0f342264101d6ee2,v2,1200000,,부가부,동키5,,,,,
03_baby_kids-demo-000728,03_baby_kids,03,e5cb027a81ede62d,v2,750000,,부가부,버터플라이,,,,,
03_baby_kids-demo-000729,03_baby_kids,03,0bee123ece50c929,v2,130000,,미마자리,디럭스,,,,,
03_baby_kids-demo-000730,03_baby_kids,03,959bfbd6ab6af6e6,v2,270000,,싸이벡스,미오스 2.0,,,,,
03_baby_kids-demo-000731,03_baby_kids,03,3732fd242851b438,v2,470000,,싸이벡스,코야,,,,,
03_baby_kids-demo-000732,03_baby_kids,03,732d26b2be5097af,v2,25000,,에르고베이비,M,,,,,
03_baby_kids-demo-000733,03_baby_kids,03,71dcfd6a836afbd0,v2,480000,,실버크로스,클릭 2.0 로벅피치,,,,,
03_baby_kids-demo-000734,03_baby_kids,03,457db1a3ce23b9d0,v2,300000,,두나,자이가이스트 트위드 W,,,,,
03_baby_kids-demo-000735,03_baby_kids,03,98ca7082ac4bdd95,v2,1050000,,에그,에그2,,,,,
03_baby_kids-demo-000736,03_baby_kids,03,1ff7cd4dadc263af,v2,50000,,줄즈,디럭스,,,,,
03_baby_kids-demo-000737,03_baby_kids,03,7d5ad67657a1ca34,v2,15000,,포브,하모니,,,,,
03_baby_kids-demo-000738,03_baby_kids,03,6c66a9c1365bc066,v2,300000,,부가부,비6,,,,,
03_baby_kids-demo-000739,03_baby_kids,03,ad87d709a2d74a2c,v2,3000,,MUFFIN,라이드 더블,,,,,
03_baby_kids-demo-000740,03_baby_kids,03,457db1a3ce23b9d0,v2,300000,,두나,디럭스,,,,,
03_baby_kids-demo-000741,03_baby_kids,03,c5f0fab00520e2e1,v2,29000,,에르고베이비,옴니 360 쿨에어,,,,,
03_baby_kids-demo-000742,03_baby_kids,03,2e247b105cb5768d,v2,39000,,페도라,3D 메쉬,,,,,
03_baby_kids-demo-000743,03_baby_kids,03,c07700ccdf7f0c44,v2,50000,,Egg,맥스라이트,,,,,
03_baby_kids-demo-000744,03_baby_kids,03,35688ab5d79b7521,v2,5000,,끌라미엘,폴드에어,,,,,
03_baby_kids-demo-000745,03_baby_kids,03,844c8cf66330284f,v2,259000,,리안,솔로,,,,,
03_baby_kids-demo-000746,03_baby_kids,03,3732fd242851b438,v2,470000,,싸이벡스,코야,,,,,
03_baby_kids-demo-000747,03_baby_kids,03,83f735b008a92fab,v2,35000,,오보기,플러스,,,,,
03_baby_kids-demo-000748,03_baby_kids,03,623df624cfd51c66,v2,183527,,스토케,트레일즈,,,,,
03_baby_kids-demo-000749,03_baby_kids,03,fdccf711ac6f6101,v2,376000,,베이비젠,요요2,,,,,
03_baby_kids-demo-000750,03_baby_kids,03,0817fac1f780f005,v2,100000,,베이비젠,요요,,,,,
03_baby_kids-demo-000751,03_baby_kids,03,85950740c7d4abef,v2,100000,,오보기,올인원,,,,,
03_baby_kids-demo-000752,03_baby_kids,03,7d5ad67657a1ca34,v2,15000,,포브,맥스플로우 올인원,,,,,
03_baby_kids-demo-000753,03_baby_kids,03,f2805ff19f7345ad,v2,120000,,아이엔젤,닥터다이얼 올인원,,,,,
03_baby_kids-demo-000754,03_baby_kids,03,ef553d9f25a28a8a,v2,26000,,까꿍,트레일즈,,,,,
03_baby_kids-demo-000755,03_baby_kids,03,9c5cf656be814cf4,v2,230000,,아이엔젤,동키5,,,,,
03_baby_kids-demo-000756,03_baby_kids,03,a638a224d94ad39c,v2,50000,,끌라미엘,원터치 캐리어 3D매쉬,,,,,
03_baby_kids-demo-000757,03_baby_kids,03,ecef01d56f5dc3c6,v2,1100000,,오르빗,G5,,,,,
03_baby_kids-demo-000758,03_baby_kids,03,732d26b2be5097af,v2,50000,,에르고베이비,우븐멜란지,,,,,
03_baby_kids-demo-000759,03_baby_kids,03,6b38c7d9ecdf0b86,v2,210000,,오르빗,프라이핏 에어,,,,,
03_baby_kids-demo-000760,03_baby_kids,03,7d5ad67657a1ca34,v2,12000,,포브,다이얼핏 Pro,,,,,
03_baby_kids-demo-000761,03_baby_kids,03,11bc61df989f18b2,v2,60000,,백효정,버터플라이,,,,,
03_baby_kids-demo-000762,03_baby_kids,03,44af21f2ec4cbd90,v2,620000,,스토케,요요3 yoyo3,,,,,
03_baby_kids-demo-000763,03_baby_kids,03,d3584777a9837530,v2,300000,,스냅앤고,트레일즈,,,,,
03_baby_kids-demo-000764,03_baby_kids,03,d996759875e2cc40,v2,1350000,,에그,에그3 egg3 디럭스,,,,,
03_baby_kids-demo-000765,03_baby_kids,03,ddcf228705dd4b54,v2,100000,,베베핏,시그니처7,,,,,
03_baby_kids-demo-000766,03_baby_kids,03,732d26b2be5097af,v2,25000,,에르고베이비,폭스2,,,,,
03_baby_kids-demo-000767,03_baby_kids,03,3faf0912d1b9246b,v2,10000,,퀴니,제프 엑스트라2,,,,,
03_baby_kids-demo-000768,03_baby_kids,03,53caf87cb8281c8b,v2,500000,,베이비스타일,사이러스2,,,,,
03_baby_kids-demo-000769,03_baby_kids,03,3f35944dd1570d1c,v2,470000,,스토케,일렉타,,,,,
03_baby_kids-demo-000770,03_baby_kids,03,750001bf4bd6f984,v2,27000,,코니,매쉬3xl,,,,,
03_baby_kids-demo-000771,03_baby_kids,03,4b34c1fec298704c,v2,260000,,타보,레노,,,,,
03_baby_kids-demo-000772,03_baby_kids,03,81e98818d0ba1c4c,v2,20000,,웰본,시그니처7,,,,,
03_baby_kids-demo-000773,03_baby_kids,03,53a8e3de3e141914,v2,450000,,오르빗,G5 디럭스,,,,,
03_baby_kids-demo-000774,03_baby_kids,03,fb2539b5df7172e0,v2,180000,,윰 Yoom,시그니처 디럭스,,,,,
03_baby_kids-demo-000775,03_baby_kids,03,03c4dda9683628df,v2,23485,,코니,맥스 올인원,,,,,
03_baby_kids-demo-000776,03_baby_kids,03,6c66a9c1365bc066,v2,340000,,부가부,데이5,,,,,
03_baby_kids-demo-000777,03_baby_kids,03,501920499771df7e,v2,45000,,mg,다이얼핏 Pro,,,,,
03_baby_kids-demo-000778,03_baby_kids,03,652f044b5ba16a81,v2,39000,,코니,오리지널,,,,,
03_baby_kids-demo-000779,03_baby_kids,03,1c7f1379f27acfae,v2,150000,,포그내,폴드에어,,,,,
03_baby_kids-demo-000780,03_baby_kids,03,64312a2b256a615f,v2,295000,,포그내,맥스플로우 올인원,,,,,
03_baby_kids-demo-000781,03_baby_kids,03,09de32c99d3870c2,v2,150000,,페도라,L5,,,,,
03_baby_kids-demo-000782,03_baby_kids,03,10892887e6b70f74,v2,450000,,줄즈,허브플러스,,,,,
03_baby_kids-demo-000783,03_baby_kids,03,844c8cf66330284f,v2,259000,,리안,솔로,,,,,
03_baby_kids-demo-000784,03_baby_kids,03,50e5b0bb05f2a7b8,v2,120000,,아이엔젤,폴드에어,,,,,
03_baby_kids-demo-000785,03_baby_kids,03,11bc61df989f18b2,v2,60000,,베베스완,일렉타,,,,,
03_baby_kids-demo-000786,03_baby_kids,03,0bee123ece50c929,v2,130000,,오보기,디럭스,,,,,
03_baby_kids-demo-000787,03_baby_kids,03,e07fffc388f04801,v2,120000,,부가부,폴드에어 올인원,,,,,
03_baby_kids-demo-000788,03_baby_kids,03,64312a2b256a615f,v2,290000,,포그내,맥스플로우 올인원,,,,,
03_baby_kids-demo-000789,03_baby_kids,03,4b34c1fec298704c,v2,260000,,실버크로스,레노,,,,,
03_baby_kids-demo-000790,03_baby_kids,03,52f1bb716b34a870,v2,500000,,스토케,익스플로리X,,,,,
03_baby_kids-demo-000791,03_baby_kids,03,ef0891c77ecf1e32,v2,450000,,뉴나,Lx,,,,,
03_baby_kids-demo-000792,03_baby_kids,03,542327ba66394d51,v2,99000,,에르고베이비,알타,,,,,
03_baby_kids-demo-000793,03_baby_kids,03,0817fac1f780f005,v2,250000,,베이비젠,요요,,,,,
03_baby_kids-demo-000794,03_baby_kids,03,9490bc2a6758adb8,v2,150000,,베이비뵨,캐리어 무브 에어리 매쉬,,,,,
03_baby_kids-demo-000795,03_baby_kids,03,736608cff2ffede4,v2,800000,,joolz,데이5,,,,,
03_baby_kids-demo-000796,03_baby_kids,03,374651c6ef602101,v2,1350000,,Egg,Egg3 디럭스,,,,,
03_baby_kids-demo-000797,03_baby_kids,03,11bc61df989f18b2,v2,60000,,백효정,M,,,,,
03_baby_kids-demo-000798,03_baby_kids,03,e56bc319909fea53,v2,285000,,베이비뵨,하모니 3D 메쉬,,,,,
03_baby_kids-demo-000799,03_baby_kids,03,ce4ecdc14ba643ef,v2,40000,,에끌레브,펄스 올인원,,,,,
03_baby_kids-demo-000800,03_baby_kids,03,b36545f11926624d,v2,10000,,메이앤마이,쿨매쉬 꿀잠슬링,,,,,
03_baby_kids-demo-000801,03_baby_kids,03,66c17cd02ae46708,v2,20000,,잉글레시나,트릴로지,,,,,
03_baby_kids-demo-000802,03_baby_kids,03,d3584777a9837530,v2,300000,,스냅앤고,오가닉 아기띠,,,,,
03_baby_kids-demo-000803,03_baby_kids,03,2b5adc855ee0def2,v2,15000,,에끌레브,솔로 LX,,,,,
03_baby_kids-demo-000804,03_baby_kids,03,5862760e4457c30a,v2,100000,,gb,올시티,,,,,
03_baby_kids-demo-000805,03_baby_kids,03,fdccf711ac6f6101,v2,376000,,베이비젠,요요2,,,,,
03_baby_kids-demo-000806,03_baby_kids,03,5c8afa29154ee4d0,v2,110000,,베이비뵨,무브,,,,,
03_baby_kids-demo-000807,03_baby_kids,03,c07700ccdf7f0c44,v2,90000,,릴레베이비,비6,,,,,
03_baby_kids-demo-000808,03_baby_kids,03,50e5b0bb05f2a7b8,v2,120000,,아이엔젤,폴드에어,,,,,
03_baby_kids-demo-000809,03_baby_kids,03,09de32c99d3870c2,v2,150000,,페도라,L5,,,,,
03_baby_kids-demo-000810,03_baby_kids,03,ad87d709a2d74a2c,v2,3000,,잉글레시나,리프2,,,,,
03_baby_kids-demo-000811,03_baby_kids,03,a1586cec3c7e9032,v2,270000,,메이앤마이,B5,,,,,
03_baby_kids-demo-000812,03_baby_kids,03,10892887e6b70f74,v2,450000,,줄즈,허브플러스,,,,,
03_baby_kids-demo-000813,03_baby_kids,03,623df624cfd51c66,v2,63597,,스토케,트레일즈,,,,,
03_baby_kids-demo-000814,03_baby_kids,03,e07fffc388f04801,v2,120000,,아이엔젤,폴드에어 올인원,,,,,
03_baby_kids-demo-000815,03_baby_kids,03,5c8afa29154ee4d0,v2,110000,,베이비뵨,무브,,,,,
03_baby_kids-demo-000816,03_baby_kids,03,03c4dda9683628df,v2,13990,,코니,데이5,,,,,
03_baby_kids-demo-000817,03_baby_kids,03,1bc57ce942e07e92,v2,290000,,스토케,v6,,,,,
03_baby_kids-demo-000818,03_baby_kids,03,5aea1b6dd6615fb3,v2,1500000,,맘마카트,데일리,,,,,
03_baby_kids-demo-000819,03_baby_kids,03,c38750e886994acd,v2,50000,,코니플렉스,XS-XL,,,,,
03_baby_kids-demo-000820,03_baby_kids,03,85950740c7d4abef,v2,100000,,허그파파,올인원,,,,,
03_baby_kids-demo-000821,03_baby_kids,03,18ebfc0b504b9f25,v2,200000,,잉글레시나,퀴드2,,,,,
03_baby_kids-demo-000822,03_baby_kids,03,eb52cb2d1aa3d2f8,v2,45000,,부가부,올인원 에어 힙시트,,,,,
03_baby_kids-demo-000823,03_baby_kids,03,0f08461b5267e350,v2,1400000,,에그,에그3 디럭스,,,,,
03_baby_kids-demo-000824,03_baby_kids,03,cd5f46f2d116654e,v2,1300000,,실버크로스,리프2,,,,,
03_baby_kids-demo-000825,03_baby_kids,03,03c4dda9683628df,v2,25882,,코니,폴드에어,,,,,
03_baby_kids-demo-000826,03_baby_kids,03,9c5cf656be814cf4,v2,230000,,싸이벡스,닥터다이얼 폴드에어 올인원,,,,,
03_baby_kids-demo-000827,03_baby_kids,03,2f2f9ef18481dcb0,v2,50000,,오르빗,g3,,,,,
03_baby_kids-demo-000828,03_baby_kids,03,12879ccfab8aad90,v2,32000,,도도야,L,,,,,
03_baby_kids-demo-000829,03_baby_kids,03,52f1bb716b34a870,v2,500000,,스토케,익스플로리X,,,,,
03_baby_kids-demo-000830,03_baby_kids,03,0817fac1f780f005,v2,100000,,베이비젠,요요,,,,,
03_baby_kids-demo-000831,03_baby_kids,03,61b1ccb091386e9c,v2,90000,,리안,솔로2020,,,,,
03_baby_kids-demo-000832,03_baby_kids,03,2b5adc855ee0def2,v2,15000,,에끌레브,퀴드3,,,,,
03_baby_kids-demo-000833,03_baby_kids,03,2b5adc855ee0def2,v2,15000,,에끌레브,Z,,,,,
03_baby_kids-demo-000834,03_baby_kids,03,9f743153c311c45e,v2,200000,,허그파파,다이얼핏 Pro,,,,,
03_baby_kids-demo-000835,03_baby_kids,03,750001bf4bd6f984,v2,27000,,코니,매쉬3xl,,,,,
03_baby_kids-demo-000836,03_baby_kids,03,ce4ecdc14ba643ef,v2,40000,,에끌레브,펄스 올인원,,,,,
03_baby_kids-demo-000837,03_baby_kids,03,c38750e886994acd,v2,50000,,코니플렉스,XS-XL,,,,,
03_baby_kids-demo-000838,03_baby_kids,03,03c4dda9683628df,v2,24083,,코니,트릴로지,,,,,
03_baby_kids-demo-000839,03_baby_kids,03,e5cb027a81ede62d,v2,850000,,부가부,버터플라이,,,,,
03_baby_kids-demo-000840,03_baby_kids,03,2e247b105cb5768d,v2,39000,,페도라,자이가이스트 트위드 W,,,,,
03_baby_kids-demo-000841,03_baby_kids,03,aae77c6399a617cd,v2,90000,,Ryan,캐리 듀얼,,,,,
03_baby_kids-demo-000842,03_baby_kids,03,0f08461b5267e350,v2,1400000,,에그,에그3 디럭스,,,,,
03_baby_kids-demo-000843,03_baby_kids,03,96e2953342225957,v2,400000,,씨투엠뉴,에이블 코지샤인,,,,,
03_baby_kids-demo-000844,03_baby_kids,03,b678aac022f47007,v2,200000,,베이비뵨,하모니,,,,,
03_baby_kids-demo-000845,03_baby_kids,03,10892887e6b70f74,v2,450000,,줄즈,허브플러스,,,,,
03_baby_kids-demo-000846,03_baby_kids,03,374651c6ef602101,v2,1350000,,Egg,Egg3 디럭스,,,,,
03_baby_kids-demo-000847,03_baby_kids,03,a2ffeb5b2099fd41,v2,650000,,줄즈,지오 3,,,,,
03_baby_kids-demo-000848,03_baby_kids,03,4460585d969955ae,v2,1550000,,부가부,동키5 듀오,,,,,
03_baby_kids-demo-000849,03_baby_kids,03,a6f0b7a64adab0b6,v2,20000,,아이허그,시그니처7,,,,,
03_baby_kids-demo-000850,03_baby_kids,03,5f55bb55452151ee,v2,240000,,베이비조거,시티투어2,,,,,
03_baby_kids-demo-000851,03_baby_kids,03,85950740c7d4abef,v2,100000,,허그파파,올인원,,,,,
03_baby_kids-demo-000852,03_baby_kids,03,90b5899668094dae,v2,220000,,오르빗,요요2,,,,,
03_baby_kids-demo-000853,03_baby_kids,03,0817fac1f780f005,v2,100000,,베이비젠,요요,,,,,
03_baby_kids-demo-000854,03_baby_kids,03,fdccf711ac6f6101,v2,376000,,베이비젠,요요2,,,,,
03_baby_kids-demo-000855,03_baby_kids,03,ad87d709a2d74a2c,v2,3000,,MUFFIN,미오스 2.0,,,,,
03_baby_kids-demo-000856,03_baby_kids,03,0f08461b5267e350,v2,1400000,,에그,에그3 디럭스,,,,,
03_baby_kids-demo-000857,03_baby_kids,03,03c4dda9683628df,v2,14920,,코니,폭스5,,,,,
03_baby_kids-demo-000858,03_baby_kids,03,a488417eebcf283c,v2,70000,,에르고,닥터다이얼 폴드에어 올인원,,,,,
03_baby_kids-demo-000859,03_baby_kids,03,12e9400a79367544,v2,220000,,하이브리드,캐빈,,,,,
03_baby_kids-demo-000860,03_baby_kids,03,d6270518ad962ca9,v2,38000,,왈라부,넘버5,,,,,
03_baby_kids-demo-000861,03_baby_kids,03,50e5b0bb05f2a7b8,v2,120000,,아이엔젤,폴드에어,,,,,
03_baby_kids-demo-000862,03_baby_kids,03,fb2539b5df7172e0,v2,180000,,윰 Yoom,무브,,,,,
03_baby_kids-demo-000863,03_baby_kids,03,669d4b9f5296b135,v2,200000,,포브,프리아핏에어,,,,,
03_baby_kids-demo-000864,03_baby_kids,03,732d26b2be5097af,v2,68000,,에르고베이비,폭스5,,,,,
03_baby_kids-demo-000865,03_baby_kids,03,4b34c1fec298704c,v2,260000,,타보,원터치 캐리어 3D매쉬,,,,,
03_baby_kids-demo-000866,03_baby_kids,03,623df624cfd51c66,v2,63000,,스토케,트레일즈,,,,,
03_baby_kids-demo-000867,03_baby_kids,03,608a5494162c5cd0,v2,170000,,오이스터3,오이스터3 큐터스 디럭스,,,,,
03_baby_kids-demo-000868,03_baby_kids,03,c38750e886994acd,v2,50000,,코니플렉스,XS-XL,,,,,
03_baby_kids-demo-000869,03_baby_kids,03,a488417eebcf283c,v2,70000,,에르고,G5,,,,,
03_baby_kids-demo-000870,03_baby_kids,03,ddcf228705dd4b54,v2,160000,,베베핏,시그니처7,,,,,
03_baby_kids-demo-000871,03_baby_kids,03,763651c475915ed5,v2,1200000,,egg,egg3,,,,,
03_baby_kids-demo-000872,03_baby_kids,03,028acffcf6ebd501,v2,240000,,맘푸쉬,라이드 더블,,,,,
03_baby_kids-demo-000873,03_baby_kids,03,6b38c7d9ecdf0b86,v2,210000,,포브,프라이핏 에어,,,,,
03_baby_kids-demo-000874,03_baby_kids,03,770030063e38a553,v2,30000,,마망발렌느,시그니처7,,,,,
03_baby_kids-demo-000875,03_baby_kids,03,2b5adc855ee0def2,v2,19000,,에끌레브,요요2,,,,,
03_baby_kids-demo-000876,03_baby_kids,03,2b5adc855ee0def2,v2,19000,,에끌레브,맥스 플로우,,,,,
03_baby_kids-demo-000877,03_baby_kids,03,808798e323d612f1,v2,500000,,님블,하모니 3D 메쉬,,,,,
03_baby_kids-demo-000878,03_baby_kids,03,2b5adc855ee0def2,v2,15000,,에끌레브,v6,,,,,
03_baby_kids-demo-000879,03_baby_kids,03,763651c475915ed5,v2,1200000,,에르고베이비,egg3,,,,,
03_baby_kids-demo-000880,03_baby_kids,03,d6270518ad962ca9,v2,38000,,왈라부,요요,,,,,
03_baby_kids-demo-000881,03_baby_kids,03,b91e534706449a3f,v2,32000,,맥클라렌,퀘스트,,,,,
03_baby_kids-demo-000882,03_baby_kids,03,2a26c4352e70dae8,v2,28000,,베이비뵨,듄,,,,,
03_baby_kids-demo-000883,03_baby_kids,03,0817fac1f780f005,v2,250000,,줄즈,요요,,,,,
03_baby_kids-demo-000884,03_baby_kids,03,2f2f9ef18481dcb0,v2,50000,,베이비뵨,G3,,,,,
03_baby_kids-demo-000885,03_baby_kids,03,ecef01d56f5dc3c6,v2,950000,,오르빗,G5,,,,,
03_baby_kids-demo-000886,03_baby_kids,03,71dcfd6a836afbd0,v2,480000,,실버크로스,클릭 2.0 로벅피치,,,,,
03_baby_kids-demo-000887,03_baby_kids,03,7bf6d020444c46b2,v2,190000,,베베스완,V5 엘레강스,,,,,
03_baby_kids-demo-000888,03_baby_kids,03,770030063e38a553,v2,30000,,마망발렌느,히든360,,,,,
03_baby_kids-demo-000889,03_baby_kids,03,5862760e4457c30a,v2,100000,,gb,올시티,,,,,
03_baby_kids-demo-000890,03_baby_kids,03,2a26c4352e70dae8,v2,28000,,베이비뵨,레노,,,,,
03_baby_kids-demo-000891,03_baby_kids,03,4f4d01a5479d07c9,v2,120000,,베이비뵨,에어 3D 메쉬,,,,,
03_baby_kids-demo-000892,03_baby_kids,03,808798e323d612f1,v2,500000,,님블,에그2,,,,,
03_baby_kids-demo-000893,03_baby_kids,03,732d26b2be5097af,v2,68000,,에르고베이비,캐리 듀얼,,,,,
03_baby_kids-demo-000894,03_baby_kids,03,50e5b0bb05f2a7b8,v2,120000,,아이엔젤,폴드에어,,,,,
03_baby_kids-demo-000895,03_baby_kids,03,b91e534706449a3f,v2,32000,,에그,퀘스트,,,,,
03_baby_kids-demo-000896,03_baby_kids,03,83a6f95bdd28ec11,v2,1000000,,부가부,폭스5,,,,,
03_baby_kids-demo-000897,03_baby_kids,03,ef553d9f25a28a8a,v2,26000,,까꿍,폴드에어 올인원,,,,,
03_baby_kids-demo-000898,03_baby_kids,03,ecef01d56f5dc3c6,v2,950000,,오르빗,G5,,,,,
03_baby_kids-demo-000899,03_baby_kids,03,86a63cbf03cd8606,v2,750000,,부가부,버터플라이2,,,,,
03_baby_kids-demo-000900,03_baby_kids,03,b2b31954b42fa4dc,v2,370000,,오르빗,M,,,,,
03_baby_kids-demo-000901,03_baby_kids,03,3e9b9c67e45c04ec,v2,350000,,아티포페,에이블 코지샤인,,,,,
03_baby_kids-demo-000902,03_baby_kids,03,770030063e38a553,v2,30000,,마망발렌느,트레일즈,,,,,
03_baby_kids-demo-000903,03_baby_kids,03,623df624cfd51c66,v2,274798,,스토케,트레일즈,,,,,
03_baby_kids-demo-000904,03_baby_kids,03,49ebdb53be9c0bfd,v2,10000,,아이스토리,오가닉 아기띠,,,,,
03_baby_kids-demo-000905,03_baby_kids,03,e07fffc388f04801,v2,120000,,아이엔젤,폴드에어 올인원,,,,,
03_baby_kids-demo-000906,03_baby_kids,03,b678aac022f47007,v2,100000,,베이비뵨,하모니,,,,,
03_baby_kids-demo-000907,03_baby_kids,03,028acffcf6ebd501,v2,240000,,맘푸쉬,라이드 더블,,,,,
03_baby_kids-demo-000908,03_baby_kids,03,c07700ccdf7f0c44,v2,50000,,릴레베이비,맥스플로우 올인원,,,,,
03_baby_kids-demo-000909,03_baby_kids,03,64312a2b256a615f,v2,290000,,에르고베이비,맥스플로우 올인원,,,,,
03_baby_kids-demo-000910,03_baby_kids,03,83f735b008a92fab,v2,35000,,오보기,플러스,,,,,
03_baby_kids-demo-000911,03_baby_kids,03,ddcf228705dd4b54,v2,160000,,베베핏,시그니처7,,,,,
03_baby_kids-demo-000912,03_baby_kids,03,44714364ab7079ee,v2,280000,,맥시코시,옥스포드,,,,,
03_baby_kids-demo-000913,03_baby_kids,03,5f55bb55452151ee,v2,240000,,베이비조거,시티투어2,,,,,
03_baby_kids-demo-000914,03_baby_kids,03,148007e449c0f690,v2,100000,,해밀턴,X1,,,,,
03_baby_kids-demo-000915,03_baby_kids,03,3732fd242851b438,v2,470000,,싸이벡스,코야,,,,,
03_baby_kids-demo-000916,03_baby_kids,03,148007e449c0f690,v2,100000,,해밀턴,알타,,,,,
03_baby_kids-demo-000917,03_baby_kids,03,35688ab5d79b7521,v2,5000,,왈라부,솔로 LX,,,,,
03_baby_kids-demo-000918,03_baby_kids,03,8adee1a459aea3da,v2,100000,,로띠에,B5,,,,,
03_baby_kids-demo-000919,03_baby_kids,03,623df624cfd51c66,v2,300000,,스토케,트레일즈,,,,,
03_baby_kids-demo-000920,03_baby_kids,03,ecef01d56f5dc3c6,v2,950000,,오르빗,G5,,,,,
03_baby_kids-demo-000921,03_baby_kids,03,a638a224d94ad39c,v2,50000,,끌라미엘,원터치 캐리어 3D매쉬,,,,,
03_baby_kids-demo-000922,03_baby_kids,03,12e9400a79367544,v2,220000,,스토케,캐빈,,,,,
03_baby_kids-demo-000923,03_baby_kids,03,2e247b105cb5768d,v2,39000,,페도라,미니 에어리 메쉬,,,,,
03_baby_kids-demo-000924,03_baby_kids,03,652f044b5ba16a81,v2,39000,,코니,듀얼 서포트 힙시트,,,,,
03_baby_kids-demo-000925,03_baby_kids,03,0bee123ece50c929,v2,130000,,미마자리,디럭스,,,,,
03_baby_kids-demo-000926,03_baby_kids,03,2b9c21278cee8119,v2,500000,,오르빗,오이스터3,,,,,
03_baby_kids-demo-000927,03_baby_kids,03,732d26b2be5097af,v2,68000,,에르고베이비,이노다이얼,,,,,
03_baby_kids-demo-000928,03_baby_kids,03,6bd00e050104727f,v2,250000,,Egg,Z,,,,,
03_baby_kids-demo-000929,03_baby_kids,03,85950740c7d4abef,v2,100000,,허그파파,올인원,,,,,
03_baby_kids-demo-000930,03_baby_kids,03,2f2f9ef18481dcb0,v2,50000,,오르빗,G3,,,,,
03_baby_kids-demo-000931,03_baby_kids,03,61b1ccb091386e9c,v2,90000,,리안,솔로2020,,,,,
03_baby_kids-demo-000932,03_baby_kids,03,c08dc28cb48fe2e7,v2,190000,,포그내,맥스 올인원,,,,,
03_baby_kids-demo-000933,03_baby_kids,03,f2805ff19f7345ad,v2,120000,,아이엔젤,닥터다이얼 올인원,,,,,
03_baby_kids-demo-000934,03_baby_kids,03,67a916d29c8b73f8,v2,360000,,포브,듀엣프로 듀오,,,,,
03_baby_kids-demo-000935,03_baby_kids,03,608b7722d58bd549,v2,780000,,에그,2,,,,,
03_baby_kids-demo-000936,03_baby_kids,03,ef553d9f25a28a8a,v2,26000,,까꿍,퀴드3,,,,,
03_baby_kids-demo-000937,03_baby_kids,03,a72020a5b554c4de,v2,20000,,코니,M,,,,,
03_baby_kids-demo-000938,03_baby_kids,03,7b1645c4ba63a3db,v2,90000,,베이비뵨,미니 에어리 메쉬,,,,,
03_baby_kids-demo-000939,03_baby_kids,03,0f342264101d6ee2,v2,1200000,,부가부,동키5,,,,,
03_baby_kids-demo-000940,03_baby_kids,03,63d8a01ba69b2eb3,v2,65000,,에르고,360,,,,,
03_baby_kids-demo-000941,03_baby_kids,03,63d8a01ba69b2eb3,v2,65000,,에르고,360,,,,,
03_baby_kids-demo-000942,03_baby_kids,03,457db1a3ce23b9d0,v2,300000,,두나,버터플라이,,,,,
03_baby_kids-demo-000943,03_baby_kids,03,736608cff2ffede4,v2,800000,,joolz,데이5,,,,,
03_baby_kids-demo-000944,03_baby_kids,03,1ff7cd4dadc263af,v2,50000,,줄즈,디럭스,,,,,
03_baby_kids-demo-000945,03_baby_kids,03,0b209763b706a5fd,v2,240000,,치코,핏2,,,,,
03_baby_kids-demo-000946,03_baby_kids,03,1bc57ce942e07e92,v2,260000,,스토케,미니 에어리 메쉬,,,,,
03_baby_kids-demo-000947,03_baby_kids,03,e5cb027a81ede62d,v2,750000,,부가부,버터플라이,,,,,
03_baby_kids-demo-000948,03_baby_kids,03,0f08461b5267e350,v2,1400000,,에그,에그3 디럭스,,,,,
03_baby_kids-demo-000949,03_baby_kids,03,cf3fb02c67ed4488,v2,15000,,베베핏,미오스 2.0,,,,,
03_baby_kids-demo-000950,03_baby_kids,03,a6f0b7a64adab0b6,v2,20000,,아이허그,L,,,,,
03_baby_kids-demo-000951,03_baby_kids,03,e56bc319909fea53,v2,285000,,베이비뵨,하모니 3D 메쉬,,,,,
03_baby_kids-demo-000952,03_baby_kids,03,91b3b850ead728d4,v2,25000,,코니,오리지널,,,,,
03_baby_kids-demo-000953,03_baby_kids,03,e56bc319909fea53,v2,285000,,베이비뵨,V5 엘레강스,,,,,
03_baby_kids-demo-000954,03_baby_kids,03,844c8cf66330284f,v2,60000,,리안,솔로,,,,,
03_baby_kids-demo-000955,03_baby_kids,03,ecef01d56f5dc3c6,v2,950000,,오르빗,G5,,,,,
03_baby_kids-demo-000956,03_baby_kids,03,a2ffeb5b2099fd41,v2,650000,,줄즈,지오 3,,,,,
03_baby_kids-demo-000957,03_baby_kids,03,3732fd242851b438,v2,470000,,싸이벡스,클릭2.0,,,,,
03_baby_kids-demo-000958,03_baby_kids,03,03c4dda9683628df,v2,15868,,베이비젠,옥스포드,,,,,
03_baby_kids-demo-000959,03_baby_kids,03,546a09f5367633b8,v2,240000,,베이비뵨,닥터다이얼 폴드에어,,,,,
03_baby_kids-demo-000960,03_baby_kids,03,83a6f95bdd28ec11,v2,1000000,,부가부,폭스5,,,,,
03_baby_kids-demo-000961,03_baby_kids,03,6b38c7d9ecdf0b86,v2,210000,,포브,프라이핏 에어,,,,,
03_baby_kids-demo-000962,03_baby_kids,03,ad47fb551782acad,v2,480000,,아티포페,자이가이스트 트위드 W,,,,,
03_baby_kids-demo-000963,03_baby_kids,03,2f2f9ef18481dcb0,v2,50000,,오르빗,g3,,,,,
03_baby_kids-demo-000964,03_baby_kids,03,ac9781ccd2b49315,v2,70000,,베이비뵨,3D 메쉬,,,,,
03_baby_kids-demo-000965,03_baby_kids,03,6c66a9c1365bc066,v2,300000,,부가부,비6,,,,,
03_baby_kids-demo-000966,03_baby_kids,03,7d5ad67657a1ca34,v2,12000,,포브,트레일즈,,,,,
03_baby_kids-demo-000967,03_baby_kids,03,71dcfd6a836afbd0,v2,480000,,실버크로스,클릭 2.0 로벅피치,,,,,
03_baby_kids-demo-000968,03_baby_kids,03,d2865dd99d82b611,v2,87000,,에르고베이비,옴니브리즈,,,,,
03_baby_kids-demo-000969,03_baby_kids,03,623df624cfd51c66,v2,63000,,스토케,트레일즈,,,,,
03_baby_kids-demo-000970,03_baby_kids,03,2e247b105cb5768d,v2,39000,,페도라,L,,,,,
03_baby_kids-demo-000971,03_baby_kids,03,9c5cf656be814cf4,v2,230000,,아이엔젤,닥터다이얼 폴드에어 올인원,,,,,
03_baby_kids-demo-000972,03_baby_kids,03,85950740c7d4abef,v2,100000,,허그파파,올인원,,,,,
03_baby_kids-demo-000973,03_baby_kids,03,736608cff2ffede4,v2,800000,,오르빗,데이5,,,,,
03_baby_kids-demo-000974,03_baby_kids,03,457db1a3ce23b9d0,v2,300000,,두나,g3,,,,,
03_baby_kids-demo-000975,03_baby_kids,03,12879ccfab8aad90,v2,32000,,도도야,L,,,,,
03_baby_kids-demo-000976,03_baby_kids,03,c49e51035c8d9648,v2,450000,,실버크로스,듄,,,,,
03_baby_kids-demo-000977,03_baby_kids,03,d73b206a06690030,v2,60000,,소르베베,L5,,,,,
03_baby_kids-demo-000978,03_baby_kids,03,64312a2b256a615f,v2,295000,,포그내,맥스플로우 올인원,,,,,
03_baby_kids-demo-000979,03_baby_kids,03,96e2953342225957,v2,400000,,씨투엠뉴,에이블 코지샤인,,,,,
03_baby_kids-demo-000980,03_baby_kids,03,53e08736529050b6,v2,1300000,,실버크로스,리프2 디럭스,,,,,
03_baby_kids-demo-000981,03_baby_kids,03,54bd6ae6789d9e6e,v2,180000,,씨투엠뉴,에이블 스핀 플러스 트라이크,,,,,
03_baby_kids-demo-000982,03_baby_kids,03,959bfbd6ab6af6e6,v2,270000,,싸이벡스,미오스 2.0,,,,,
03_baby_kids-demo-000983,03_baby_kids,03,fdccf711ac6f6101,v2,376000,,베이비젠,트릴로지,,,,,
03_baby_kids-demo-000984,03_baby_kids,03,a1586cec3c7e9032,v2,270000,,부가부,B5,,,,,
03_baby_kids-demo-000985,03_baby_kids,03,669d4b9f5296b135,v2,200000,,포브,프리아핏에어,,,,,
03_baby_kids-demo-000986,03_baby_kids,03,d3584777a9837530,v2,300000,,스냅앤고,제프 엑스트라2,,,,,
03_baby_kids-demo-000987,03_baby_kids,03,53e08736529050b6,v2,1300000,,마망발렌느,리프2 디럭스,,,,,
03_baby_kids-demo-000988,03_baby_kids,03,0c2a18ac6b363b3b,v2,460000,,아티포페,아거스 오트 리넨,,,,,
03_baby_kids-demo-000989,03_baby_kids,03,53a8e3de3e141914,v2,450000,,오르빗,G5 디럭스,,,,,
03_baby_kids-demo-000990,03_baby_kids,03,6bd00e050104727f,v2,250000,,Egg,Z,,,,,
03_baby_kids-demo-000991,03_baby_kids,03,ef553d9f25a28a8a,v2,26000,,까꿍,허브플러스,,,,,
03_baby_kids-demo-000992,03_baby_kids,03,7d5ad67657a1ca34,v2,15000,,포브,일렉타,,,,,
03_baby_kids-demo-000993,03_baby_kids,03,67a916d29c8b73f8,v2,360000,,베이비조거,맥스플로우 올인원,,,,,
03_baby_kids-demo-000994,03_baby_kids,03,2b9c21278cee8119,v2,500000,,스토케,오이스터3,,,,,
03_baby_kids-demo-000995,03_baby_kids,03,2b5adc855ee0def2,v2,15000,,에끌레브,알파 오브 스텔라,,,,,
03_baby_kids-demo-000996,03_baby_kids,03,148007e449c0f690,v2,100000,,해밀턴,버터플라이2,,,,,
03_baby_kids-demo-000997,03_baby_kids,03,d3584777a9837530,v2,300000,,스냅앤고,솔로2020,,,,,
03_baby_kids-demo-000998,03_baby_kids,03,9c5cf656be814cf4,v2,230000,,베이비뵨,닥터다이얼 폴드에어 올인원,,,,,
03_baby_kids-demo-000999,03_baby_kids,03,9490bc2a6758adb8,v2,150000,,베이비뵨,캐리어 무브 에어리 매쉬,,,,,
