item_id,category_name,category_code,spec_key_hash,hash_version,used_price,item_type,gender,size_tag,color_main,sleeve_length,brand,is_luxury,size_estimated_kr
06_mens_clothing-demo-000000,06_mens_clothing,06,57c178d8805b31bc,v2,20000,,,,,,빌리지,,
06_mens_clothing-demo-000001,06_mens_clothing,06,169cf899b6b3aa19,v2,17613,,,,,,유니클로,,
06_mens_clothing-demo-000002,06_mens_clothing,06,e28cbe4e5693ca71,v2,30000,,,,,,세인트페인,,
06_mens_clothing-demo-000003,06_mens_clothing,06,f02229812ba92afd,v2,38000,,,,,,espionage,,
06_mens_clothing-demo-000004,06_mens_clothing,06,af5b61ae2809316d,v2,15000,,,,,,교복몰,,
06_mens_clothing-demo-000005,06_mens_clothing,06,1ab2a6dc635e3c78,v2,25000,,,,,,KNUT CLUB,,
06_mens_clothing-demo-000006,06_mens_clothing,06,460d3341344106de,v2,33462,,,,,,헤지스,,
06_mens_clothing-demo-000007,06_mens_clothing,06,c16522c2ecc363bb,v2,110000,,,,,,세인트제임스,,
06_mens_clothing-demo-000008,06_mens_clothing,06,02cca4f3b5816c33,v2,17000,,,,,,크로커다일,,
06_mens_clothing-demo-000009,06_mens_clothing,06,963a4543e55961d8,v2,10000,,,,,,자라맨,,
06_mens_clothing-demo-000010,06_mens_clothing,06,a7e2827524f92578,v2,650000,,,,,,VALENTINO,,
06_mens_clothing-demo-000011,06_mens_clothing,06,aaa22e5281bc4ee3,v2,9900,,,,,,젠틀맨스 컨셉,,
06_mens_clothing-demo-000012,06_mens_clothing,06,d546d73ef6d9ba54,v2,1530000,,,,,,몽클레어,,
06_mens_clothing-demo-000013,06_mens_clothing,06,e28cbe4e5693ca71,v2,30000,,,,,,세인트페인,,
06_mens_clothing-demo-000014,06_mens_clothing,06,e4b29ed53f6ee9cc,v2,42596,,,,,,라코스테,,
06_mens_clothing-demo-000015,06_mens_clothing,06,b8ed47e0061b0dcd,v2,400000,,,,,,톰브라운,,
06_mens_clothing-demo-000016,06_mens_clothing,06,169cf899b6b3aa19,v2,23856,,,,,,유니클로,,
06_mens_clothing-demo-000017,06_mens_clothing,06,e9387ada929ca4d0,v2,50000,,,,,,브룩스브라더스,,
06_mens_clothing-demo-000018,06_mens_clothing,06,1e1d61d0cd765876,v2,10000,,,,,,자라,,
06_mens_clothing-demo-000019,06_mens_clothing,06,37be8ee2b0becb90,v2,30000,,,,,,디젤,,
06_mens_clothing-demo-000020,06_mens_clothing,06,169cf899b6b3aa19,v2,17589,,,,,,유니클로,,
06_mens_clothing-demo-000021,06_mens_clothing,06,b78f3022ede410ff,v2,1980000,,,,,,PRADA,,
06_mens_clothing-demo-000022,06_mens_clothing,06,c58f951f01e334d4,v2,40000,,,,,,지오송지오,,
06_mens_clothing-demo-000023,06_mens_clothing,06,59a21971fff68b23,v2,19000,,,,,,Keith Haring,,
06_mens_clothing-demo-000024,06_mens_clothing,06,f4b2ffd260f35c96,v2,70000,,,,,,시리즈,,
06_mens_clothing-demo-000025,06_mens_clothing,06,a0139e02a7549464,v2,10000,,,,,,Johns Hopkins,,
06_mens_clothing-demo-000026,06_mens_clothing,06,06a58c3b599066d0,v2,50000,,,,,,버버리,,
06_mens_clothing-demo-000027,06_mens_clothing,06,57c178d8805b31bc,v2,20000,,,,,,빌리지,,
06_mens_clothing-demo-000028,06_mens_clothing,06,c1ed8ec86a1958f8,v2,50000,,,,,,단톤,,
06_mens_clothing-demo-000029,06_mens_clothing,06,f25f3a7bdab84dc2,v2,1500,,,,,,탑텐,,
06_mens_clothing-demo-000030,06_mens_clothing,06,a557d4c411feba4a,v2,23000,,,,,,DAKS,,
06_mens_clothing-demo-000031,06_mens_clothing,06,5102a04f1e742203,v2,45000,,,,,,폴로랄프로렌,,
06_mens_clothing-demo-000032,06_mens_clothing,06,9e26f7defebafba5,v2,35000,,,,,,솔리드옴므,,
06_mens_clothing-demo-000033,06_mens_clothing,06,1e1d61d0cd765876,v2,31274,,,,,,자라,,
06_mens_clothing-demo-000034,06_mens_clothing,06,9d9c7383371813ad,v2,10000,,,,,,프랑코 페라로,,
06_mens_clothing-demo-000035,06_mens_clothing,06,bc00d61bfe13963d,v2,72834,,,,,,Polo Ralph Lauren,,
06_mens_clothing-demo-000036,06_mens_clothing,06,e0611062121b4df0,v2,55287,,,,,,COS,,
06_mens_clothing-demo-000037,06_mens_clothing,06,b78f3022ede410ff,v2,1980000,,,,,,PRADA,,
06_mens_clothing-demo-000038,06_mens_clothing,06,0221095ce7492e90,v2,200000,,,,,,프레드페리,,
06_mens_clothing-demo-000039,06_mens_clothing,06,157ab8e8d4217b91,v2,40808,,,,,,빈폴,,
06_mens_clothing-demo-000040,06_mens_clothing,06,1e1d61d0cd765876,v2,16899,,,,,,자라,,
06_mens_clothing-demo-000041,06_mens_clothing,06,9cfea7edbbea1c97,v2,19900,,,,,,더셔츠 스튜디오,,
06_mens_clothing-demo-000042,06_mens_clothing,06,cf4af21e63946a9a,v2,38000,,,,,,프레드페리,,
06_mens_clothing-demo-000043,06_mens_clothing,06,cee29ee91aa0b04d,v2,3000,,,,,,파나틱스,,
06_mens_clothing-demo-000044,06_mens_clothing,06,4b52cd32644f5bad,v2,49047,,,,,,타미힐피거,,
06_mens_clothing-demo-000045,06_mens_clothing,06,460d3341344106de,v2,25743,,,,,,헤지스,,
06_mens_clothing-demo-000046,06_mens_clothing,06,157ab8e8d4217b91,v2,32688,,,,,,빈폴,,
06_mens_clothing-demo-000047,06_mens_clothing,06,f4b2ffd260f35c96,v2,70000,,,,,,시리즈,,
06_mens_clothing-demo-000048,06_mens_clothing,06,f25f3a7bdab84dc2,v2,1500,,,,,,탑텐,,
06_mens_clothing-demo-000049,06_mens_clothing,06,4b52cd32644f5bad,v2,25000,,,,,,타미힐피거,,
06_mens_clothing-demo-000050,06_mens_clothing,06,2638473485e58dcc,v2,19000,,,,,,stco,,
06_mens_clothing-demo-000051,06_mens_clothing,06,4aa6b1f2f184645b,v2,16900,,,,,,MILANOVA,,
06_mens_clothing-demo-000052,06_mens_clothing,06,57c178d8805b31bc,v2,20000,,,,,,빌리지,,
06_mens_clothing-demo-000053,06_mens_clothing,06,273b6896d31c81ee,v2,110000,,,,,,타임옴므,,
06_mens_clothing-demo-000054,06_mens_clothing,06,081081b77aa12939,v2,108228,,,,,,폴로 랄프로렌,,
06_mens_clothing-demo-000055,06_mens_clothing,06,d546d73ef6d9ba54,v2,470000,,,,,,몽클레어,,
06_mens_clothing-demo-000056,06_mens_clothing,06,06a58c3b599066d0,v2,110000,,,,,,버버리,,
06_mens_clothing-demo-000057,06_mens_clothing,06,460d3341344106de,v2,30806,,,,,,헤지스,,
06_mens_clothing-demo-000058,06_mens_clothing,06,b8f098fb70e13831,v2,45000,,,,,,듀퐁,,
06_mens_clothing-demo-000059,06_mens_clothing,06,e0611062121b4df0,v2,45545,,,,,,COS,,
06_mens_clothing-demo-000060,06_mens_clothing,06,9e26f7defebafba5,v2,35000,,,,,,아르마니 익스체인지,,
06_mens_clothing-demo-000061,06_mens_clothing,06,e4b29ed53f6ee9cc,v2,46048,,,,,,라코스테,,
06_mens_clothing-demo-000062,06_mens_clothing,06,c58f951f01e334d4,v2,40000,,,,,,지오송지오,,
06_mens_clothing-demo-000063,06_mens_clothing,06,06a58c3b599066d0,v2,115000,,,,,,버버리,,
06_mens_clothing-demo-000064,06_mens_clothing,06,62107ecfbd631c4f,v2,20000,,,,,,꼼데가르송,,
06_mens_clothing-demo-000065,06_mens_clothing,06,ceea91a961835161,v2,180000,,,,,,자라,,
06_mens_clothing-demo-000066,06_mens_clothing,06,081081b77aa12939,v2,96145,,,,,,폴로 랄프로렌,,
06_mens_clothing-demo-000067,06_mens_clothing,06,4b52cd32644f5bad,v2,70000,,,,,,DONNAY,,
06_mens_clothing-demo-000068,06_mens_clothing,06,b8ed47e0061b0dcd,v2,650000,,,,,,헤지스,,
06_mens_clothing-demo-000069,06_mens_clothing,06,06af5eebaa2d9ccd,v2,290000,,,,,,CP 컴퍼니,,
06_mens_clothing-demo-000070,06_mens_clothing,06,460d3341344106de,v2,30458,,,,,,헤지스,,
06_mens_clothing-demo-000071,06_mens_clothing,06,e0611062121b4df0,v2,53697,,,,,,COS,,
06_mens_clothing-demo-000072,06_mens_clothing,06,157ab8e8d4217b91,v2,29931,,,,,,빈폴,,
06_mens_clothing-demo-000073,06_mens_clothing,06,f25f3a7bdab84dc2,v2,1500,,,,,,탑텐,,
06_mens_clothing-demo-000074,06_mens_clothing,06,cb933a12fd5037dd,v2,150000,,,,,,CARVEN,,
06_mens_clothing-demo-000075,06_mens_clothing,06,5102a04f1e742203,v2,45000,,,,,,폴로랄프로렌,,
06_mens_clothing-demo-000076,06_mens_clothing,06,b78f3022ede410ff,v2,1980000,,,,,,PRADA,,
06_mens_clothing-demo-000077,06_mens_clothing,06,b4fee045faecfee4,v2,45000,,,,,,톰브라운,,
06_mens_clothing-demo-000078,06_mens_clothing,06,cf4af21e63946a9a,v2,38000,,,,,,인디안,,
06_mens_clothing-demo-000079,06_mens_clothing,06,b8f098fb70e13831,v2,45000,,,,,,듀퐁,,
06_mens_clothing-demo-000080,06_mens_clothing,06,e9536c9486fda8b5,v2,60000,,,,,,A/X,,
06_mens_clothing-demo-000081,06_mens_clothing,06,4b52cd32644f5bad,v2,70000,,,,,,타미힐피거,,
06_mens_clothing-demo-000082,06_mens_clothing,06,06a58c3b599066d0,v2,110000,,,,,,버버리,,
06_mens_clothing-demo-000083,06_mens_clothing,06,081081b77aa12939,v2,66530,,,,,,폴로 랄프로렌,,
06_mens_clothing-demo-000084,06_mens_clothing,06,e9387ada929ca4d0,v2,50000,,,,,,브룩스브라더스,,
06_mens_clothing-demo-000085,06_mens_clothing,06,2638473485e58dcc,v2,32000,,,,,,stco,,
06_mens_clothing-demo-000086,06_mens_clothing,06,963a4543e55961d8,v2,10000,,,,,,자라맨,,
06_mens_clothing-demo-000087,06_mens_clothing,06,6721b29c4027c71e,v2,69000,,,,,,THEORY,,
06_mens_clothing-demo-000088,06_mens_clothing,06,59a21971fff68b23,v2,19000,,,,,,바나나리퍼블릭,,
06_mens_clothing-demo-000089,06_mens_clothing,06,bc00d61bfe13963d,v2,93941,,,,,,Polo Ralph Lauren,,
06_mens_clothing-demo-000090,06_mens_clothing,06,7b51b95418cc10af,v2,49000,,,,,,the editor,,
06_mens_clothing-demo-000091,06_mens_clothing,06,a6417a5260c0a799,v2,50000,,,,,,버버리,,
06_mens_clothing-demo-000092,06_mens_clothing,06,1e1d61d0cd765876,v2,35487,,,,,,자라,,
06_mens_clothing-demo-000093,06_mens_clothing,06,460d3341344106de,v2,32598,,,,,,헤지스,,
06_mens_clothing-demo-000094,06_mens_clothing,06,9bd0ccb7814dda37,v2,38000,,,,,,버커루,,
06_mens_clothing-demo-000095,06_mens_clothing,06,62107ecfbd631c4f,v2,20000,,,,,,TATE,,
06_mens_clothing-demo-000096,06_mens_clothing,06,d7e7311577ac3ac0,v2,73000,,,,,,TITLELIST,,
06_mens_clothing-demo-000097,06_mens_clothing,06,5f04502525484021,v2,100000,,,,,,사스콰치 패브릭스,,
06_mens_clothing-demo-000098,06_mens_clothing,06,37be8ee2b0becb90,v2,30000,,,,,,디젤,,
06_mens_clothing-demo-000099,06_mens_clothing,06,3e475f03d6d21608,v2,5000,,,,,,앤듀,,
06_mens_clothing-demo-000100,06_mens_clothing,06,cee29ee91aa0b04d,v2,3000,,,,,,파나틱스,,
06_mens_clothing-demo-000101,06_mens_clothing,06,157ab8e8d4217b91,v2,27591,,,,,,빈폴,,
06_mens_clothing-demo-000102,06_mens_clothing,06,e4b29ed53f6ee9cc,v2,50298,,,,,,라코스테,,
06_mens_clothing-demo-000103,06_mens_clothing,06,081081b77aa12939,v2,52884,,,,,,폴로 랄프로렌,,
06_mens_clothing-demo-000104,06_mens_clothing,06,8c036fd2d9ae8b79,v2,23000,,,,,,노스페이스,,
06_mens_clothing-demo-000105,06_mens_clothing,06,f4b2ffd260f35c96,v2,70000,,,,,,시리즈,,
06_mens_clothing-demo-000106,06_mens_clothing,06,d35a1c40300a0833,v2,10000,,,,,,DONNAY,,
06_mens_clothing-demo-000107,06_mens_clothing,06,e014a7718a77ed13,v2,7000,,,,,,폴햄,,
06_mens_clothing-demo-000108,06_mens_clothing,06,727be84155556337,v2,890000,,,,,,루이비더,,
06_mens_clothing-demo-000109,06_mens_clothing,06,081081b77aa12939,v2,73728,,,,,,폴로 랄프로렌,,
06_mens_clothing-demo-000110,06_mens_clothing,06,d546d73ef6d9ba54,v2,470000,,,,,,몽클레어,,
06_mens_clothing-demo-000111,06_mens_clothing,06,d6b20de9a502b36d,v2,16000,,,,,,Super brand,,
06_mens_clothing-demo-000112,06_mens_clothing,06,4b52cd32644f5bad,v2,47483,,,,,,타미힐피거,,
06_mens_clothing-demo-000113,06_mens_clothing,06,57c178d8805b31bc,v2,20000,,,,,,빌리지,,
06_mens_clothing-demo-000114,06_mens_clothing,06,a6417a5260c0a799,v2,50000,,,,,,와일드앵글,,
06_mens_clothing-demo-000115,06_mens_clothing,06,625363f4952a1958,v2,49000,,,,,,로가디스,,
06_mens_clothing-demo-000116,06_mens_clothing,06,2a07d3c42a25e47d,v2,180000,,,,,,빌리지,,
06_mens_clothing-demo-000117,06_mens_clothing,06,a7cbcb879a2e806b,v2,50000,,,,,,닥스,,
06_mens_clothing-demo-000118,06_mens_clothing,06,4c278515d23adb42,v2,60000,,,,,,슈퍼드라이,,
06_mens_clothing-demo-000119,06_mens_clothing,06,bc00d61bfe13963d,v2,70000,,,,,,Polo Ralph Lauren,,
06_mens_clothing-demo-000120,06_mens_clothing,06,a7cbcb879a2e806b,v2,35000,,,,,,닥스,,
06_mens_clothing-demo-000121,06_mens_clothing,06,4fa8b166af5ca245,v2,163500,,,,,,꼼데가르송,,
06_mens_clothing-demo-000122,06_mens_clothing,06,66fc5148df4d7a18,v2,490000,,,,,,프라다,,
06_mens_clothing-demo-000123,06_mens_clothing,06,4b52cd32644f5bad,v2,48428,,,,,,타미힐피거,,
06_mens_clothing-demo-000124,06_mens_clothing,06,5395e79ba9ea0eb3,v2,68000,,,,,,단톤,,
06_mens_clothing-demo-000125,06_mens_clothing,06,e014a7718a77ed13,v2,7000,,,,,,폴햄,,
06_mens_clothing-demo-000126,06_mens_clothing,06,081081b77aa12939,v2,92949,,,,,,폴로 랄프로렌,,
06_mens_clothing-demo-000127,06_mens_clothing,06,d7e7311577ac3ac0,v2,73000,,,,,,TITLELIST,,
06_mens_clothing-demo-000128,06_mens_clothing,06,41e8418be72208c4,v2,35000,,,,,,TNGT,,
06_mens_clothing-demo-000129,06_mens_clothing,06,c1d5964c741ff71d,v2,17000,,,,,,Gucci,,
06_mens_clothing-demo-000130,06_mens_clothing,06,157ab8e8d4217b91,v2,43686,,,,,,헤지스,,
06_mens_clothing-demo-000131,06_mens_clothing,06,b8f098fb70e13831,v2,45000,,,,,,듀퐁,,
06_mens_clothing-demo-000132,06_mens_clothing,06,1e1d61d0cd765876,v2,18564,,,,,,자라,,
06_mens_clothing-demo-000133,06_mens_clothing,06,1e1d61d0cd765876,v2,16746,,,,,,자라,,
06_mens_clothing-demo-000134,06_mens_clothing,06,a7e2827524f92578,v2,650000,,,,,,VALENTINO,,
06_mens_clothing-demo-000135,06_mens_clothing,06,e0611062121b4df0,v2,54083,,,,,,COS,,
06_mens_clothing-demo-000136,06_mens_clothing,06,0f05d8b86df524c1,v2,43229,,,,,,Lacoste,,
06_mens_clothing-demo-000137,06_mens_clothing,06,08bb7d58eca3690e,v2,7000,,,,,,베이직하우스,,
06_mens_clothing-demo-000138,06_mens_clothing,06,1ab2a6dc635e3c78,v2,25000,,,,,,KNUT CLUB,,
06_mens_clothing-demo-000139,06_mens_clothing,06,081081b77aa12939,v2,106238,,,,,,폴로 랄프로렌,,
06_mens_clothing-demo-000140,06_mens_clothing,06,206322d76cba0cf8,v2,980000,,,,,,Louis Vuitton,,
06_mens_clothing-demo-000141,06_mens_clothing,06,5d5e9bbd88ce4d47,v2,13500,,,,,,컨셉원,,
06_mens_clothing-demo-000142,06_mens_clothing,06,4aa6b1f2f184645b,v2,16900,,,,,,MILANOVA,,
06_mens_clothing-demo-000143,06_mens_clothing,06,157ab8e8d4217b91,v2,33003,,,,,,빈폴,,
06_mens_clothing-demo-000144,06_mens_clothing,06,f4b2ffd260f35c96,v2,70000,,,,,,시리즈,,
06_mens_clothing-demo-000145,06_mens_clothing,06,d35a1c40300a0833,v2,10000,,,,,,DONNAY,,
06_mens_clothing-demo-000146,06_mens_clothing,06,62107ecfbd631c4f,v2,20000,,,,,,아르마니 익스체인지,,
06_mens_clothing-demo-000147,06_mens_clothing,06,bc00d61bfe13963d,v2,76619,,,,,,Polo Ralph Lauren,,
06_mens_clothing-demo-000148,06_mens_clothing,06,59a21971fff68b23,v2,19000,,,,,,Keith Haring,,
06_mens_clothing-demo-000149,06_mens_clothing,06,259e2fc0964c624a,v2,980000,,,,,,Gucci,,
06_mens_clothing-demo-000150,06_mens_clothing,06,9e26f7defebafba5,v2,35000,,,,,,아르마니 익스체인지,,
06_mens_clothing-demo-000151,06_mens_clothing,06,fed8ae58ace20d2c,v2,79000,,,,,,커스텀멜로우,,
06_mens_clothing-demo-000152,06_mens_clothing,06,a7cbcb879a2e806b,v2,35000,,,,,,닥스,,
06_mens_clothing-demo-000153,06_mens_clothing,06,5395e79ba9ea0eb3,v2,68000,,,,,,단톤,,
06_mens_clothing-demo-000154,06_mens_clothing,06,2e6b351c23610060,v2,120000,,,,,,자라,,
06_mens_clothing-demo-000155,06_mens_clothing,06,0221095ce7492e90,v2,200000,,,,,,프레드페리,,
06_mens_clothing-demo-000156,06_mens_clothing,06,92400ce63237a0c1,v2,150000,,,,,,알레그리,,
06_mens_clothing-demo-000157,06_mens_clothing,06,9bd0ccb7814dda37,v2,38000,,,,,,버커루,,
06_mens_clothing-demo-000158,06_mens_clothing,06,0221095ce7492e90,v2,200000,,,,,,프레드페리,,
06_mens_clothing-demo-000159,06_mens_clothing,06,1944ff7d0b621fd1,v2,150000,,,,,,솔리드옴므,,
06_mens_clothing-demo-000160,06_mens_clothing,06,e0611062121b4df0,v2,44731,,,,,,COS,,
06_mens_clothing-demo-000161,06_mens_clothing,06,92400ce63237a0c1,v2,150000,,,,,,알레그리,,
06_mens_clothing-demo-000162,06_mens_clothing,06,9cfea7edbbea1c97,v2,19900,,,,,,더셔츠 스튜디오,,
06_mens_clothing-demo-000163,06_mens_clothing,06,a0139e02a7549464,v2,10000,,,,,,Johns Hopkins,,
06_mens_clothing-demo-000164,06_mens_clothing,06,b8ed47e0061b0dcd,v2,400000,,,,,,톰브라운,,
06_mens_clothing-demo-000165,06_mens_clothing,06,bc00d61bfe13963d,v2,94876,,,,,,Polo Ralph Lauren,,
06_mens_clothing-demo-000166,06_mens_clothing,06,aefef6ed0b5c4621,v2,15000,,,,,,All The,,
06_mens_clothing-demo-000167,06_mens_clothing,06,081081b77aa12939,v2,80265,,,,,,폴로 랄프로렌,,
06_mens_clothing-demo-000168,06_mens_clothing,06,460d3341344106de,v2,27238,,,,,,헤지스,,
06_mens_clothing-demo-000169,06_mens_clothing,06,a6417a5260c0a799,v2,50000,,,,,,와일드앵글,,
06_mens_clothing-demo-000170,06_mens_clothing,06,37be8ee2b0becb90,v2,30000,,,,,,디젤,,
06_mens_clothing-demo-000171,06_mens_clothing,06,4b52cd32644f5bad,v2,59285,,,,,,타미힐피거,,
06_mens_clothing-demo-000172,06_mens_clothing,06,169cf899b6b3aa19,v2,24925,,,,,,유니클로,,
06_mens_clothing-demo-000173,06_mens_clothing,06,aaa22e5281bc4ee3,v2,9900,,,,,,젠틀맨스 컨셉,,
06_mens_clothing-demo-000174,06_mens_clothing,06,4fa8b166af5ca245,v2,163500,,,,,,꼼데가르송,,
06_mens_clothing-demo-000175,06_mens_clothing,06,59a21971fff68b23,v2,19000,,,,,,유니클로,,
06_mens_clothing-demo-000176,06_mens_clothing,06,e0611062121b4df0,v2,52626,,,,,,COS,,
06_mens_clothing-demo-000177,06_mens_clothing,06,e28cbe4e5693ca71,v2,30000,,,,,,세인트페인,,
06_mens_clothing-demo-000178,06_mens_clothing,06,aefef6ed0b5c4621,v2,15000,,,,,,All The,,
06_mens_clothing-demo-000179,06_mens_clothing,06,06af5eebaa2d9ccd,v2,290000,,,,,,Polo Ralph Lauren,,
06_mens_clothing-demo-000180,06_mens_clothing,06,460d3341344106de,v2,27455,,,,,,헤지스,,
06_mens_clothing-demo-000181,06_mens_clothing,06,9e26f7defebafba5,v2,35000,,,,,,아르마니 익스체인지,,
06_mens_clothing-demo-000182,06_mens_clothing,06,41e8418be72208c4,v2,35000,,,,,,TNGT,,
06_mens_clothing-demo-000183,06_mens_clothing,06,e0611062121b4df0,v2,54579,,,,,,COS,,
06_mens_clothing-demo-000184,06_mens_clothing,06,4b52cd32644f5bad,v2,29172,,,,,,타미힐피거,,
06_mens_clothing-demo-000185,06_mens_clothing,06,169cf899b6b3aa19,v2,25452,,,,,,유니클로,,
06_mens_clothing-demo-000186,06_mens_clothing,06,169cf899b6b3aa19,v2,26835,,,,,,유니클로,,
06_mens_clothing-demo-000187,06_mens_clothing,06,4b52cd32644f5bad,v2,34482,,,,,,타미힐피거,,
06_mens_clothing-demo-000188,06_mens_clothing,06,5395e79ba9ea0eb3,v2,68000,,,,,,단톤,,
06_mens_clothing-demo-000189,06_mens_clothing,06,8c036fd2d9ae8b79,v2,23000,,,,,,노스페이스,,
06_mens_clothing-demo-000190,06_mens_clothing,06,e0611062121b4df0,v2,53966,,,,,,COS,,
06_mens_clothing-demo-000191,06_mens_clothing,06,206322d76cba0cf8,v2,950000,,,,,,the editor,,
06_mens_clothing-demo-000192,06_mens_clothing,06,081081b77aa12939,v2,74414,,,,,,폴로 랄프로렌,,
06_mens_clothing-demo-000193,06_mens_clothing,06,081081b77aa12939,v2,81536,,,,,,폴로 랄프로렌,,
06_mens_clothing-demo-000194,06_mens_clothing,06,460d3341344106de,v2,31656,,,,,,헤지스,,
06_mens_clothing-demo-000195,06_mens_clothing,06,5f04502525484021,v2,100000,,,,,,사스콰치 패브릭스,,
06_mens_clothing-demo-000196,06_mens_clothing,06,e9536c9486fda8b5,v2,60000,,,,,,A/X,,
06_mens_clothing-demo-000197,06_mens_clothing,06,0f05d8b86df524c1,v2,47720,,,,,,Lacoste,,
06_mens_clothing-demo-000198,06_mens_clothing,06,41e8418be72208c4,v2,35000,,,,,,TNGT,,
06_mens_clothing-demo-000199,06_mens_clothing,06,625363f4952a1958,v2,49000,,,,,,로가디스,,
06_mens_clothing-demo-000200,06_mens_clothing,06,57c178d8805b31bc,v2,20000,,,,,,빌리지,,
06_mens_clothing-demo-000201,06_mens_clothing,06,5d5e9bbd88ce4d47,v2,13500,,,,,,컨셉원,,
06_mens_clothing-demo-000202,06_mens_clothing,06,5395e79ba9ea0eb3,v2,68000,,,,,,단톤,,
06_mens_clothing-demo-000203,06_mens_clothing,06,9bd0ccb7814dda37,v2,38000,,,,,,버커루,,
06_mens_clothing-demo-000204,06_mens_clothing,06,06a58c3b599066d0,v2,110000,,,,,,버버리,,
06_mens_clothing-demo-000205,06_mens_clothing,06,e014a7718a77ed13,v2,7000,,,,,,폴햄,,
06_mens_clothing-demo-000206,06_mens_clothing,06,ceea91a961835161,v2,180000,,,,,,STU,,
06_mens_clothing-demo-000207,06_mens_clothing,06,99d4ae484ccfd392,v2,1150000,,,,,,Balenciaga,,
06_mens_clothing-demo-000208,06_mens_clothing,06,62107ecfbd631c4f,v2,20000,,,,,,TATE,,
06_mens_clothing-demo-000209,06_mens_clothing,06,74b9c8c9cabcd800,v2,20000,,,,,,레어뷰 rareview,,
06_mens_clothing-demo-000210,06_mens_clothing,06,e0611062121b4df0,v2,52028,,,,,,COS,,
06_mens_clothing-demo-000211,06_mens_clothing,06,e0611062121b4df0,v2,53378,,,,,,COS,,
06_mens_clothing-demo-000212,06_mens_clothing,06,169cf899b6b3aa19,v2,17134,,,,,,라코스테,,
06_mens_clothing-demo-000213,06_mens_clothing,06,e8b36b22f5e4d6db,v2,40000,,,,,,IMPERIAL,,
06_mens_clothing-demo-000214,06_mens_clothing,06,d34a37cede7dc617,v2,130000,,,,,,Allegri,,
06_mens_clothing-demo-000215,06_mens_clothing,06,e0611062121b4df0,v2,47999,,,,,,와일드앵글,,
06_mens_clothing-demo-000216,06_mens_clothing,06,92400ce63237a0c1,v2,150000,,,,,,알레그리,,
06_mens_clothing-demo-000217,06_mens_clothing,06,460d3341344106de,v2,32824,,,,,,헤지스,,
06_mens_clothing-demo-000218,06_mens_clothing,06,92400ce63237a0c1,v2,150000,,,,,,알레그리,,
06_mens_clothing-demo-000219,06_mens_clothing,06,157ab8e8d4217b91,v2,30498,,,,,,빈폴,,
06_mens_clothing-demo-000220,06_mens_clothing,06,169cf899b6b3aa19,v2,20352,,,,,,유니클로,,
06_mens_clothing-demo-000221,06_mens_clothing,06,206322d76cba0cf8,v2,980000,,,,,,Louis Vuitton,,
06_mens_clothing-demo-000222,06_mens_clothing,06,e9536c9486fda8b5,v2,60000,,,,,,A/X,,
06_mens_clothing-demo-000223,06_mens_clothing,06,e0611062121b4df0,v2,48903,,,,,,COS,,
06_mens_clothing-demo-000224,06_mens_clothing,06,3fa3032058c56b08,v2,25000,,,,,,레어뷰 rareview,,
06_mens_clothing-demo-000225,06_mens_clothing,06,f9fe1aae14fd1c7d,v2,45000,,,,,,갤럭시,,
06_mens_clothing-demo-000226,06_mens_clothing,06,7b51b95418cc10af,v2,49000,,,,,,the editor,,
06_mens_clothing-demo-000227,06_mens_clothing,06,206322d76cba0cf8,v2,980000,,,,,,Louis Vuitton,,
06_mens_clothing-demo-000228,06_mens_clothing,06,59a21971fff68b23,v2,19000,,,,,,Keith Haring,,
06_mens_clothing-demo-000229,06_mens_clothing,06,4aa6b1f2f184645b,v2,16900,,,,,,MILANOVA,,
06_mens_clothing-demo-000230,06_mens_clothing,06,f25f3a7bdab84dc2,v2,6000,,,,,,탑텐,,
06_mens_clothing-demo-000231,06_mens_clothing,06,169cf899b6b3aa19,v2,22985,,,,,,유니클로,,
06_mens_clothing-demo-000232,06_mens_clothing,06,1e1d61d0cd765876,v2,21050,,,,,,자라,,
06_mens_clothing-demo-000233,06_mens_clothing,06,cb933a12fd5037dd,v2,150000,,,,,,디젤,,
06_mens_clothing-demo-000234,06_mens_clothing,06,5395e79ba9ea0eb3,v2,68000,,,,,,단톤,,
06_mens_clothing-demo-000235,06_mens_clothing,06,4fa8b166af5ca245,v2,28000,,,,,,꼼데가르송,,
06_mens_clothing-demo-000236,06_mens_clothing,06,62107ecfbd631c4f,v2,20000,,,,,,TATE,,
06_mens_clothing-demo-000237,06_mens_clothing,06,f25f3a7bdab84dc2,v2,1500,,,,,,탑텐,,
06_mens_clothing-demo-000238,06_mens_clothing,06,fed8ae58ace20d2c,v2,79000,,,,,,커스텀멜로우,,
06_mens_clothing-demo-000239,06_mens_clothing,06,5395e79ba9ea0eb3,v2,68000,,,,,,유니클로,,
06_mens_clothing-demo-000240,06_mens_clothing,06,02cca4f3b5816c33,v2,17000,,,,,,몽클레어,,
06_mens_clothing-demo-000241,06_mens_clothing,06,f02229812ba92afd,v2,38000,,,,,,espionage,,
06_mens_clothing-demo-000242,06_mens_clothing,06,d546d73ef6d9ba54,v2,220000,,,,,,몽클레어,,
06_mens_clothing-demo-000243,06_mens_clothing,06,4fa8b166af5ca245,v2,28000,,,,,,꼼데가르송,,
06_mens_clothing-demo-000244,06_mens_clothing,06,b8ed47e0061b0dcd,v2,650000,,,,,,톰브라운,,
06_mens_clothing-demo-000245,06_mens_clothing,06,4fa8b166af5ca245,v2,28000,,,,,,꼼데가르송,,
06_mens_clothing-demo-000246,06_mens_clothing,06,1e1d61d0cd765876,v2,10377,,,,,,자라,,
06_mens_clothing-demo-000247,06_mens_clothing,06,157ab8e8d4217b91,v2,60434,,,,,,빈폴,,
06_mens_clothing-demo-000248,06_mens_clothing,06,cee29ee91aa0b04d,v2,3000,,,,,,파나틱스,,
06_mens_clothing-demo-000249,06_mens_clothing,06,4b52cd32644f5bad,v2,53365,,,,,,타미힐피거,,
06_mens_clothing-demo-000250,06_mens_clothing,06,57c178d8805b31bc,v2,20000,,,,,,빌리지,,
06_mens_clothing-demo-000251,06_mens_clothing,06,b78f3022ede410ff,v2,1980000,,,,,,PRADA,,
06_mens_clothing-demo-000252,06_mens_clothing,06,21649774cfd6c1be,v2,30000,,,,,,MR GREY,,
06_mens_clothing-demo-000253,06_mens_clothing,06,4c278515d23adb42,v2,60000,,,,,,슈퍼드라이,,
06_mens_clothing-demo-000254,06_mens_clothing,06,4976517a00befa47,v2,120000,,,,,,아미,,
06_mens_clothing-demo-000255,06_mens_clothing,06,169cf899b6b3aa19,v2,26314,,,,,,유니클로,,
06_mens_clothing-demo-000256,06_mens_clothing,06,2da1a27956e1d3e9,v2,40000,,,,,,먼싱웨어,,
06_mens_clothing-demo-000257,06_mens_clothing,06,2e6b351c23610060,v2,120000,,,,,,건지울른스,,
06_mens_clothing-demo-000258,06_mens_clothing,06,e4b29ed53f6ee9cc,v2,53645,,,,,,라코스테,,
06_mens_clothing-demo-000259,06_mens_clothing,06,8b4c4207cd5f3f5b,v2,28000,,,,,,LOUIS TCROWN,,
06_mens_clothing-demo-000260,06_mens_clothing,06,37be8ee2b0becb90,v2,30000,,,,,,디젤,,
06_mens_clothing-demo-000261,06_mens_clothing,06,4b52cd32644f5bad,v2,32256,,,,,,타미힐피거,,
06_mens_clothing-demo-000262,06_mens_clothing,06,d34a37cede7dc617,v2,130000,,,,,,Allegri,,
06_mens_clothing-demo-000263,06_mens_clothing,06,aaa22e5281bc4ee3,v2,9900,,,,,,젠틀맨스 컨셉,,
06_mens_clothing-demo-000264,06_mens_clothing,06,0f05d8b86df524c1,v2,40758,,,,,,Lacoste,,
06_mens_clothing-demo-000265,06_mens_clothing,06,aefef6ed0b5c4621,v2,15000,,,,,,All The,,
06_mens_clothing-demo-000266,06_mens_clothing,06,0f05d8b86df524c1,v2,40000,,,,,,Lacoste,,
06_mens_clothing-demo-000267,06_mens_clothing,06,92400ce63237a0c1,v2,150000,,,,,,알레그리,,
06_mens_clothing-demo-000268,06_mens_clothing,06,4fa8b166af5ca245,v2,28000,,,,,,꼼데가르송,,
06_mens_clothing-demo-000269,06_mens_clothing,06,aefef6ed0b5c4621,v2,15000,,,,,,트레이드클럽,,
06_mens_clothing-demo-000270,06_mens_clothing,06,c16522c2ecc363bb,v2,110000,,,,,,세인트제임스,,
06_mens_clothing-demo-000271,06_mens_clothing,06,cb933a12fd5037dd,v2,150000,,,,,,STU,,
06_mens_clothing-demo-000272,06_mens_clothing,06,206322d76cba0cf8,v2,950000,,,,,,Louis Vuitton,,
06_mens_clothing-demo-000273,06_mens_clothing,06,a7cbcb879a2e806b,v2,50000,,,,,,DIESEL,,
06_mens_clothing-demo-000274,06_mens_clothing,06,0f05d8b86df524c1,v2,43550,,,,,,Lacoste,,
06_mens_clothing-demo-000275,06_mens_clothing,06,c1d5964c741ff71d,v2,17000,,,,,,IMPERIAL,,
06_mens_clothing-demo-000276,06_mens_clothing,06,a7cbcb879a2e806b,v2,48000,,,,,,닥스,,
06_mens_clothing-demo-000277,06_mens_clothing,06,4b52cd32644f5bad,v2,27826,,,,,,타미힐피거,,
06_mens_clothing-demo-000278,06_mens_clothing,06,460d3341344106de,v2,26049,,,,,,헤지스,,
06_mens_clothing-demo-000279,06_mens_clothing,06,87006448219d090b,v2,40000,,,,,,와이드앵글,,
06_mens_clothing-demo-000280,06_mens_clothing,06,625363f4952a1958,v2,49000,,,,,,로가디스,,
06_mens_clothing-demo-000281,06_mens_clothing,06,169cf899b6b3aa19,v2,18893,,,,,,유니클로,,
06_mens_clothing-demo-000282,06_mens_clothing,06,59a21971fff68b23,v2,19000,,,,,,Keith Haring,,
06_mens_clothing-demo-000283,06_mens_clothing,06,0f05d8b86df524c1,v2,40000,,,,,,Lacoste,,
06_mens_clothing-demo-000284,06_mens_clothing,06,4fa8b166af5ca245,v2,163500,,,,,,꼼데가르송,,
06_mens_clothing-demo-000285,06_mens_clothing,06,0f05d8b86df524c1,v2,40000,,,,,,Lacoste,,
06_mens_clothing-demo-000286,06_mens_clothing,06,8c036fd2d9ae8b79,v2,23000,,,,,,노스페이스,,
06_mens_clothing-demo-000287,06_mens_clothing,06,06af5eebaa2d9ccd,v2,290000,,,,,,CP 컴퍼니,,
06_mens_clothing-demo-000288,06_mens_clothing,06,c1ed8ec86a1958f8,v2,50000,,,,,,아워스코프,,
06_mens_clothing-demo-000289,06_mens_clothing,06,460d3341344106de,v2,31700,,,,,,헤지스,,
06_mens_clothing-demo-000290,06_mens_clothing,06,a7cbcb879a2e806b,v2,50000,,,,,,닥스,,
06_mens_clothing-demo-000291,06_mens_clothing,06,081081b77aa12939,v2,93190,,,,,,폴로 랄프로렌,,
06_mens_clothing-demo-000292,06_mens_clothing,06,8b4c4207cd5f3f5b,v2,28000,,,,,,LOUIS TCROWN,,
06_mens_clothing-demo-000293,06_mens_clothing,06,e0611062121b4df0,v2,57063,,,,,,COS,,
06_mens_clothing-demo-000294,06_mens_clothing,06,41e8418be72208c4,v2,35000,,,,,,TNGT,,
06_mens_clothing-demo-000295,06_mens_clothing,06,bc00d61bfe13963d,v2,70005,,,,,,Polo Ralph Lauren,,
06_mens_clothing-demo-000296,06_mens_clothing,06,963a4543e55961d8,v2,10000,,,,,,자라맨,,
06_mens_clothing-demo-000297,06_mens_clothing,06,8c036fd2d9ae8b79,v2,23000,,,,,,노스페이스,,
06_mens_clothing-demo-000298,06_mens_clothing,06,460d3341344106de,v2,26578,,,,,,헤지스,,
06_mens_clothing-demo-000299,06_mens_clothing,06,06a58c3b599066d0,v2,110000,,,,,,버버리,,
06_mens_clothing-demo-000300,06_mens_clothing,06,6721b29c4027c71e,v2,69000,,,,,,LOUIS TCROWN,,
06_mens_clothing-demo-000301,06_mens_clothing,06,206322d76cba0cf8,v2,980000,,,,,,자라맨,,
06_mens_clothing-demo-000302,06_mens_clothing,06,b8f098fb70e13831,v2,45000,,,,,,듀퐁,,
06_mens_clothing-demo-000303,06_mens_clothing,06,4fa8b166af5ca245,v2,163500,,,,,,꼼데가르송,,
06_mens_clothing-demo-000304,06_mens_clothing,06,5395e79ba9ea0eb3,v2,68000,,,,,,단톤,,
06_mens_clothing-demo-000305,06_mens_clothing,06,4fa8b166af5ca245,v2,28000,,,,,,꼼데가르송,,
06_mens_clothing-demo-000306,06_mens_clothing,06,bc00d61bfe13963d,v2,70000,,,,,,Polo Ralph Lauren,,
06_mens_clothing-demo-000307,06_mens_clothing,06,e28cbe4e5693ca71,v2,30000,,,,,,세인트페인,,
06_mens_clothing-demo-000308,06_mens_clothing,06,f25f3a7bdab84dc2,v2,6000,,,,,,탑텐,,
06_mens_clothing-demo-000309,06_mens_clothing,06,0f05d8b86df524c1,v2,40000,,,,,,Lacoste,,
06_mens_clothing-demo-000310,06_mens_clothing,06,d72947c5c9fce3e8,v2,20000,,,,,,Allegri,,
06_mens_clothing-demo-000311,06_mens_clothing,06,e9387ada929ca4d0,v2,50000,,,,,,브룩스브라더스,,
06_mens_clothing-demo-000312,06_mens_clothing,06,a7e2827524f92578,v2,650000,,,,,,VALENTINO,,
06_mens_clothing-demo-000313,06_mens_clothing,06,e9387ada929ca4d0,v2,50000,,,,,,브룩스브라더스,,
06_mens_clothing-demo-000314,06_mens_clothing,06,169cf899b6b3aa19,v2,25606,,,,,,유니클로,,
06_mens_clothing-demo-000315,06_mens_clothing,06,ceea91a961835161,v2,180000,,,,,,STU,,
06_mens_clothing-demo-000316,06_mens_clothing,06,d72947c5c9fce3e8,v2,20000,,,,,,mouli,,
06_mens_clothing-demo-000317,06_mens_clothing,06,081081b77aa12939,v2,80437,,,,,,폴로 랄프로렌,,
06_mens_clothing-demo-000318,06_mens_clothing,06,e0611062121b4df0,v2,49953,,,,,,COS,,
06_mens_clothing-demo-000319,06_mens_clothing,06,bc00d61bfe13963d,v2,82244,,,,,,Polo Ralph Lauren,,
06_mens_clothing-demo-000320,06_mens_clothing,06,bc00d61bfe13963d,v2,85658,,,,,,Polo Ralph Lauren,,
06_mens_clothing-demo-000321,06_mens_clothing,06,c1d5964c741ff71d,v2,17000,,,,,,IMPERIAL,,
06_mens_clothing-demo-000322,06_mens_clothing,06,1e1d61d0cd765876,v2,10000,,,,,,자라,,
06_mens_clothing-demo-000323,06_mens_clothing,06,06af5eebaa2d9ccd,v2,290000,,,,,,CP 컴퍼니,,
06_mens_clothing-demo-000324,06_mens_clothing,06,b78f3022ede410ff,v2,1980000,,,,,,PRADA,,
06_mens_clothing-demo-000325,06_mens_clothing,06,d6b20de9a502b36d,v2,16000,,,,,,Super brand,,
06_mens_clothing-demo-000326,06_mens_clothing,06,8b4c4207cd5f3f5b,v2,28000,,,,,,LOUIS TCROWN,,
06_mens_clothing-demo-000327,06_mens_clothing,06,5d5e9bbd88ce4d47,v2,13500,,,,,,컨셉원,,
06_mens_clothing-demo-000328,06_mens_clothing,06,5d5e9bbd88ce4d47,v2,13500,,,,,,컨셉원,,
06_mens_clothing-demo-000329,06_mens_clothing,06,d34a37cede7dc617,v2,130000,,,,,,Allegri,,
06_mens_clothing-demo-000330,06_mens_clothing,06,06a58c3b599066d0,v2,115000,,,,,,버버리,,
06_mens_clothing-demo-000331,06_mens_clothing,06,e0611062121b4df0,v2,53333,,,,,,COS,,
06_mens_clothing-demo-000332,06_mens_clothing,06,99d4ae484ccfd392,v2,1150000,,,,,,Balenciaga,,
06_mens_clothing-demo-000333,06_mens_clothing,06,66fc5148df4d7a18,v2,490000,,,,,,프라다,,
06_mens_clothing-demo-000334,06_mens_clothing,06,1e1d61d0cd765876,v2,10422,,,,,,자라,,
06_mens_clothing-demo-000335,06_mens_clothing,06,1e1d61d0cd765876,v2,21113,,,,,,자라,,
06_mens_clothing-demo-000336,06_mens_clothing,06,f25f3a7bdab84dc2,v2,14900,,,,,,탑텐,,
06_mens_clothing-demo-000337,06_mens_clothing,06,963a4543e55961d8,v2,10000,,,,,,자라맨,,
06_mens_clothing-demo-000338,06_mens_clothing,06,0f05d8b86df524c1,v2,40000,,,,,,Lacoste,,
06_mens_clothing-demo-000339,06_mens_clothing,06,0f05d8b86df524c1,v2,42331,,,,,,Lacoste,,
06_mens_clothing-demo-000340,06_mens_clothing,06,169cf899b6b3aa19,v2,23393,,,,,,유니클로,,
06_mens_clothing-demo-000341,06_mens_clothing,06,081081b77aa12939,v2,76921,,,,,,폴로 랄프로렌,,
06_mens_clothing-demo-000342,06_mens_clothing,06,157ab8e8d4217b91,v2,25000,,,,,,빈폴,,
06_mens_clothing-demo-000343,06_mens_clothing,06,0f05d8b86df524c1,v2,40000,,,,,,Lacoste,,
06_mens_clothing-demo-000344,06_mens_clothing,06,169cf899b6b3aa19,v2,22974,,,,,,유니클로,,
06_mens_clothing-demo-000345,06_mens_clothing,06,a7e2827524f92578,v2,650000,,,,,,VALENTINO,,
06_mens_clothing-demo-000346,06_mens_clothing,06,169cf899b6b3aa19,v2,26097,,,,,,유니클로,,
06_mens_clothing-demo-000347,06_mens_clothing,06,292870bbebef29e4,v2,6000,,,,,,GANT,,
06_mens_clothing-demo-000348,06_mens_clothing,06,e4b29ed53f6ee9cc,v2,52377,,,,,,라코스테,,
06_mens_clothing-demo-000349,06_mens_clothing,06,a7e2827524f92578,v2,650000,,,,,,VALENTINO,,
06_mens_clothing-demo-000350,06_mens_clothing,06,4b52cd32644f5bad,v2,25411,,,,,,타미힐피거,,
06_mens_clothing-demo-000351,06_mens_clothing,06,a557d4c411feba4a,v2,23000,,,,,,DAKS,,
06_mens_clothing-demo-000352,06_mens_clothing,06,e0611062121b4df0,v2,42630,,,,,,COS,,
06_mens_clothing-demo-000353,06_mens_clothing,06,5395e79ba9ea0eb3,v2,68000,,,,,,단톤,,
06_mens_clothing-demo-000354,06_mens_clothing,06,bc00d61bfe13963d,v2,94678,,,,,,단톤,,
06_mens_clothing-demo-000355,06_mens_clothing,06,5395e79ba9ea0eb3,v2,68000,,,,,,단톤,,
06_mens_clothing-demo-000356,06_mens_clothing,06,460d3341344106de,v2,29153,,,,,,헤지스,,
06_mens_clothing-demo-000357,06_mens_clothing,06,9cfea7edbbea1c97,v2,19900,,,,,,더셔츠 스튜디오,,
06_mens_clothing-demo-000358,06_mens_clothing,06,0221095ce7492e90,v2,30000,,,,,,프레드페리,,
06_mens_clothing-demo-000359,06_mens_clothing,06,62107ecfbd631c4f,v2,20000,,,,,,A/X,,
06_mens_clothing-demo-000360,06_mens_clothing,06,d72947c5c9fce3e8,v2,20000,,,,,,mouli,,
06_mens_clothing-demo-000361,06_mens_clothing,06,b4fee045faecfee4,v2,45000,,,,,,타이틀리스트,,
06_mens_clothing-demo-000362,06_mens_clothing,06,0f05d8b86df524c1,v2,40000,,,,,,Lacoste,,
06_mens_clothing-demo-000363,06_mens_clothing,06,bee52c0bf89c5677,v2,68000,,,,,,Polo Ralph Lauren,,
06_mens_clothing-demo-000364,06_mens_clothing,06,0f05d8b86df524c1,v2,44836,,,,,,Lacoste,,
06_mens_clothing-demo-000365,06_mens_clothing,06,59264f6d6b0b79dc,v2,79000,,,,,,에트로,,
06_mens_clothing-demo-000366,06_mens_clothing,06,92400ce63237a0c1,v2,150000,,,,,,알레그리,,
06_mens_clothing-demo-000367,06_mens_clothing,06,460d3341344106de,v2,30532,,,,,,헤지스,,
06_mens_clothing-demo-000368,06_mens_clothing,06,206322d76cba0cf8,v2,950000,,,,,,Louis Vuitton,,
06_mens_clothing-demo-000369,06_mens_clothing,06,e4b29ed53f6ee9cc,v2,43348,,,,,,라코스테,,
06_mens_clothing-demo-000370,06_mens_clothing,06,6721b29c4027c71e,v2,69000,,,,,,THEORY,,
06_mens_clothing-demo-000371,06_mens_clothing,06,5d5e9bbd88ce4d47,v2,13500,,,,,,컨셉원,,
06_mens_clothing-demo-000372,06_mens_clothing,06,f25f3a7bdab84dc2,v2,6000,,,,,,꼼데가르송,,
06_mens_clothing-demo-000373,06_mens_clothing,06,74b9c8c9cabcd800,v2,20000,,,,,,스와로브스키,,
06_mens_clothing-demo-000374,06_mens_clothing,06,d35a1c40300a0833,v2,10000,,,,,,DONNAY,,
06_mens_clothing-demo-000375,06_mens_clothing,06,d35a1c40300a0833,v2,10000,,,,,,DONNAY,,
06_mens_clothing-demo-000376,06_mens_clothing,06,b8f098fb70e13831,v2,45000,,,,,,듀퐁,,
06_mens_clothing-demo-000377,06_mens_clothing,06,e9387ada929ca4d0,v2,50000,,,,,,스와로브스키,,
06_mens_clothing-demo-000378,06_mens_clothing,06,4b52cd32644f5bad,v2,29107,,,,,,타미힐피거,,
06_mens_clothing-demo-000379,06_mens_clothing,06,460d3341344106de,v2,31024,,,,,,헤지스,,
06_mens_clothing-demo-000380,06_mens_clothing,06,aaa22e5281bc4ee3,v2,9900,,,,,,젠틀맨스 컨셉,,
06_mens_clothing-demo-000381,06_mens_clothing,06,157ab8e8d4217b91,v2,38074,,,,,,빈폴,,
06_mens_clothing-demo-000382,06_mens_clothing,06,e4b29ed53f6ee9cc,v2,49112,,,,,,라코스테,,
06_mens_clothing-demo-000383,06_mens_clothing,06,460d3341344106de,v2,29557,,,,,,헤지스,,
06_mens_clothing-demo-000384,06_mens_clothing,06,e9536c9486fda8b5,v2,60000,,,,,,A/X,,
06_mens_clothing-demo-000385,06_mens_clothing,06,f9fe1aae14fd1c7d,v2,45000,,,,,,갤럭시,,
06_mens_clothing-demo-000386,06_mens_clothing,06,157ab8e8d4217b91,v2,59433,,,,,,빈폴,,
06_mens_clothing-demo-000387,06_mens_clothing,06,460d3341344106de,v2,28061,,,,,,헤지스,,
06_mens_clothing-demo-000388,06_mens_clothing,06,b8ed47e0061b0dcd,v2,400000,,,,,,톰브라운,,
06_mens_clothing-demo-000389,06_mens_clothing,06,e28cbe4e5693ca71,v2,30000,,,,,,세인트페인,,
06_mens_clothing-demo-000390,06_mens_clothing,06,bf393f800d9ec0cd,v2,40000,,,,,,바나나리퍼블릭,,
06_mens_clothing-demo-000391,06_mens_clothing,06,169cf899b6b3aa19,v2,18742,,,,,,유니클로,,
06_mens_clothing-demo-000392,06_mens_clothing,06,0221095ce7492e90,v2,200000,,,,,,프레드페리,,
06_mens_clothing-demo-000393,06_mens_clothing,06,9e26f7defebafba5,v2,35000,,,,,,아르마니 익스체인지,,
06_mens_clothing-demo-000394,06_mens_clothing,06,2a07d3c42a25e47d,v2,180000,,,,,,아크테릭스,,
06_mens_clothing-demo-000395,06_mens_clothing,06,d35a1c40300a0833,v2,10000,,,,,,DONNAY,,
06_mens_clothing-demo-000396,06_mens_clothing,06,e0611062121b4df0,v2,48600,,,,,,COS,,
06_mens_clothing-demo-000397,06_mens_clothing,06,460d3341344106de,v2,31060,,,,,,헤지스,,
06_mens_clothing-demo-000398,06_mens_clothing,06,460d3341344106de,v2,32044,,,,,,헤지스,,
06_mens_clothing-demo-000399,06_mens_clothing,06,460d3341344106de,v2,26222,,,,,,헤지스,,
06_mens_clothing-demo-000400,06_mens_clothing,06,66fc5148df4d7a18,v2,490000,,,,,,프라다,,
06_mens_clothing-demo-000401,06_mens_clothing,06,259e2fc0964c624a,v2,980000,,,,,,Gucci,,
06_mens_clothing-demo-000402,06_mens_clothing,06,4b52cd32644f5bad,v2,38695,,,,,,타미힐피거,,
06_mens_clothing-demo-000403,06_mens_clothing,06,1e1d61d0cd765876,v2,45317,,,,,,자라,,
06_mens_clothing-demo-000404,06_mens_clothing,06,21649774cfd6c1be,v2,30000,,,,,,MR GREY,,
06_mens_clothing-demo-000405,06_mens_clothing,06,1e1d61d0cd765876,v2,16691,,,,,,자라,,
06_mens_clothing-demo-000406,06_mens_clothing,06,169cf899b6b3aa19,v2,17909,,,,,,유니클로,,
06_mens_clothing-demo-000407,06_mens_clothing,06,d35a1c40300a0833,v2,10000,,,,,,DONNAY,,
06_mens_clothing-demo-000408,06_mens_clothing,06,59a21971fff68b23,v2,19000,,,,,,Keith Haring,,
06_mens_clothing-demo-000409,06_mens_clothing,06,169cf899b6b3aa19,v2,17821,,,,,,Polo Ralph Lauren,,
06_mens_clothing-demo-000410,06_mens_clothing,06,081081b77aa12939,v2,71580,,,,,,폴로 랄프로렌,,
06_mens_clothing-demo-000411,06_mens_clothing,06,1ab2a6dc635e3c78,v2,25000,,,,,,KNUT CLUB,,
06_mens_clothing-demo-000412,06_mens_clothing,06,06af5eebaa2d9ccd,v2,290000,,,,,,CP 컴퍼니,,
06_mens_clothing-demo-000413,06_mens_clothing,06,963a4543e55961d8,v2,10000,,,,,,자라맨,,
06_mens_clothing-demo-000414,06_mens_clothing,06,c70320457f8a6b47,v2,19000,,,,,,에디바우어,,
06_mens_clothing-demo-000415,06_mens_clothing,06,0f05d8b86df524c1,v2,40000,,,,,,Lacoste,,
06_mens_clothing-demo-000416,06_mens_clothing,06,aaa22e5281bc4ee3,v2,9900,,,,,,젠틀맨스 컨셉,,
06_mens_clothing-demo-000417,06_mens_clothing,06,081081b77aa12939,v2,84512,,,,,,폴로 랄프로렌,,
06_mens_clothing-demo-000418,06_mens_clothing,06,bee52c0bf89c5677,v2,68000,,,,,,헨리코튼,,
06_mens_clothing-demo-000419,06_mens_clothing,06,a557d4c411feba4a,v2,23000,,,,,,DAKS,,
06_mens_clothing-demo-000420,06_mens_clothing,06,d546d73ef6d9ba54,v2,1530000,,,,,,몽클레어,,
06_mens_clothing-demo-000421,06_mens_clothing,06,0f05d8b86df524c1,v2,40000,,,,,,Lacoste,,
06_mens_clothing-demo-000422,06_mens_clothing,06,d6b20de9a502b36d,v2,16000,,,,,,Super brand,,
06_mens_clothing-demo-000423,06_mens_clothing,06,e9536c9486fda8b5,v2,60000,,,,,,A/X,,
06_mens_clothing-demo-000424,06_mens_clothing,06,bc00d61bfe13963d,v2,70000,,,,,,Polo Ralph Lauren,,
06_mens_clothing-demo-000425,06_mens_clothing,06,157ab8e8d4217b91,v2,37399,,,,,,빈폴,,
06_mens_clothing-demo-000426,06_mens_clothing,06,0221095ce7492e90,v2,30000,,,,,,노스페이스,,
06_mens_clothing-demo-000427,06_mens_clothing,06,b4fee045faecfee4,v2,45000,,,,,,타이틀리스트,,
06_mens_clothing-demo-000428,06_mens_clothing,06,e0611062121b4df0,v2,53537,,,,,,COS,,
06_mens_clothing-demo-000429,06_mens_clothing,06,460d3341344106de,v2,33307,,,,,,헤지스,,
06_mens_clothing-demo-000430,06_mens_clothing,06,bc00d61bfe13963d,v2,96804,,,,,,Polo Ralph Lauren,,
06_mens_clothing-demo-000431,06_mens_clothing,06,e0611062121b4df0,v2,58928,,,,,,버버리,,
06_mens_clothing-demo-000432,06_mens_clothing,06,268be935633dc71c,v2,1080000,,,,,,COS,,
06_mens_clothing-demo-000433,06_mens_clothing,06,bc00d61bfe13963d,v2,73246,,,,,,Polo Ralph Lauren,,
06_mens_clothing-demo-000434,06_mens_clothing,06,1ab2a6dc635e3c78,v2,25000,,,,,,KNUT CLUB,,
06_mens_clothing-demo-000435,06_mens_clothing,06,3e475f03d6d21608,v2,5000,,,,,,앤듀,,
06_mens_clothing-demo-000436,06_mens_clothing,06,d6b20de9a502b36d,v2,16000,,,,,,Super brand,,
06_mens_clothing-demo-000437,06_mens_clothing,06,e4b29ed53f6ee9cc,v2,43201,,,,,,라코스테,,
06_mens_clothing-demo-000438,06_mens_clothing,06,f25f3a7bdab84dc2,v2,1500,,,,,,탑텐,,
06_mens_clothing-demo-000439,06_mens_clothing,06,157ab8e8d4217b91,v2,37268,,,,,,빈폴,,
06_mens_clothing-demo-000440,06_mens_clothing,06,c58f951f01e334d4,v2,40000,,,,,,지오송지오,,
06_mens_clothing-demo-000441,06_mens_clothing,06,d72947c5c9fce3e8,v2,20000,,,,,,mouli,,
06_mens_clothing-demo-000442,06_mens_clothing,06,169cf899b6b3aa19,v2,17422,,,,,,유니클로,,
06_mens_clothing-demo-000443,06_mens_clothing,06,273b6896d31c81ee,v2,110000,,,,,,타임옴므,,
06_mens_clothing-demo-000444,06_mens_clothing,06,aefef6ed0b5c4621,v2,15000,,,,,,All The,,
06_mens_clothing-demo-000445,06_mens_clothing,06,57c178d8805b31bc,v2,20000,,,,,,빌리지,,
06_mens_clothing-demo-000446,06_mens_clothing,06,e9536c9486fda8b5,v2,60000,,,,,,A/X,,
06_mens_clothing-demo-000447,06_mens_clothing,06,e4b29ed53f6ee9cc,v2,48418,,,,,,라코스테,,
06_mens_clothing-demo-000448,06_mens_clothing,06,169cf899b6b3aa19,v2,18140,,,,,,유니클로,,
06_mens_clothing-demo-000449,06_mens_clothing,06,169cf899b6b3aa19,v2,20438,,,,,,유니클로,,
06_mens_clothing-demo-000450,06_mens_clothing,06,aefef6ed0b5c4621,v2,15000,,,,,,All The,,
06_mens_clothing-demo-000451,06_mens_clothing,06,8237d03aeab36557,v2,18900,,,,,,에잇세컨즈,,
06_mens_clothing-demo-000452,06_mens_clothing,06,b8ed47e0061b0dcd,v2,650000,,,,,,톰브라운,,
06_mens_clothing-demo-000453,06_mens_clothing,06,1ab2a6dc635e3c78,v2,25000,,,,,,KNUT CLUB,,
06_mens_clothing-demo-000454,06_mens_clothing,06,206322d76cba0cf8,v2,950000,,,,,,Louis Vuitton,,
06_mens_clothing-demo-000455,06_mens_clothing,06,e9387ada929ca4d0,v2,50000,,,,,,브룩스브라더스,,
06_mens_clothing-demo-000456,06_mens_clothing,06,41e8418be72208c4,v2,35000,,,,,,TNGT,,
06_mens_clothing-demo-000457,06_mens_clothing,06,0f05d8b86df524c1,v2,45112,,,,,,Lacoste,,
06_mens_clothing-demo-000458,06_mens_clothing,06,157ab8e8d4217b91,v2,57461,,,,,,빈폴,,
06_mens_clothing-demo-000459,06_mens_clothing,06,59264f6d6b0b79dc,v2,79000,,,,,,에트로,,
06_mens_clothing-demo-000460,06_mens_clothing,06,92400ce63237a0c1,v2,150000,,,,,,알레그리,,
06_mens_clothing-demo-000461,06_mens_clothing,06,e4b29ed53f6ee9cc,v2,51429,,,,,,라코스테,,
06_mens_clothing-demo-000462,06_mens_clothing,06,2a07d3c42a25e47d,v2,180000,,,,,,아크테릭스,,
06_mens_clothing-demo-000463,06_mens_clothing,06,9d9c7383371813ad,v2,10000,,,,,,프랑코 페라로,,
06_mens_clothing-demo-000464,06_mens_clothing,06,57c178d8805b31bc,v2,20000,,,,,,빌리지,,
06_mens_clothing-demo-000465,06_mens_clothing,06,a7e2827524f92578,v2,650000,,,,,,VALENTINO,,
06_mens_clothing-demo-000466,06_mens_clothing,06,f02229812ba92afd,v2,38000,,,,,,espionage,,
06_mens_clothing-demo-000467,06_mens_clothing,06,c58f951f01e334d4,v2,40000,,,,,,지오송지오,,
06_mens_clothing-demo-000468,06_mens_clothing,06,d34a37cede7dc617,v2,130000,,,,,,Allegri,,
06_mens_clothing-demo-000469,06_mens_clothing,06,0f05d8b86df524c1,v2,40000,,,,,,Lacoste,,
06_mens_clothing-demo-000470,06_mens_clothing,06,5f04502525484021,v2,100000,,,,,,사스콰치 패브릭스,,
06_mens_clothing-demo-000471,06_mens_clothing,06,963a4543e55961d8,v2,10000,,,,,,유니클로,,
06_mens_clothing-demo-000472,06_mens_clothing,06,e9536c9486fda8b5,v2,60000,,,,,,A/X,,
06_mens_clothing-demo-000473,06_mens_clothing,06,b8ed47e0061b0dcd,v2,400000,,,,,,톰브라운,,
06_mens_clothing-demo-000474,06_mens_clothing,06,c16522c2ecc363bb,v2,110000,,,,,,프레드페리,,
06_mens_clothing-demo-000475,06_mens_clothing,06,a6417a5260c0a799,v2,50000,,,,,,와일드앵글,,
06_mens_clothing-demo-000476,06_mens_clothing,06,3fa3032058c56b08,v2,25000,,,,,,레어뷰 rareview,,
06_mens_clothing-demo-000477,06_mens_clothing,06,e4b29ed53f6ee9cc,v2,50547,,,,,,라코스테,,
06_mens_clothing-demo-000478,06_mens_clothing,06,4b52cd32644f5bad,v2,62020,,,,,,타미힐피거,,
06_mens_clothing-demo-000479,06_mens_clothing,06,6721b29c4027c71e,v2,69000,,,,,,THEORY,,
06_mens_clothing-demo-000480,06_mens_clothing,06,cf4af21e63946a9a,v2,38000,,,,,,인디안,,
06_mens_clothing-demo-000481,06_mens_clothing,06,5d5e9bbd88ce4d47,v2,13500,,,,,,컨셉원,,
06_mens_clothing-demo-000482,06_mens_clothing,06,6721b29c4027c71e,v2,69000,,,,,,THEORY,,
06_mens_clothing-demo-000483,06_mens_clothing,06,a6417a5260c0a799,v2,50000,,,,,,와일드앵글,,
06_mens_clothing-demo-000484,06_mens_clothing,06,a7cbcb879a2e806b,v2,50000,,,,,,닥스,,
06_mens_clothing-demo-000485,06_mens_clothing,06,3fa3032058c56b08,v2,25000,,,,,,레어뷰 rareview,,
06_mens_clothing-demo-000486,06_mens_clothing,06,8c036fd2d9ae8b79,v2,23000,,,,,,노스페이스,,
06_mens_clothing-demo-000487,06_mens_clothing,06,d35a1c40300a0833,v2,10000,,,,,,DONNAY,,
06_mens_clothing-demo-000488,06_mens_clothing,06,169cf899b6b3aa19,v2,25989,,,,,,유니클로,,
06_mens_clothing-demo-000489,06_mens_clothing,06,460d3341344106de,v2,31646,,,,,,헤지스,,
06_mens_clothing-demo-000490,06_mens_clothing,06,1e1d61d0cd765876,v2,28335,,,,,,자라,,
06_mens_clothing-demo-000491,06_mens_clothing,06,157ab8e8d4217b91,v2,54926,,,,,,빈폴,,
06_mens_clothing-demo-000492,06_mens_clothing,06,081081b77aa12939,v2,104820,,,,,,지오송지오,,
06_mens_clothing-demo-000493,06_mens_clothing,06,169cf899b6b3aa19,v2,25698,,,,,,유니클로,,
06_mens_clothing-demo-000494,06_mens_clothing,06,06a58c3b599066d0,v2,110000,,,,,,버버리,,
06_mens_clothing-demo-000495,06_mens_clothing,06,460d3341344106de,v2,34315,,,,,,헤지스,,
06_mens_clothing-demo-000496,06_mens_clothing,06,169cf899b6b3aa19,v2,16994,,,,,,유니클로,,
06_mens_clothing-demo-000497,06_mens_clothing,06,727be84155556337,v2,890000,,,,,,빈폴,,
06_mens_clothing-demo-000498,06_mens_clothing,06,e9536c9486fda8b5,v2,60000,,,,,,A/X,,
06_mens_clothing-demo-000499,06_mens_clothing,06,e4b29ed53f6ee9cc,v2,54308,,,,,,라코스테,,
06_mens_clothing-demo-000500,06_mens_clothing,06,d546d73ef6d9ba54,v2,220000,,,,,,몽클레어,,
06_mens_clothing-demo-000501,06_mens_clothing,06,57c178d8805b31bc,v2,20000,,,,,,GANT,,
06_mens_clothing-demo-000502,06_mens_clothing,06,fed8ae58ace20d2c,v2,79000,,,,,,커스텀멜로우,,
06_mens_clothing-demo-000503,06_mens_clothing,06,e8b36b22f5e4d6db,v2,40000,,,,,,Lacoste,,
06_mens_clothing-demo-000504,06_mens_clothing,06,081081b77aa12939,v2,87285,,,,,,더셔츠 스튜디오,,
06_mens_clothing-demo-000505,06_mens_clothing,06,1e1d61d0cd765876,v2,38167,,,,,,자라,,
06_mens_clothing-demo-000506,06_mens_clothing,06,4aa6b1f2f184645b,v2,16900,,,,,,MILANOVA,,
06_mens_clothing-demo-000507,06_mens_clothing,06,e4b29ed53f6ee9cc,v2,53375,,,,,,라코스테,,
06_mens_clothing-demo-000508,06_mens_clothing,06,157ab8e8d4217b91,v2,25600,,,,,,빈폴,,
06_mens_clothing-demo-000509,06_mens_clothing,06,fed8ae58ace20d2c,v2,79000,,,,,,커스텀멜로우,,
06_mens_clothing-demo-000510,06_mens_clothing,06,9e26f7defebafba5,v2,35000,,,,,,아르마니 익스체인지,,
06_mens_clothing-demo-000511,06_mens_clothing,06,aefef6ed0b5c4621,v2,15000,,,,,,All The,,
06_mens_clothing-demo-000512,06_mens_clothing,06,0f05d8b86df524c1,v2,44448,,,,,,Lacoste,,
06_mens_clothing-demo-000513,06_mens_clothing,06,0f05d8b86df524c1,v2,40000,,,,,,Lacoste,,
06_mens_clothing-demo-000514,06_mens_clothing,06,0f05d8b86df524c1,v2,40000,,,,,,Lacoste,,
06_mens_clothing-demo-000515,06_mens_clothing,06,081081b77aa12939,v2,98241,,,,,,폴로 랄프로렌,,
06_mens_clothing-demo-000516,06_mens_clothing,06,57c178d8805b31bc,v2,20000,,,,,,빌리지,,
06_mens_clothing-demo-000517,06_mens_clothing,06,a7cbcb879a2e806b,v2,35000,,,,,,닥스,,
06_mens_clothing-demo-000518,06_mens_clothing,06,157ab8e8d4217b91,v2,37860,,,,,,빈폴,,
06_mens_clothing-demo-000519,06_mens_clothing,06,460d3341344106de,v2,26956,,,,,,헤지스,,
06_mens_clothing-demo-000520,06_mens_clothing,06,59a21971fff68b23,v2,19000,,,,,,Keith Haring,,
06_mens_clothing-demo-000521,06_mens_clothing,06,5102a04f1e742203,v2,45000,,,,,,폴로랄프로렌,,
06_mens_clothing-demo-000522,06_mens_clothing,06,f25f3a7bdab84dc2,v2,6000,,,,,,탑텐,,
06_mens_clothing-demo-000523,06_mens_clothing,06,c58f951f01e334d4,v2,40000,,,,,,지오송지오,,
06_mens_clothing-demo-000524,06_mens_clothing,06,a557d4c411feba4a,v2,23000,,,,,,DAKS,,
06_mens_clothing-demo-000525,06_mens_clothing,06,206322d76cba0cf8,v2,950000,,,,,,Louis Vuitton,,
06_mens_clothing-demo-000526,06_mens_clothing,06,169cf899b6b3aa19,v2,17512,,,,,,유니클로,,
06_mens_clothing-demo-000527,06_mens_clothing,06,169cf899b6b3aa19,v2,16551,,,,,,유니클로,,
06_mens_clothing-demo-000528,06_mens_clothing,06,b4fee045faecfee4,v2,45000,,,,,,타이틀리스트,,
06_mens_clothing-demo-000529,06_mens_clothing,06,59a21971fff68b23,v2,19000,,,,,,Keith Haring,,
06_mens_clothing-demo-000530,06_mens_clothing,06,59a21971fff68b23,v2,19000,,,,,,Keith Haring,,
06_mens_clothing-demo-000531,06_mens_clothing,06,460d3341344106de,v2,26831,,,,,,헤지스,,
06_mens_clothing-demo-000532,06_mens_clothing,06,d7e7311577ac3ac0,v2,73000,,,,,,TITLELIST,,
06_mens_clothing-demo-000533,06_mens_clothing,06,bc00d61bfe13963d,v2,77916,,,,,,Polo Ralph Lauren,,
06_mens_clothing-demo-000534,06_mens_clothing,06,06a58c3b599066d0,v2,110000,,,,,,버버리,,
06_mens_clothing-demo-000535,06_mens_clothing,06,1e1d61d0cd765876,v2,10000,,,,,,자라,,
06_mens_clothing-demo-000536,06_mens_clothing,06,d72947c5c9fce3e8,v2,20000,,,,,,mouli,,
06_mens_clothing-demo-000537,06_mens_clothing,06,2e6b351c23610060,v2,120000,,,,,,건지울른스,,
06_mens_clothing-demo-000538,06_mens_clothing,06,a7cbcb879a2e806b,v2,48000,,,,,,유니클로,,
06_mens_clothing-demo-000539,06_mens_clothing,06,cee29ee91aa0b04d,v2,3000,,,,,,파나틱스,,
06_mens_clothing-demo-000540,06_mens_clothing,06,c1ed8ec86a1958f8,v2,50000,,,,,,아워스코프,,
06_mens_clothing-demo-000541,06_mens_clothing,06,0221095ce7492e90,v2,30000,,,,,,프레드페리,,
06_mens_clothing-demo-000542,06_mens_clothing,06,081081b77aa12939,v2,109878,,,,,,폴로 랄프로렌,,
06_mens_clothing-demo-000543,06_mens_clothing,06,9cfea7edbbea1c97,v2,19900,,,,,,더셔츠 스튜디오,,
06_mens_clothing-demo-000544,06_mens_clothing,06,1e1d61d0cd765876,v2,10000,,,,,,자라,,
06_mens_clothing-demo-000545,06_mens_clothing,06,bee52c0bf89c5677,v2,68000,,,,,,헨리코튼,,
06_mens_clothing-demo-000546,06_mens_clothing,06,06af5eebaa2d9ccd,v2,290000,,,,,,CP 컴퍼니,,
06_mens_clothing-demo-000547,06_mens_clothing,06,4aa6b1f2f184645b,v2,16900,,,,,,MILANOVA,,
06_mens_clothing-demo-000548,06_mens_clothing,06,0f05d8b86df524c1,v2,43385,,,,,,Lacoste,,
06_mens_clothing-demo-000549,06_mens_clothing,06,2638473485e58dcc,v2,19000,,,,,,stco,,
06_mens_clothing-demo-000550,06_mens_clothing,06,081081b77aa12939,v2,85519,,,,,,헨리코튼,,
06_mens_clothing-demo-000551,06_mens_clothing,06,169cf899b6b3aa19,v2,22590,,,,,,유니클로,,
06_mens_clothing-demo-000552,06_mens_clothing,06,625363f4952a1958,v2,49000,,,,,,로가디스,,
06_mens_clothing-demo-000553,06_mens_clothing,06,0f05d8b86df524c1,v2,40000,,,,,,Lacoste,,
06_mens_clothing-demo-000554,06_mens_clothing,06,d72947c5c9fce3e8,v2,20000,,,,,,mouli,,
06_mens_clothing-demo-000555,06_mens_clothing,06,d546d73ef6d9ba54,v2,470000,,,,,,몽클레어,,
06_mens_clothing-demo-000556,06_mens_clothing,06,169cf899b6b3aa19,v2,21599,,,,,,유니클로,,
06_mens_clothing-demo-000557,06_mens_clothing,06,c70320457f8a6b47,v2,19000,,,,,,에디바우어,,
06_mens_clothing-demo-000558,06_mens_clothing,06,169cf899b6b3aa19,v2,22929,,,,,,유니클로,,
06_mens_clothing-demo-000559,06_mens_clothing,06,157ab8e8d4217b91,v2,27887,,,,,,빈폴,,
06_mens_clothing-demo-000560,06_mens_clothing,06,e014a7718a77ed13,v2,7000,,,,,,폴햄,,
06_mens_clothing-demo-000561,06_mens_clothing,06,b8f098fb70e13831,v2,45000,,,,,,듀퐁,,
06_mens_clothing-demo-000562,06_mens_clothing,06,3fa3032058c56b08,v2,25000,,,,,,레어뷰 rareview,,
06_mens_clothing-demo-000563,06_mens_clothing,06,206322d76cba0cf8,v2,950000,,,,,,Louis Vuitton,,
06_mens_clothing-demo-000564,06_mens_clothing,06,02cca4f3b5816c33,v2,17000,,,,,,크로커다일,,
06_mens_clothing-demo-000565,06_mens_clothing,06,c1ed8ec86a1958f8,v2,50000,,,,,,아워스코프,,
06_mens_clothing-demo-000566,06_mens_clothing,06,bc00d61bfe13963d,v2,70000,,,,,,Polo Ralph Lauren,,
06_mens_clothing-demo-000567,06_mens_clothing,06,bc00d61bfe13963d,v2,82611,,,,,,Polo Ralph Lauren,,
06_mens_clothing-demo-000568,06_mens_clothing,06,d34a37cede7dc617,v2,130000,,,,,,Allegri,,
06_mens_clothing-demo-000569,06_mens_clothing,06,fed8ae58ace20d2c,v2,79000,,,,,,커스텀멜로우,,
06_mens_clothing-demo-000570,06_mens_clothing,06,c1d5964c741ff71d,v2,17000,,,,,,IMPERIAL,,
06_mens_clothing-demo-000571,06_mens_clothing,06,bf3e8cad06ddf68f,v2,48000,,,,,,발망,,
06_mens_clothing-demo-000572,06_mens_clothing,06,21649774cfd6c1be,v2,30000,,,,,,MR GREY,,
06_mens_clothing-demo-000573,06_mens_clothing,06,d72947c5c9fce3e8,v2,20000,,,,,,mouli,,
06_mens_clothing-demo-000574,06_mens_clothing,06,5f04502525484021,v2,100000,,,,,,사스콰치 패브릭스,,
06_mens_clothing-demo-000575,06_mens_clothing,06,4b52cd32644f5bad,v2,61688,,,,,,타미힐피거,,
06_mens_clothing-demo-000576,06_mens_clothing,06,1e1d61d0cd765876,v2,40829,,,,,,VALENTINO,,
06_mens_clothing-demo-000577,06_mens_clothing,06,157ab8e8d4217b91,v2,39840,,,,,,빈폴,,
06_mens_clothing-demo-000578,06_mens_clothing,06,d546d73ef6d9ba54,v2,220000,,,,,,몽클레어,,
06_mens_clothing-demo-000579,06_mens_clothing,06,e4b29ed53f6ee9cc,v2,47540,,,,,,라코스테,,
06_mens_clothing-demo-000580,06_mens_clothing,06,06a58c3b599066d0,v2,115000,,,,,,Balenciaga,,
06_mens_clothing-demo-000581,06_mens_clothing,06,e9387ada929ca4d0,v2,50000,,,,,,브룩스브라더스,,
06_mens_clothing-demo-000582,06_mens_clothing,06,f02229812ba92afd,v2,38000,,,,,,espionage,,
06_mens_clothing-demo-000583,06_mens_clothing,06,41e8418be72208c4,v2,35000,,,,,,타이틀리스트,,
06_mens_clothing-demo-000584,06_mens_clothing,06,a557d4c411feba4a,v2,23000,,,,,,DAKS,,
06_mens_clothing-demo-000585,06_mens_clothing,06,d7e7311577ac3ac0,v2,73000,,,,,,유니클로,,
06_mens_clothing-demo-000586,06_mens_clothing,06,4fa8b166af5ca245,v2,220000,,,,,,꼼데가르송,,
06_mens_clothing-demo-000587,06_mens_clothing,06,e4b29ed53f6ee9cc,v2,53343,,,,,,라코스테,,
06_mens_clothing-demo-000588,06_mens_clothing,06,169cf899b6b3aa19,v2,20263,,,,,,유니클로,,
06_mens_clothing-demo-000589,06_mens_clothing,06,3e475f03d6d21608,v2,5000,,,,,,앤듀,,
06_mens_clothing-demo-000590,06_mens_clothing,06,e4b29ed53f6ee9cc,v2,44916,,,,,,라코스테,,
06_mens_clothing-demo-000591,06_mens_clothing,06,06af5eebaa2d9ccd,v2,290000,,,,,,CP 컴퍼니,,
06_mens_clothing-demo-000592,06_mens_clothing,06,d546d73ef6d9ba54,v2,220000,,,,,,몽클레어,,
06_mens_clothing-demo-000593,06_mens_clothing,06,e0611062121b4df0,v2,41819,,,,,,COS,,
06_mens_clothing-demo-000594,06_mens_clothing,06,460d3341344106de,v2,33873,,,,,,헤지스,,
06_mens_clothing-demo-000595,06_mens_clothing,06,1944ff7d0b621fd1,v2,150000,,,,,,솔리드옴므,,
06_mens_clothing-demo-000596,06_mens_clothing,06,fc3901dea6005699,v2,9900,,,,,,감탄사 메노모소,,
06_mens_clothing-demo-000597,06_mens_clothing,06,aaa22e5281bc4ee3,v2,9900,,,,,,유니클로,,
06_mens_clothing-demo-000598,06_mens_clothing,06,ceea91a961835161,v2,180000,,,,,,STU,,
06_mens_clothing-demo-000599,06_mens_clothing,06,169cf899b6b3aa19,v2,21636,,,,,,유니클로,,
06_mens_clothing-demo-000600,06_mens_clothing,06,e9536c9486fda8b5,v2,60000,,,,,,A/X,,
06_mens_clothing-demo-000601,06_mens_clothing,06,62107ecfbd631c4f,v2,20000,,,,,,TATE,,
06_mens_clothing-demo-000602,06_mens_clothing,06,b8ed47e0061b0dcd,v2,189000,,,,,,톰브라운,,
06_mens_clothing-demo-000603,06_mens_clothing,06,e9387ada929ca4d0,v2,50000,,,,,,브룩스브라더스,,
06_mens_clothing-demo-000604,06_mens_clothing,06,d546d73ef6d9ba54,v2,470000,,,,,,몽클레어,,
06_mens_clothing-demo-000605,06_mens_clothing,06,0f05d8b86df524c1,v2,40000,,,,,,Lacoste,,
06_mens_clothing-demo-000606,06_mens_clothing,06,b8f098fb70e13831,v2,45000,,,,,,듀퐁,,
06_mens_clothing-demo-000607,06_mens_clothing,06,a0139e02a7549464,v2,10000,,,,,,Johns Hopkins,,
06_mens_clothing-demo-000608,06_mens_clothing,06,a7cbcb879a2e806b,v2,48000,,,,,,닥스,,
06_mens_clothing-demo-000609,06_mens_clothing,06,460d3341344106de,v2,31839,,,,,,헤지스,,
06_mens_clothing-demo-000610,06_mens_clothing,06,2638473485e58dcc,v2,32000,,,,,,stco,,
06_mens_clothing-demo-000611,06_mens_clothing,06,b4fee045faecfee4,v2,45000,,,,,,타이틀리스트,,
06_mens_clothing-demo-000612,06_mens_clothing,06,2638473485e58dcc,v2,19000,,,,,,stco,,
06_mens_clothing-demo-000613,06_mens_clothing,06,5102a04f1e742203,v2,45000,,,,,,폴로랄프로렌,,
06_mens_clothing-demo-000614,06_mens_clothing,06,4b52cd32644f5bad,v2,70000,,,,,,TITLELIST,,
06_mens_clothing-demo-000615,06_mens_clothing,06,157ab8e8d4217b91,v2,30585,,,,,,빈폴,,
06_mens_clothing-demo-000616,06_mens_clothing,06,206322d76cba0cf8,v2,980000,,,,,,Louis Vuitton,,
06_mens_clothing-demo-000617,06_mens_clothing,06,e0611062121b4df0,v2,46184,,,,,,COS,,
06_mens_clothing-demo-000618,06_mens_clothing,06,169cf899b6b3aa19,v2,25557,,,,,,유니클로,,
06_mens_clothing-demo-000619,06_mens_clothing,06,c1d5964c741ff71d,v2,17000,,,,,,IMPERIAL,,
06_mens_clothing-demo-000620,06_mens_clothing,06,06a58c3b599066d0,v2,50000,,,,,,버버리,,
06_mens_clothing-demo-000621,06_mens_clothing,06,e0611062121b4df0,v2,43051,,,,,,COS,,
06_mens_clothing-demo-000622,06_mens_clothing,06,169cf899b6b3aa19,v2,25453,,,,,,유니클로,,
06_mens_clothing-demo-000623,06_mens_clothing,06,eaea57203d638a47,v2,25000,,,,,,트레이드클럽,,
06_mens_clothing-demo-000624,06_mens_clothing,06,06af5eebaa2d9ccd,v2,290000,,,,,,CP 컴퍼니,,
06_mens_clothing-demo-000625,06_mens_clothing,06,d6b20de9a502b36d,v2,16000,,,,,,Super brand,,
06_mens_clothing-demo-000626,06_mens_clothing,06,d35a1c40300a0833,v2,10000,,,,,,DONNAY,,
06_mens_clothing-demo-000627,06_mens_clothing,06,7b51b95418cc10af,v2,49000,,,,,,the editor,,
06_mens_clothing-demo-000628,06_mens_clothing,06,c1d5964c741ff71d,v2,17000,,,,,,IMPERIAL,,
06_mens_clothing-demo-000629,06_mens_clothing,06,268be935633dc71c,v2,1080000,,,,,,TOMFORD,,
06_mens_clothing-demo-000630,06_mens_clothing,06,4c278515d23adb42,v2,60000,,,,,,슈퍼드라이,,
06_mens_clothing-demo-000631,06_mens_clothing,06,f4b2ffd260f35c96,v2,70000,,,,,,시리즈,,
06_mens_clothing-demo-000632,06_mens_clothing,06,d72947c5c9fce3e8,v2,20000,,,,,,mouli,,
06_mens_clothing-demo-000633,06_mens_clothing,06,894035d41146d539,v2,5000,,,,,,스파오,,
06_mens_clothing-demo-000634,06_mens_clothing,06,f9fe1aae14fd1c7d,v2,45000,,,,,,갤럭시,,
06_mens_clothing-demo-000635,06_mens_clothing,06,d72947c5c9fce3e8,v2,20000,,,,,,자라,,
06_mens_clothing-demo-000636,06_mens_clothing,06,d546d73ef6d9ba54,v2,470000,,,,,,몽클레어,,
06_mens_clothing-demo-000637,06_mens_clothing,06,d6b20de9a502b36d,v2,16000,,,,,,Super brand,,
06_mens_clothing-demo-000638,06_mens_clothing,06,59a21971fff68b23,v2,19000,,,,,,Keith Haring,,
06_mens_clothing-demo-000639,06_mens_clothing,06,d72947c5c9fce3e8,v2,20000,,,,,,mouli,,
06_mens_clothing-demo-000640,06_mens_clothing,06,bf393f800d9ec0cd,v2,40000,,,,,,타미힐피거,,
06_mens_clothing-demo-000641,06_mens_clothing,06,f25f3a7bdab84dc2,v2,14900,,,,,,탑텐,,
06_mens_clothing-demo-000642,06_mens_clothing,06,b8ed47e0061b0dcd,v2,650000,,,,,,톰브라운,,
06_mens_clothing-demo-000643,06_mens_clothing,06,d546d73ef6d9ba54,v2,1530000,,,,,,몽클레어,,
06_mens_clothing-demo-000644,06_mens_clothing,06,e0611062121b4df0,v2,45949,,,,,,COS,,
06_mens_clothing-demo-000645,06_mens_clothing,06,169cf899b6b3aa19,v2,16124,,,,,,유니클로,,
06_mens_clothing-demo-000646,06_mens_clothing,06,2a07d3c42a25e47d,v2,180000,,,,,,아크테릭스,,
06_mens_clothing-demo-000647,06_mens_clothing,06,c70320457f8a6b47,v2,19000,,,,,,에디바우어,,
06_mens_clothing-demo-000648,06_mens_clothing,06,e8b36b22f5e4d6db,v2,40000,,,,,,DIESEL,,
06_mens_clothing-demo-000649,06_mens_clothing,06,4b52cd32644f5bad,v2,70000,,,,,,타미힐피거,,
06_mens_clothing-demo-000650,06_mens_clothing,06,bc00d61bfe13963d,v2,90153,,,,,,Polo Ralph Lauren,,
06_mens_clothing-demo-000651,06_mens_clothing,06,f02229812ba92afd,v2,38000,,,,,,espionage,,
06_mens_clothing-demo-000652,06_mens_clothing,06,a0139e02a7549464,v2,10000,,,,,,Johns Hopkins,,
06_mens_clothing-demo-000653,06_mens_clothing,06,8c036fd2d9ae8b79,v2,23000,,,,,,노스페이스,,
06_mens_clothing-demo-000654,06_mens_clothing,06,bf393f800d9ec0cd,v2,40000,,,,,,바나나리퍼블릭,,
06_mens_clothing-demo-000655,06_mens_clothing,06,081081b77aa12939,v2,96535,,,,,,폴로 랄프로렌,,
06_mens_clothing-demo-000656,06_mens_clothing,06,f02229812ba92afd,v2,38000,,,,,,espionage,,
06_mens_clothing-demo-000657,06_mens_clothing,06,aefef6ed0b5c4621,v2,15000,,,,,,All The,,
06_mens_clothing-demo-000658,06_mens_clothing,06,d546d73ef6d9ba54,v2,220000,,,,,,Louis Vuitton,,
06_mens_clothing-demo-000659,06_mens_clothing,06,169cf899b6b3aa19,v2,17787,,,,,,유니클로,,
06_mens_clothing-demo-000660,06_mens_clothing,06,62107ecfbd631c4f,v2,20000,,,,,,TATE,,
06_mens_clothing-demo-000661,06_mens_clothing,06,06a58c3b599066d0,v2,50000,,,,,,버버리,,
06_mens_clothing-demo-000662,06_mens_clothing,06,c70320457f8a6b47,v2,19000,,,,,,에디바우어,,
06_mens_clothing-demo-000663,06_mens_clothing,06,169cf899b6b3aa19,v2,19475,,,,,,유니클로,,
06_mens_clothing-demo-000664,06_mens_clothing,06,1e1d61d0cd765876,v2,44775,,,,,,자라,,
06_mens_clothing-demo-000665,06_mens_clothing,06,c1ed8ec86a1958f8,v2,50000,,,,,,CARVEN,,
06_mens_clothing-demo-000666,06_mens_clothing,06,2e6b351c23610060,v2,120000,,,,,,건지울른스,,
06_mens_clothing-demo-000667,06_mens_clothing,06,a7cbcb879a2e806b,v2,48000,,,,,,닥스,,
06_mens_clothing-demo-000668,06_mens_clothing,06,f4b2ffd260f35c96,v2,70000,,,,,,시리즈,,
06_mens_clothing-demo-000669,06_mens_clothing,06,62107ecfbd631c4f,v2,20000,,,,,,TATE,,
06_mens_clothing-demo-000670,06_mens_clothing,06,1e1d61d0cd765876,v2,25580,,,,,,자라,,
06_mens_clothing-demo-000671,06_mens_clothing,06,a7cbcb879a2e806b,v2,35000,,,,,,닥스,,
06_mens_clothing-demo-000672,06_mens_clothing,06,c16522c2ecc363bb,v2,110000,,,,,,세인트제임스,,
06_mens_clothing-demo-000673,06_mens_clothing,06,a6417a5260c0a799,v2,50000,,,,,,와일드앵글,,
06_mens_clothing-demo-000674,06_mens_clothing,06,cf4af21e63946a9a,v2,38000,,,,,,인디안,,
06_mens_clothing-demo-000675,06_mens_clothing,06,727be84155556337,v2,890000,,,,,,루이비더,,
06_mens_clothing-demo-000676,06_mens_clothing,06,4fa8b166af5ca245,v2,220000,,,,,,꼼데가르송,,
06_mens_clothing-demo-000677,06_mens_clothing,06,7b51b95418cc10af,v2,49000,,,,,,the editor,,
06_mens_clothing-demo-000678,06_mens_clothing,06,f4b2ffd260f35c96,v2,70000,,,,,,시리즈,,
06_mens_clothing-demo-000679,06_mens_clothing,06,0f05d8b86df524c1,v2,48431,,,,,,MILANOVA,,
06_mens_clothing-demo-000680,06_mens_clothing,06,bf393f800d9ec0cd,v2,40000,,,,,,바나나리퍼블릭,,
06_mens_clothing-demo-000681,06_mens_clothing,06,fed8ae58ace20d2c,v2,79000,,,,,,커스텀멜로우,,
06_mens_clothing-demo-000682,06_mens_clothing,06,169cf899b6b3aa19,v2,16791,,,,,,유니클로,,
06_mens_clothing-demo-000683,06_mens_clothing,06,66fc5148df4d7a18,v2,490000,,,,,,프라다,,
06_mens_clothing-demo-000684,06_mens_clothing,06,4976517a00befa47,v2,120000,,,,,,아미,,
06_mens_clothing-demo-000685,06_mens_clothing,06,f25f3a7bdab84dc2,v2,14900,,,,,,탑텐,,
06_mens_clothing-demo-000686,06_mens_clothing,06,5f04502525484021,v2,100000,,,,,,사스콰치 패브릭스,,
06_mens_clothing-demo-000687,06_mens_clothing,06,f25f3a7bdab84dc2,v2,1500,,,,,,탑텐,,
06_mens_clothing-demo-000688,06_mens_clothing,06,460d3341344106de,v2,27191,,,,,,헤지스,,
06_mens_clothing-demo-000689,06_mens_clothing,06,8237d03aeab36557,v2,18900,,,,,,에잇세컨즈,,
06_mens_clothing-demo-000690,06_mens_clothing,06,d35a1c40300a0833,v2,10000,,,,,,DONNAY,,
06_mens_clothing-demo-000691,06_mens_clothing,06,0221095ce7492e90,v2,200000,,,,,,프레드페리,,
06_mens_clothing-demo-000692,06_mens_clothing,06,169cf899b6b3aa19,v2,22485,,,,,,유니클로,,
06_mens_clothing-demo-000693,06_mens_clothing,06,081081b77aa12939,v2,102662,,,,,,자라,,
06_mens_clothing-demo-000694,06_mens_clothing,06,157ab8e8d4217b91,v2,31439,,,,,,빈폴,,
06_mens_clothing-demo-000695,06_mens_clothing,06,9cfea7edbbea1c97,v2,19900,,,,,,더셔츠 스튜디오,,
06_mens_clothing-demo-000696,06_mens_clothing,06,cee29ee91aa0b04d,v2,3000,,,,,,파나틱스,,
06_mens_clothing-demo-000697,06_mens_clothing,06,d35a1c40300a0833,v2,10000,,,,,,DONNAY,,
06_mens_clothing-demo-000698,06_mens_clothing,06,4c278515d23adb42,v2,60000,,,,,,슈퍼드라이,,
06_mens_clothing-demo-000699,06_mens_clothing,06,0f05d8b86df524c1,v2,40000,,,,,,Lacoste,,
06_mens_clothing-demo-000700,06_mens_clothing,06,02cca4f3b5816c33,v2,17000,,,,,,크로커다일,,
06_mens_clothing-demo-000701,06_mens_clothing,06,e4b29ed53f6ee9cc,v2,52537,,,,,,라코스테,,
06_mens_clothing-demo-000702,06_mens_clothing,06,894035d41146d539,v2,5000,,,,,,스파오,,
06_mens_clothing-demo-000703,06_mens_clothing,06,0221095ce7492e90,v2,30000,,,,,,빌리지,,
06_mens_clothing-demo-000704,06_mens_clothing,06,157ab8e8d4217b91,v2,25000,,,,,,빈폴,,
06_mens_clothing-demo-000705,06_mens_clothing,06,081081b77aa12939,v2,59024,,,,,,폴로 랄프로렌,,
06_mens_clothing-demo-000706,06_mens_clothing,06,157ab8e8d4217b91,v2,25000,,,,,,빈폴,,
06_mens_clothing-demo-000707,06_mens_clothing,06,b8ed47e0061b0dcd,v2,189000,,,,,,톰브라운,,
06_mens_clothing-demo-000708,06_mens_clothing,06,bf393f800d9ec0cd,v2,40000,,,,,,바나나리퍼블릭,,
06_mens_clothing-demo-000709,06_mens_clothing,06,eaea57203d638a47,v2,25000,,,,,,트레이드클럽,,
06_mens_clothing-demo-000710,06_mens_clothing,06,cee29ee91aa0b04d,v2,3000,,,,,,파나틱스,,
06_mens_clothing-demo-000711,06_mens_clothing,06,2638473485e58dcc,v2,32000,,,,,,stco,,
06_mens_clothing-demo-000712,06_mens_clothing,06,8c036fd2d9ae8b79,v2,23000,,,,,,노스페이스,,
06_mens_clothing-demo-000713,06_mens_clothing,06,5f04502525484021,v2,100000,,,,,,사스콰치 패브릭스,,
06_mens_clothing-demo-000714,06_mens_clothing,06,d72947c5c9fce3e8,v2,20000,,,,,,mouli,,
06_mens_clothing-demo-000715,06_mens_clothing,06,4fa8b166af5ca245,v2,28000,,,,,,꼼데가르송,,
06_mens_clothing-demo-000716,06_mens_clothing,06,1ab2a6dc635e3c78,v2,25000,,,,,,Gucci,,
06_mens_clothing-demo-000717,06_mens_clothing,06,e28cbe4e5693ca71,v2,30000,,,,,,세인트페인,,
06_mens_clothing-demo-000718,06_mens_clothing,06,e0611062121b4df0,v2,44413,,,,,,the editor,,
06_mens_clothing-demo-000719,06_mens_clothing,06,081081b77aa12939,v2,110714,,,,,,폴로 랄프로렌,,
06_mens_clothing-demo-000720,06_mens_clothing,06,727be84155556337,v2,890000,,,,,,루이비더,,
06_mens_clothing-demo-000721,06_mens_clothing,06,02cca4f3b5816c33,v2,17000,,,,,,크로커다일,,
06_mens_clothing-demo-000722,06_mens_clothing,06,57c178d8805b31bc,v2,20000,,,,,,빌리지,,
06_mens_clothing-demo-000723,06_mens_clothing,06,081081b77aa12939,v2,100774,,,,,,폴로 랄프로렌,,
06_mens_clothing-demo-000724,06_mens_clothing,06,460d3341344106de,v2,26483,,,,,,헤지스,,
06_mens_clothing-demo-000725,06_mens_clothing,06,e9536c9486fda8b5,v2,60000,,,,,,꼼데가르송,,
06_mens_clothing-demo-000726,06_mens_clothing,06,2a07d3c42a25e47d,v2,180000,,,,,,아크테릭스,,
06_mens_clothing-demo-000727,06_mens_clothing,06,169cf899b6b3aa19,v2,22848,,,,,,유니클로,,
06_mens_clothing-demo-000728,06_mens_clothing,06,d546d73ef6d9ba54,v2,220000,,,,,,몽클레어,,
06_mens_clothing-demo-000729,06_mens_clothing,06,bc00d61bfe13963d,v2,74133,,,,,,Polo Ralph Lauren,,
06_mens_clothing-demo-000730,06_mens_clothing,06,3e475f03d6d21608,v2,5000,,,,,,앤듀,,
06_mens_clothing-demo-000731,06_mens_clothing,06,f9fe1aae14fd1c7d,v2,45000,,,,,,갤럭시,,
06_mens_clothing-demo-000732,06_mens_clothing,06,5395e79ba9ea0eb3,v2,68000,,,,,,단톤,,
06_mens_clothing-demo-000733,06_mens_clothing,06,5395e79ba9ea0eb3,v2,68000,,,,,,단톤,,
06_mens_clothing-demo-000734,06_mens_clothing,06,af5b61ae2809316d,v2,15000,,,,,,교복몰,,
06_mens_clothing-demo-000735,06_mens_clothing,06,fed8ae58ace20d2c,v2,79000,,,,,,커스텀멜로우,,
06_mens_clothing-demo-000736,06_mens_clothing,06,460d3341344106de,v2,32397,,,,,,헤지스,,
06_mens_clothing-demo-000737,06_mens_clothing,06,169cf899b6b3aa19,v2,19514,,,,,,유니클로,,
06_mens_clothing-demo-000738,06_mens_clothing,06,169cf899b6b3aa19,v2,24737,,,,,,유니클로,,
06_mens_clothing-demo-000739,06_mens_clothing,06,169cf899b6b3aa19,v2,19301,,,,,,유니클로,,
06_mens_clothing-demo-000740,06_mens_clothing,06,37be8ee2b0becb90,v2,30000,,,,,,디젤,,
06_mens_clothing-demo-000741,06_mens_clothing,06,d72947c5c9fce3e8,v2,20000,,,,,,mouli,,
06_mens_clothing-demo-000742,06_mens_clothing,06,eaea57203d638a47,v2,25000,,,,,,트레이드클럽,,
06_mens_clothing-demo-000743,06_mens_clothing,06,57c178d8805b31bc,v2,20000,,,,,,빌리지,,
06_mens_clothing-demo-000744,06_mens_clothing,06,4c278515d23adb42,v2,60000,,,,,,슈퍼드라이,,
06_mens_clothing-demo-000745,06_mens_clothing,06,e0611062121b4df0,v2,53620,,,,,,COS,,
06_mens_clothing-demo-000746,06_mens_clothing,06,e0611062121b4df0,v2,43476,,,,,,COS,,
06_mens_clothing-demo-000747,06_mens_clothing,06,06a58c3b599066d0,v2,50000,,,,,,버버리,,
06_mens_clothing-demo-000748,06_mens_clothing,06,2e6b351c23610060,v2,120000,,,,,,건지울른스,,
06_mens_clothing-demo-000749,06_mens_clothing,06,9bd0ccb7814dda37,v2,38000,,,,,,버커루,,
06_mens_clothing-demo-000750,06_mens_clothing,06,f25f3a7bdab84dc2,v2,1500,,,,,,탑텐,,
06_mens_clothing-demo-000751,06_mens_clothing,06,e4b29ed53f6ee9cc,v2,44482,,,,,,라코스테,,
06_mens_clothing-demo-000752,06_mens_clothing,06,206322d76cba0cf8,v2,980000,,,,,,Louis Vuitton,,
06_mens_clothing-demo-000753,06_mens_clothing,06,e0611062121b4df0,v2,43112,,,,,,COS,,
06_mens_clothing-demo-000754,06_mens_clothing,06,9e26f7defebafba5,v2,35000,,,,,,아르마니 익스체인지,,
06_mens_clothing-demo-000755,06_mens_clothing,06,d546d73ef6d9ba54,v2,470000,,,,,,TNGT,,
06_mens_clothing-demo-000756,06_mens_clothing,06,bc00d61bfe13963d,v2,85854,,,,,,Polo Ralph Lauren,,
06_mens_clothing-demo-000757,06_mens_clothing,06,1e1d61d0cd765876,v2,26605,,,,,,자라,,
06_mens_clothing-demo-000758,06_mens_clothing,06,727be84155556337,v2,890000,,,,,,루이비더,,
06_mens_clothing-demo-000759,06_mens_clothing,06,727be84155556337,v2,890000,,,,,,루이비더,,
06_mens_clothing-demo-000760,06_mens_clothing,06,4976517a00befa47,v2,120000,,,,,,아미,,
06_mens_clothing-demo-000761,06_mens_clothing,06,5395e79ba9ea0eb3,v2,68000,,,,,,단톤,,
06_mens_clothing-demo-000762,06_mens_clothing,06,aefef6ed0b5c4621,v2,15000,,,,,,All The,,
06_mens_clothing-demo-000763,06_mens_clothing,06,4fa8b166af5ca245,v2,163500,,,,,,꼼데가르송,,
06_mens_clothing-demo-000764,06_mens_clothing,06,081081b77aa12939,v2,97484,,,,,,폴로 랄프로렌,,
06_mens_clothing-demo-000765,06_mens_clothing,06,c70320457f8a6b47,v2,19000,,,,,,에디바우어,,
06_mens_clothing-demo-000766,06_mens_clothing,06,2638473485e58dcc,v2,19000,,,,,,stco,,
06_mens_clothing-demo-000767,06_mens_clothing,06,d546d73ef6d9ba54,v2,1530000,,,,,,몽클레어,,
06_mens_clothing-demo-000768,06_mens_clothing,06,06a58c3b599066d0,v2,115000,,,,,,버버리,,
06_mens_clothing-demo-000769,06_mens_clothing,06,d35a1c40300a0833,v2,10000,,,,,,DONNAY,,
06_mens_clothing-demo-000770,06_mens_clothing,06,08bb7d58eca3690e,v2,7000,,,,,,베이직하우스,,
06_mens_clothing-demo-000771,06_mens_clothing,06,41e8418be72208c4,v2,35000,,,,,,TNGT,,
06_mens_clothing-demo-000772,06_mens_clothing,06,a0139e02a7549464,v2,10000,,,,,,Johns Hopkins,,
06_mens_clothing-demo-000773,06_mens_clothing,06,e4b29ed53f6ee9cc,v2,46916,,,,,,에잇세컨즈,,
06_mens_clothing-demo-000774,06_mens_clothing,06,5395e79ba9ea0eb3,v2,68000,,,,,,단톤,,
06_mens_clothing-demo-000775,06_mens_clothing,06,169cf899b6b3aa19,v2,26653,,,,,,유니클로,,
06_mens_clothing-demo-000776,06_mens_clothing,06,e4b29ed53f6ee9cc,v2,52823,,,,,,라코스테,,
06_mens_clothing-demo-000777,06_mens_clothing,06,87006448219d090b,v2,40000,,,,,,와이드앵글,,
06_mens_clothing-demo-000778,06_mens_clothing,06,259e2fc0964c624a,v2,980000,,,,,,Gucci,,
06_mens_clothing-demo-000779,06_mens_clothing,06,9e26f7defebafba5,v2,35000,,,,,,아르마니 익스체인지,,
06_mens_clothing-demo-000780,06_mens_clothing,06,460d3341344106de,v2,30225,,,,,,헤지스,,
06_mens_clothing-demo-000781,06_mens_clothing,06,4c278515d23adb42,v2,60000,,,,,,슈퍼드라이,,
06_mens_clothing-demo-000782,06_mens_clothing,06,460d3341344106de,v2,27770,,,,,,헤지스,,
06_mens_clothing-demo-000783,06_mens_clothing,06,206322d76cba0cf8,v2,980000,,,,,,Louis Vuitton,,
06_mens_clothing-demo-000784,06_mens_clothing,06,460d3341344106de,v2,31389,,,,,,헤지스,,
06_mens_clothing-demo-000785,06_mens_clothing,06,169cf899b6b3aa19,v2,16341,,,,,,유니클로,,
06_mens_clothing-demo-000786,06_mens_clothing,06,169cf899b6b3aa19,v2,20649,,,,,,유니클로,,
06_mens_clothing-demo-000787,06_mens_clothing,06,206322d76cba0cf8,v2,980000,,,,,,Gucci,,
06_mens_clothing-demo-000788,06_mens_clothing,06,06a58c3b599066d0,v2,50000,,,,,,버버리,,
06_mens_clothing-demo-000789,06_mens_clothing,06,e9536c9486fda8b5,v2,60000,,,,,,A/X,,
06_mens_clothing-demo-000790,06_mens_clothing,06,4fa8b166af5ca245,v2,28000,,,,,,꼼데가르송,,
06_mens_clothing-demo-000791,06_mens_clothing,06,3fa3032058c56b08,v2,25000,,,,,,알레그리,,
06_mens_clothing-demo-000792,06_mens_clothing,06,0f05d8b86df524c1,v2,40673,,,,,,Lacoste,,
06_mens_clothing-demo-000793,06_mens_clothing,06,268be935633dc71c,v2,1080000,,,,,,TOMFORD,,
06_mens_clothing-demo-000794,06_mens_clothing,06,460d3341344106de,v2,27200,,,,,,유니클로,,
06_mens_clothing-demo-000795,06_mens_clothing,06,206322d76cba0cf8,v2,950000,,,,,,Louis Vuitton,,
06_mens_clothing-demo-000796,06_mens_clothing,06,59a21971fff68b23,v2,19000,,,,,,Keith Haring,,
06_mens_clothing-demo-000797,06_mens_clothing,06,e4b29ed53f6ee9cc,v2,52944,,,,,,라코스테,,
06_mens_clothing-demo-000798,06_mens_clothing,06,d546d73ef6d9ba54,v2,1530000,,,,,,몽클레어,,
06_mens_clothing-demo-000799,06_mens_clothing,06,e0611062121b4df0,v2,48688,,,,,,COS,,
06_mens_clothing-demo-000800,06_mens_clothing,06,0221095ce7492e90,v2,30000,,,,,,프레드페리,,
06_mens_clothing-demo-000801,06_mens_clothing,06,a7e2827524f92578,v2,650000,,,,,,VALENTINO,,
06_mens_clothing-demo-000802,06_mens_clothing,06,eaea57203d638a47,v2,25000,,,,,,트레이드클럽,,
06_mens_clothing-demo-000803,06_mens_clothing,06,d34a37cede7dc617,v2,130000,,,,,,Allegri,,
06_mens_clothing-demo-000804,06_mens_clothing,06,9cfea7edbbea1c97,v2,19900,,,,,,더셔츠 스튜디오,,
06_mens_clothing-demo-000805,06_mens_clothing,06,4b52cd32644f5bad,v2,49401,,,,,,타미힐피거,,
06_mens_clothing-demo-000806,06_mens_clothing,06,f02229812ba92afd,v2,38000,,,,,,espionage,,
06_mens_clothing-demo-000807,06_mens_clothing,06,169cf899b6b3aa19,v2,17390,,,,,,유니클로,,
06_mens_clothing-demo-000808,06_mens_clothing,06,4b52cd32644f5bad,v2,70000,,,,,,타미힐피거,,
06_mens_clothing-demo-000809,06_mens_clothing,06,5395e79ba9ea0eb3,v2,68000,,,,,,단톤,,
06_mens_clothing-demo-000810,06_mens_clothing,06,e9536c9486fda8b5,v2,60000,,,,,,A/X,,
06_mens_clothing-demo-000811,06_mens_clothing,06,a7cbcb879a2e806b,v2,48000,,,,,,닥스,,
06_mens_clothing-demo-000812,06_mens_clothing,06,e0611062121b4df0,v2,43252,,,,,,COS,,
06_mens_clothing-demo-000813,06_mens_clothing,06,169cf899b6b3aa19,v2,22908,,,,,,유니클로,,
06_mens_clothing-demo-000814,06_mens_clothing,06,273b6896d31c81ee,v2,110000,,,,,,타임옴므,,
06_mens_clothing-demo-000815,06_mens_clothing,06,a7cbcb879a2e806b,v2,35000,,,,,,닥스,,
06_mens_clothing-demo-000816,06_mens_clothing,06,259e2fc0964c624a,v2,980000,,,,,,단톤,,
06_mens_clothing-demo-000817,06_mens_clothing,06,4976517a00befa47,v2,120000,,,,,,아미,,
06_mens_clothing-demo-000818,06_mens_clothing,06,081081b77aa12939,v2,62086,,,,,,인디안,,
06_mens_clothing-demo-000819,06_mens_clothing,06,06a58c3b599066d0,v2,50000,,,,,,버버리,,
06_mens_clothing-demo-000820,06_mens_clothing,06,d35a1c40300a0833,v2,10000,,,,,,DONNAY,,
06_mens_clothing-demo-000821,06_mens_clothing,06,e9536c9486fda8b5,v2,60000,,,,,,A/X,,
06_mens_clothing-demo-000822,06_mens_clothing,06,2638473485e58dcc,v2,32000,,,,,,stco,,
06_mens_clothing-demo-000823,06_mens_clothing,06,aaa22e5281bc4ee3,v2,9900,,,,,,젠틀맨스 컨셉,,
06_mens_clothing-demo-000824,06_mens_clothing,06,ceea91a961835161,v2,180000,,,,,,STU,,
06_mens_clothing-demo-000825,06_mens_clothing,06,4c278515d23adb42,v2,60000,,,,,,슈퍼드라이,,
06_mens_clothing-demo-000826,06_mens_clothing,06,4b52cd32644f5bad,v2,37236,,,,,,타미힐피거,,
06_mens_clothing-demo-000827,06_mens_clothing,06,eaea57203d638a47,v2,25000,,,,,,트레이드클럽,,
06_mens_clothing-demo-000828,06_mens_clothing,06,af5b61ae2809316d,v2,15000,,,,,,교복몰,,
06_mens_clothing-demo-000829,06_mens_clothing,06,460d3341344106de,v2,27835,,,,,,헤지스,,
06_mens_clothing-demo-000830,06_mens_clothing,06,273b6896d31c81ee,v2,110000,,,,,,타임옴므,,
06_mens_clothing-demo-000831,06_mens_clothing,06,99d4ae484ccfd392,v2,1150000,,,,,,Balenciaga,,
06_mens_clothing-demo-000832,06_mens_clothing,06,b8ed47e0061b0dcd,v2,650000,,,,,,톰브라운,,
06_mens_clothing-demo-000833,06_mens_clothing,06,157ab8e8d4217b91,v2,51057,,,,,,빈폴,,
06_mens_clothing-demo-000834,06_mens_clothing,06,169cf899b6b3aa19,v2,19175,,,,,,유니클로,,
06_mens_clothing-demo-000835,06_mens_clothing,06,2638473485e58dcc,v2,19000,,,,,,stco,,
06_mens_clothing-demo-000836,06_mens_clothing,06,0f05d8b86df524c1,v2,40000,,,,,,Lacoste,,
06_mens_clothing-demo-000837,06_mens_clothing,06,c58f951f01e334d4,v2,40000,,,,,,지오송지오,,
06_mens_clothing-demo-000838,06_mens_clothing,06,57c178d8805b31bc,v2,20000,,,,,,빌리지,,
06_mens_clothing-demo-000839,06_mens_clothing,06,99d4ae484ccfd392,v2,1150000,,,,,,Balenciaga,,
06_mens_clothing-demo-000840,06_mens_clothing,06,2638473485e58dcc,v2,32000,,,,,,stco,,
06_mens_clothing-demo-000841,06_mens_clothing,06,b8ed47e0061b0dcd,v2,189000,,,,,,톰브라운,,
06_mens_clothing-demo-000842,06_mens_clothing,06,e8b36b22f5e4d6db,v2,40000,,,,,,브룩스브라더스,,
06_mens_clothing-demo-000843,06_mens_clothing,06,5f04502525484021,v2,100000,,,,,,에잇세컨즈,,
06_mens_clothing-demo-000844,06_mens_clothing,06,e9536c9486fda8b5,v2,60000,,,,,,A/X,,
06_mens_clothing-demo-000845,06_mens_clothing,06,c1d5964c741ff71d,v2,17000,,,,,,IMPERIAL,,
06_mens_clothing-demo-000846,06_mens_clothing,06,0f05d8b86df524c1,v2,40000,,,,,,Lacoste,,
06_mens_clothing-demo-000847,06_mens_clothing,06,081081b77aa12939,v2,67322,,,,,,폴로 랄프로렌,,
06_mens_clothing-demo-000848,06_mens_clothing,06,0f05d8b86df524c1,v2,40000,,,,,,Lacoste,,
06_mens_clothing-demo-000849,06_mens_clothing,06,8c036fd2d9ae8b79,v2,23000,,,,,,노스페이스,,
06_mens_clothing-demo-000850,06_mens_clothing,06,7b51b95418cc10af,v2,49000,,,,,,the editor,,
06_mens_clothing-demo-000851,06_mens_clothing,06,ceea91a961835161,v2,180000,,,,,,STU,,
06_mens_clothing-demo-000852,06_mens_clothing,06,4fa8b166af5ca245,v2,163500,,,,,,꼼데가르송,,
06_mens_clothing-demo-000853,06_mens_clothing,06,169cf899b6b3aa19,v2,24937,,,,,,유니클로,,
06_mens_clothing-demo-000854,06_mens_clothing,06,c16522c2ecc363bb,v2,110000,,,,,,세인트제임스,,
06_mens_clothing-demo-000855,06_mens_clothing,06,f25f3a7bdab84dc2,v2,6000,,,,,,탑텐,,
06_mens_clothing-demo-000856,06_mens_clothing,06,eaea57203d638a47,v2,25000,,,,,,Lacoste,,
06_mens_clothing-demo-000857,06_mens_clothing,06,d34a37cede7dc617,v2,130000,,,,,,Allegri,,
06_mens_clothing-demo-000858,06_mens_clothing,06,460d3341344106de,v2,33562,,,,,,헤지스,,
06_mens_clothing-demo-000859,06_mens_clothing,06,0f05d8b86df524c1,v2,40000,,,,,,Lacoste,,
06_mens_clothing-demo-000860,06_mens_clothing,06,f25f3a7bdab84dc2,v2,14900,,,,,,탑텐,,
06_mens_clothing-demo-000861,06_mens_clothing,06,e4b29ed53f6ee9cc,v2,53569,,,,,,라코스테,,
06_mens_clothing-demo-000862,06_mens_clothing,06,5395e79ba9ea0eb3,v2,68000,,,,,,단톤,,
06_mens_clothing-demo-000863,06_mens_clothing,06,06a58c3b599066d0,v2,110000,,,,,,버버리,,
06_mens_clothing-demo-000864,06_mens_clothing,06,57c178d8805b31bc,v2,20000,,,,,,빌리지,,
06_mens_clothing-demo-000865,06_mens_clothing,06,5d5e9bbd88ce4d47,v2,13500,,,,,,Gucci,,
06_mens_clothing-demo-000866,06_mens_clothing,06,4b52cd32644f5bad,v2,46276,,,,,,타미힐피거,,
06_mens_clothing-demo-000867,06_mens_clothing,06,0221095ce7492e90,v2,200000,,,,,,프레드페리,,
06_mens_clothing-demo-000868,06_mens_clothing,06,e28cbe4e5693ca71,v2,30000,,,,,,세인트페인,,
06_mens_clothing-demo-000869,06_mens_clothing,06,081081b77aa12939,v2,51849,,,,,,폴로 랄프로렌,,
06_mens_clothing-demo-000870,06_mens_clothing,06,460d3341344106de,v2,30168,,,,,,헤지스,,
06_mens_clothing-demo-000871,06_mens_clothing,06,e4b29ed53f6ee9cc,v2,45053,,,,,,라코스테,,
06_mens_clothing-demo-000872,06_mens_clothing,06,c58f951f01e334d4,v2,40000,,,,,,지오송지오,,
06_mens_clothing-demo-000873,06_mens_clothing,06,92400ce63237a0c1,v2,150000,,,,,,알레그리,,
06_mens_clothing-demo-000874,06_mens_clothing,06,06a58c3b599066d0,v2,50000,,,,,,버버리,,
06_mens_clothing-demo-000875,06_mens_clothing,06,4fa8b166af5ca245,v2,163500,,,,,,꼼데가르송,,
06_mens_clothing-demo-000876,06_mens_clothing,06,c1ed8ec86a1958f8,v2,50000,,,,,,아워스코프,,
06_mens_clothing-demo-000877,06_mens_clothing,06,460d3341344106de,v2,26515,,,,,,헤지스,,
06_mens_clothing-demo-000878,06_mens_clothing,06,06a58c3b599066d0,v2,115000,,,,,,버버리,,
06_mens_clothing-demo-000879,06_mens_clothing,06,259e2fc0964c624a,v2,980000,,,,,,Gucci,,
06_mens_clothing-demo-000880,06_mens_clothing,06,af5b61ae2809316d,v2,15000,,,,,,교복몰,,
06_mens_clothing-demo-000881,06_mens_clothing,06,c1ed8ec86a1958f8,v2,50000,,,,,,아워스코프,,
06_mens_clothing-demo-000882,06_mens_clothing,06,06a58c3b599066d0,v2,110000,,,,,,버버리,,
06_mens_clothing-demo-000883,06_mens_clothing,06,06af5eebaa2d9ccd,v2,290000,,,,,,CP 컴퍼니,,
06_mens_clothing-demo-000884,06_mens_clothing,06,a7e2827524f92578,v2,650000,,,,,,Johns Hopkins,,
06_mens_clothing-demo-000885,06_mens_clothing,06,e28cbe4e5693ca71,v2,30000,,,,,,세인트페인,,
06_mens_clothing-demo-000886,06_mens_clothing,06,460d3341344106de,v2,29432,,,,,,헤지스,,
06_mens_clothing-demo-000887,06_mens_clothing,06,7b51b95418cc10af,v2,49000,,,,,,the editor,,
06_mens_clothing-demo-000888,06_mens_clothing,06,a7e2827524f92578,v2,650000,,,,,,VALENTINO,,
06_mens_clothing-demo-000889,06_mens_clothing,06,1e1d61d0cd765876,v2,46253,,,,,,자라,,
06_mens_clothing-demo-000890,06_mens_clothing,06,e4b29ed53f6ee9cc,v2,42868,,,,,,라코스테,,
06_mens_clothing-demo-000891,06_mens_clothing,06,169cf899b6b3aa19,v2,26143,,,,,,유니클로,,
06_mens_clothing-demo-000892,06_mens_clothing,06,f9fe1aae14fd1c7d,v2,45000,,,,,,갤럭시,,
06_mens_clothing-demo-000893,06_mens_clothing,06,157ab8e8d4217b91,v2,47117,,,,,,빈폴,,
06_mens_clothing-demo-000894,06_mens_clothing,06,e4b29ed53f6ee9cc,v2,45854,,,,,,라코스테,,
06_mens_clothing-demo-000895,06_mens_clothing,06,bc00d61bfe13963d,v2,70000,,,,,,Polo Ralph Lauren,,
06_mens_clothing-demo-000896,06_mens_clothing,06,87006448219d090b,v2,40000,,,,,,와이드앵글,,
06_mens_clothing-demo-000897,06_mens_clothing,06,8b4c4207cd5f3f5b,v2,28000,,,,,,LOUIS TCROWN,,
06_mens_clothing-demo-000898,06_mens_clothing,06,bc00d61bfe13963d,v2,79415,,,,,,Polo Ralph Lauren,,
06_mens_clothing-demo-000899,06_mens_clothing,06,b78f3022ede410ff,v2,1980000,,,,,,PRADA,,
06_mens_clothing-demo-000900,06_mens_clothing,06,cee29ee91aa0b04d,v2,3000,,,,,,파나틱스,,
06_mens_clothing-demo-000901,06_mens_clothing,06,e4b29ed53f6ee9cc,v2,47763,,,,,,라코스테,,
06_mens_clothing-demo-000902,06_mens_clothing,06,2e6b351c23610060,v2,120000,,,,,,건지울른스,,
06_mens_clothing-demo-000903,06_mens_clothing,06,c70320457f8a6b47,v2,19000,,,,,,에디바우어,,
06_mens_clothing-demo-000904,06_mens_clothing,06,081081b77aa12939,v2,88961,,,,,,폴로 랄프로렌,,
06_mens_clothing-demo-000905,06_mens_clothing,06,fed8ae58ace20d2c,v2,79000,,,,,,커스텀멜로우,,
06_mens_clothing-demo-000906,06_mens_clothing,06,1944ff7d0b621fd1,v2,150000,,,,,,솔리드옴므,,
06_mens_clothing-demo-000907,06_mens_clothing,06,0f05d8b86df524c1,v2,42002,,,,,,Lacoste,,
06_mens_clothing-demo-000908,06_mens_clothing,06,2638473485e58dcc,v2,19000,,,,,,stco,,
06_mens_clothing-demo-000909,06_mens_clothing,06,b8ed47e0061b0dcd,v2,650000,,,,,,톰브라운,,
06_mens_clothing-demo-000910,06_mens_clothing,06,0f05d8b86df524c1,v2,40000,,,,,,Lacoste,,
06_mens_clothing-demo-000911,06_mens_clothing,06,e4b29ed53f6ee9cc,v2,42470,,,,,,라코스테,,
06_mens_clothing-demo-000912,06_mens_clothing,06,1e1d61d0cd765876,v2,16049,,,,,,젠틀맨스 컨셉,,
06_mens_clothing-demo-000913,06_mens_clothing,06,7b51b95418cc10af,v2,49000,,,,,,the editor,,
06_mens_clothing-demo-000914,06_mens_clothing,06,460d3341344106de,v2,28647,,,,,,헤지스,,
06_mens_clothing-demo-000915,06_mens_clothing,06,bc00d61bfe13963d,v2,91283,,,,,,DIESEL,,
06_mens_clothing-demo-000916,06_mens_clothing,06,0f05d8b86df524c1,v2,43560,,,,,,Lacoste,,
06_mens_clothing-demo-000917,06_mens_clothing,06,625363f4952a1958,v2,49000,,,,,,로가디스,,
06_mens_clothing-demo-000918,06_mens_clothing,06,8c036fd2d9ae8b79,v2,23000,,,,,,노스페이스,,
06_mens_clothing-demo-000919,06_mens_clothing,06,fed8ae58ace20d2c,v2,79000,,,,,,커스텀멜로우,,
06_mens_clothing-demo-000920,06_mens_clothing,06,87006448219d090b,v2,40000,,,,,,젠틀맨스 컨셉,,
06_mens_clothing-demo-000921,06_mens_clothing,06,0f05d8b86df524c1,v2,44237,,,,,,Lacoste,,
06_mens_clothing-demo-000922,06_mens_clothing,06,1e1d61d0cd765876,v2,34527,,,,,,자라,,
06_mens_clothing-demo-000923,06_mens_clothing,06,460d3341344106de,v2,32442,,,,,,헤지스,,
06_mens_clothing-demo-000924,06_mens_clothing,06,a7cbcb879a2e806b,v2,50000,,,,,,닥스,,
06_mens_clothing-demo-000925,06_mens_clothing,06,bc00d61bfe13963d,v2,76710,,,,,,Polo Ralph Lauren,,
06_mens_clothing-demo-000926,06_mens_clothing,06,21649774cfd6c1be,v2,30000,,,,,,MR GREY,,
06_mens_clothing-demo-000927,06_mens_clothing,06,460d3341344106de,v2,25878,,,,,,헤지스,,
06_mens_clothing-demo-000928,06_mens_clothing,06,c1d5964c741ff71d,v2,17000,,,,,,IMPERIAL,,
06_mens_clothing-demo-000929,06_mens_clothing,06,59264f6d6b0b79dc,v2,79000,,,,,,에트로,,
06_mens_clothing-demo-000930,06_mens_clothing,06,1944ff7d0b621fd1,v2,150000,,,,,,솔리드옴므,,
06_mens_clothing-demo-000931,06_mens_clothing,06,4fa8b166af5ca245,v2,220000,,,,,,꼼데가르송,,
06_mens_clothing-demo-000932,06_mens_clothing,06,5d5e9bbd88ce4d47,v2,13500,,,,,,컨셉원,,
06_mens_clothing-demo-000933,06_mens_clothing,06,e9536c9486fda8b5,v2,60000,,,,,,A/X,,
06_mens_clothing-demo-000934,06_mens_clothing,06,c1ed8ec86a1958f8,v2,50000,,,,,,아워스코프,,
06_mens_clothing-demo-000935,06_mens_clothing,06,a557d4c411feba4a,v2,23000,,,,,,DAKS,,
06_mens_clothing-demo-000936,06_mens_clothing,06,0f05d8b86df524c1,v2,40000,,,,,,Lacoste,,
06_mens_clothing-demo-000937,06_mens_clothing,06,af5b61ae2809316d,v2,15000,,,,,,교복몰,,
06_mens_clothing-demo-000938,06_mens_clothing,06,8c036fd2d9ae8b79,v2,23000,,,,,,노스페이스,,
06_mens_clothing-demo-000939,06_mens_clothing,06,59264f6d6b0b79dc,v2,79000,,,,,,에트로,,
06_mens_clothing-demo-000940,06_mens_clothing,06,727be84155556337,v2,890000,,,,,,루이비더,,
06_mens_clothing-demo-000941,06_mens_clothing,06,0221095ce7492e90,v2,30000,,,,,,프레드페리,,
06_mens_clothing-demo-000942,06_mens_clothing,06,460d3341344106de,v2,27106,,,,,,헤지스,,
06_mens_clothing-demo-000943,06_mens_clothing,06,6721b29c4027c71e,v2,69000,,,,,,THEORY,,
06_mens_clothing-demo-000944,06_mens_clothing,06,bf393f800d9ec0cd,v2,40000,,,,,,바나나리퍼블릭,,
06_mens_clothing-demo-000945,06_mens_clothing,06,081081b77aa12939,v2,94622,,,,,,유니클로,,
06_mens_clothing-demo-000946,06_mens_clothing,06,d72947c5c9fce3e8,v2,20000,,,,,,mouli,,
06_mens_clothing-demo-000947,06_mens_clothing,06,d6b20de9a502b36d,v2,16000,,,,,,Super brand,,
06_mens_clothing-demo-000948,06_mens_clothing,06,92400ce63237a0c1,v2,150000,,,,,,알레그리,,
06_mens_clothing-demo-000949,06_mens_clothing,06,08bb7d58eca3690e,v2,7000,,,,,,베이직하우스,,
06_mens_clothing-demo-000950,06_mens_clothing,06,a7cbcb879a2e806b,v2,50000,,,,,,닥스,,
06_mens_clothing-demo-000951,06_mens_clothing,06,aefef6ed0b5c4621,v2,15000,,,,,,All The,,
06_mens_clothing-demo-000952,06_mens_clothing,06,1944ff7d0b621fd1,v2,150000,,,,,,솔리드옴므,,
06_mens_clothing-demo-000953,06_mens_clothing,06,e28cbe4e5693ca71,v2,30000,,,,,,세인트페인,,
06_mens_clothing-demo-000954,06_mens_clothing,06,894035d41146d539,v2,5000,,,,,,스파오,,
06_mens_clothing-demo-000955,06_mens_clothing,06,460d3341344106de,v2,25911,,,,,,헤지스,,
06_mens_clothing-demo-000956,06_mens_clothing,06,cb933a12fd5037dd,v2,150000,,,,,,CARVEN,,
06_mens_clothing-demo-000957,06_mens_clothing,06,08bb7d58eca3690e,v2,7000,,,,,,베이직하우스,,
06_mens_clothing-demo-000958,06_mens_clothing,06,f02229812ba92afd,v2,38000,,,,,,espionage,,
06_mens_clothing-demo-000959,06_mens_clothing,06,e8b36b22f5e4d6db,v2,40000,,,,,,닥스,,
06_mens_clothing-demo-000960,06_mens_clothing,06,081081b77aa12939,v2,92820,,,,,,폴로 랄프로렌,,
06_mens_clothing-demo-000961,06_mens_clothing,06,a557d4c411feba4a,v2,23000,,,,,,DAKS,,
06_mens_clothing-demo-000962,06_mens_clothing,06,f25f3a7bdab84dc2,v2,1500,,,,,,탑텐,,
06_mens_clothing-demo-000963,06_mens_clothing,06,169cf899b6b3aa19,v2,21861,,,,,,커스텀멜로우,,
06_mens_clothing-demo-000964,06_mens_clothing,06,e4b29ed53f6ee9cc,v2,50137,,,,,,라코스테,,
06_mens_clothing-demo-000965,06_mens_clothing,06,d546d73ef6d9ba54,v2,1530000,,,,,,몽클레어,,
06_mens_clothing-demo-000966,06_mens_clothing,06,b8f098fb70e13831,v2,45000,,,,,,듀퐁,,
06_mens_clothing-demo-000967,06_mens_clothing,06,460d3341344106de,v2,33228,,,,,,헤지스,,
06_mens_clothing-demo-000968,06_mens_clothing,06,3fa3032058c56b08,v2,25000,,,,,,레어뷰 rareview,,
06_mens_clothing-demo-000969,06_mens_clothing,06,1e1d61d0cd765876,v2,46770,,,,,,자라,,
06_mens_clothing-demo-000970,06_mens_clothing,06,c1d5964c741ff71d,v2,17000,,,,,,IMPERIAL,,
06_mens_clothing-demo-000971,06_mens_clothing,06,d72947c5c9fce3e8,v2,20000,,,,,,mouli,,
06_mens_clothing-demo-000972,06_mens_clothing,06,081081b77aa12939,v2,54467,,,,,,폴로 랄프로렌,,
06_mens_clothing-demo-000973,06_mens_clothing,06,cf4af21e63946a9a,v2,38000,,,,,,인디안,,
06_mens_clothing-demo-000974,06_mens_clothing,06,5adfdf9a7ac3889c,v2,50000,,,,,,림노스,,
06_mens_clothing-demo-000975,06_mens_clothing,06,a7cbcb879a2e806b,v2,50000,,,,,,닥스,,
06_mens_clothing-demo-000976,06_mens_clothing,06,b4fee045faecfee4,v2,45000,,,,,,타이틀리스트,,
06_mens_clothing-demo-000977,06_mens_clothing,06,b8ed47e0061b0dcd,v2,400000,,,,,,톰브라운,,
06_mens_clothing-demo-000978,06_mens_clothing,06,92400ce63237a0c1,v2,150000,,,,,,알레그리,,
06_mens_clothing-demo-000979,06_mens_clothing,06,894035d41146d539,v2,5000,,,,,,스파오,,
06_mens_clothing-demo-000980,06_mens_clothing,06,8237d03aeab36557,v2,18900,,,,,,에잇세컨즈,,
06_mens_clothing-demo-000981,06_mens_clothing,06,169cf899b6b3aa19,v2,16228,,,,,,유니클로,,
06_mens_clothing-demo-000982,06_mens_clothing,06,8b4c4207cd5f3f5b,v2,28000,,,,,,LOUIS TCROWN,,
06_mens_clothing-demo-000983,06_mens_clothing,06,292870bbebef29e4,v2,6000,,,,,,폴로 랄프로렌,,
06_mens_clothing-demo-000984,06_mens_clothing,06,b4fee045faecfee4,v2,45000,,,,,,타이틀리스트,,
06_mens_clothing-demo-000985,06_mens_clothing,06,bc00d61bfe13963d,v2,70000,,,,,,Polo Ralph Lauren,,
06_mens_clothing-demo-000986,06_mens_clothing,06,bc00d61bfe13963d,v2,71919,,,,,,Polo Ralph Lauren,,
06_mens_clothing-demo-000987,06_mens_clothing,06,169cf899b6b3aa19,v2,23505,,,,,,유니클로,,
06_mens_clothing-demo-000988,06_mens_clothing,06,e9536c9486fda8b5,v2,60000,,,,,,A/X,,
06_mens_clothing-demo-000989,06_mens_clothing,06,169cf899b6b3aa19,v2,23964,,,,,,유니클로,,
06_mens_clothing-demo-000990,06_mens_clothing,06,2638473485e58dcc,v2,32000,,,,,,stco,,
06_mens_clothing-demo-000991,06_mens_clothing,06,460d3341344106de,v2,25831,,,,,,헤지스,,
06_mens_clothing-demo-000992,06_mens_clothing,06,c1ed8ec86a1958f8,v2,50000,,,,,,아워스코프,,
06_mens_clothing-demo-000993,06_mens_clothing,06,d546d73ef6d9ba54,v2,470000,,,,,,몽클레어,,
06_mens_clothing-demo-000994,06_mens_clothing,06,e0611062121b4df0,v2,44368,,,,,,COS,,
06_mens_clothing-demo-000995,06_mens_clothing,06,5395e79ba9ea0eb3,v2,68000,,,,,,단톤,,
06_mens_clothing-demo-000996,06_mens_clothing,06,460d3341344106de,v2,26471,,,,,,헤지스,,
06_mens_clothing-demo-000997,06_mens_clothing,06,3e475f03d6d21608,v2,5000,,,,,,앤듀,,
06_mens_clothing-demo-000998,06_mens_clothing,06,08bb7d58eca3690e,v2,7000,,,,,,베이직하우스,,
06_mens_clothing-demo-000999,06_mens_clothing,06,4b52cd32644f5bad,v2,54483,,,,,,타미힐피거,,
