item_id,category_name,category_code,spec_key_hash,hash_version,used_price,item_type,use_space,brand,mobility,set_components,main_material,dimensions_cm,shelf_drawer_count
08_daily_goods-demo-000000,08_daily_goods,08,aba2cfbf9c5da660,v2,39000,,,수납왕,,,,,
08_daily_goods-demo-000001,08_daily_goods,08,7ae46b917023b1d7,v2,172268,,,한샘,,,,,
08_daily_goods-demo-000002,08_daily_goods,08,7ae46b917023b1d7,v2,179226,,,한샘,,,,,
08_daily_goods-demo-000003,08_daily_goods,08,61da2de509a4c317,v2,5000,,,유한락스,,,,,
08_daily_goods-demo-000004,08_daily_goods,08,6ba85a44b0152000,v2,75000,,,카레클린트,,,,,
08_daily_goods-demo-000005,08_daily_goods,08,9687bb381bcf9847,v2,220000,,,일룸 iloom,,,,,
08_daily_goods-demo-000006,08_daily_goods,08,4f8a1762aa664d22,v2,55000,,,LG,,,,,
08_daily_goods-demo-000007,08_daily_goods,08,85760f436c0aab87,v2,3000,,,이케아,,,,,
08_daily_goods-demo-000008,08_daily_goods,08,7fb2292126eb87b9,v2,400000,,,리바트,,,,,
08_daily_goods-demo-000009,08_daily_goods,08,409e4818a0025062,v2,140000,,,카르텔,,,,,
08_daily_goods-demo-000010,08_daily_goods,08,a414e87f746bdc4d,v2,130000,,,Hello Kitty,,,,,
08_daily_goods-demo-000011,08_daily_goods,08,2f03df6fc381d0ea,v2,10000,,,Spectrum,,,,,
08_daily_goods-demo-000012,08_daily_goods,08,419dd7fa05b171da,v2,94187,,,리바트,,,,,
08_daily_goods-demo-000013,08_daily_goods,08,57e97cb86de28c12,v2,10000,,,폭스바겐,,,,,
08_daily_goods-demo-000014,08_daily_goods,08,8584298e2ca7f855,v2,380000,,,오르다,,,,,
08_daily_goods-demo-000015,08_daily_goods,08,6ba85a44b0152000,v2,75000,,,카레클린트,,,,,
08_daily_goods-demo-000016,08_daily_goods,08,d325c782e0f7cd1d,v2,500000,,,에디키즈,,,,,
08_daily_goods-demo-000017,08_daily_goods,08,7ae46b917023b1d7,v2,70285,,,한샘,,,,,
08_daily_goods-demo-000018,08_daily_goods,08,7fb2292126eb87b9,v2,400000,,,씨에스테크,,,,,
08_daily_goods-demo-000019,08_daily_goods,08,9cd23d7fdcccb68f,v2,180000,,,미라지가구,,,,,
08_daily_goods-demo-000020,08_daily_goods,08,7ae46b917023b1d7,v2,85670,,,한샘,,,,,
08_daily_goods-demo-000021,08_daily_goods,08,57e97cb86de28c12,v2,10000,,,보흥,,,,,
08_daily_goods-demo-000022,08_daily_goods,08,ee567cdb2ff2d25f,v2,0,,,핀란디아,,,,,
08_daily_goods-demo-000023,08_daily_goods,08,9cd23d7fdcccb68f,v2,180000,,,미라지가구,,,,,
08_daily_goods-demo-000024,08_daily_goods,08,907f9f90366eef5e,v2,80000,,,마켓비,,,,,
08_daily_goods-demo-000025,08_daily_goods,08,115bf0d759d08796,v2,100000,,,트리니홈,,,,,
08_daily_goods-demo-000026,08_daily_goods,08,1fe86105841cea65,v2,30000,,,카렉스,,,,,
08_daily_goods-demo-000027,08_daily_goods,08,7b005066562cd0b1,v2,4000,,,무인양품,,,,,
08_daily_goods-demo-000028,08_daily_goods,08,0c3ae3fdab2211d9,v2,130000,,,키티,,,,,
08_daily_goods-demo-000029,08_daily_goods,08,16576aaba4773485,v2,2123,,,누니큐,,,,,
08_daily_goods-demo-000030,08_daily_goods,08,7ae46b917023b1d7,v2,95774,,,한샘,,,,,
08_daily_goods-demo-000031,08_daily_goods,08,48165812a3fe2b42,v2,1000000,,,로보락,,,,,
08_daily_goods-demo-000032,08_daily_goods,08,419dd7fa05b171da,v2,77056,,,리바트,,,,,
08_daily_goods-demo-000033,08_daily_goods,08,85760f436c0aab87,v2,3000,,,이케아,,,,,
08_daily_goods-demo-000034,08_daily_goods,08,84d93153ad5945bf,v2,180000,,,desker,,,,,
08_daily_goods-demo-000035,08_daily_goods,08,85760f436c0aab87,v2,3000,,,이케아,,,,,
08_daily_goods-demo-000036,08_daily_goods,08,99b7bfe9d43be4ff,v2,2300000,,,USM,,,,,
08_daily_goods-demo-000037,08_daily_goods,08,6ba85a44b0152000,v2,75000,,,카레클린트,,,,,
08_daily_goods-demo-000038,08_daily_goods,08,d9bc4aa9fea008c0,v2,280000,,,Coca-Cola,,,,,
08_daily_goods-demo-000039,08_daily_goods,08,261f2d75a17aae42,v2,105000,,,세레스홈,,,,,
08_daily_goods-demo-000040,08_daily_goods,08,b4ec91150821d809,v2,60000,,,리케이,,,,,
08_daily_goods-demo-000041,08_daily_goods,08,1fe86105841cea65,v2,30000,,,카렉스,,,,,
08_daily_goods-demo-000042,08_daily_goods,08,03248d66161d7bb6,v2,40000,,,소르니아,,,,,
08_daily_goods-demo-000043,08_daily_goods,08,ca3ea09d36ae244d,v2,319000,,,카렉스,,,,,
08_daily_goods-demo-000044,08_daily_goods,08,d4079216305998a5,v2,80000,,,아이엔지홈,,,,,
08_daily_goods-demo-000045,08_daily_goods,08,9b29c7ddc941fa78,v2,280000,,,코카콜라,,,,,
08_daily_goods-demo-000046,08_daily_goods,08,b4ec91150821d809,v2,60000,,,리케이,,,,,
08_daily_goods-demo-000047,08_daily_goods,08,03248d66161d7bb6,v2,40000,,,페라리,,,,,
08_daily_goods-demo-000048,08_daily_goods,08,a414e87f746bdc4d,v2,130000,,,Hello Kitty,,,,,
08_daily_goods-demo-000049,08_daily_goods,08,7ae46b917023b1d7,v2,193756,,,한샘,,,,,
08_daily_goods-demo-000050,08_daily_goods,08,85760f436c0aab87,v2,150000,,,이케아,,,,,
08_daily_goods-demo-000051,08_daily_goods,08,693c5e4817403ea9,v2,3800000,,,세레스홈,,,,,
08_daily_goods-demo-000052,08_daily_goods,08,9687bb381bcf9847,v2,220000,,,일룸 iloom,,,,,
08_daily_goods-demo-000053,08_daily_goods,08,d558bfaa89bfbcb7,v2,100000,,,모던하우스,,,,,
08_daily_goods-demo-000054,08_daily_goods,08,7ae46b917023b1d7,v2,97755,,,한샘,,,,,
08_daily_goods-demo-000055,08_daily_goods,08,85760f436c0aab87,v2,30000,,,이케아,,,,,
08_daily_goods-demo-000056,08_daily_goods,08,6ba85a44b0152000,v2,75000,,,카레클린트,,,,,
08_daily_goods-demo-000057,08_daily_goods,08,36960462ea8de647,v2,200000,,,리샘,,,,,
08_daily_goods-demo-000058,08_daily_goods,08,352860c297b5d112,v2,10000,,,에브리봇,,,,,
08_daily_goods-demo-000059,08_daily_goods,08,aba2cfbf9c5da660,v2,39000,,,수납왕,,,,,
08_daily_goods-demo-000060,08_daily_goods,08,1fe86105841cea65,v2,30000,,,카렉스,,,,,
08_daily_goods-demo-000061,08_daily_goods,08,907f9f90366eef5e,v2,80000,,,마켓비,,,,,
08_daily_goods-demo-000062,08_daily_goods,08,a414e87f746bdc4d,v2,130000,,,리오가구,,,,,
08_daily_goods-demo-000063,08_daily_goods,08,9b29c7ddc941fa78,v2,280000,,,코카콜라,,,,,
08_daily_goods-demo-000064,08_daily_goods,08,419dd7fa05b171da,v2,36950,,,리바트,,,,,
08_daily_goods-demo-000065,08_daily_goods,08,419dd7fa05b171da,v2,30066,,,리바트,,,,,
08_daily_goods-demo-000066,08_daily_goods,08,419dd7fa05b171da,v2,17668,,,리바트,,,,,
08_daily_goods-demo-000067,08_daily_goods,08,8584298e2ca7f855,v2,380000,,,오르다,,,,,
08_daily_goods-demo-000068,08_daily_goods,08,2cbcd13b103333fd,v2,50000,,,웰존,,,,,
08_daily_goods-demo-000069,08_daily_goods,08,ee567cdb2ff2d25f,v2,0,,,핀란디아,,,,,
08_daily_goods-demo-000070,08_daily_goods,08,419dd7fa05b171da,v2,12715,,,이케아,,,,,
08_daily_goods-demo-000071,08_daily_goods,08,7b005066562cd0b1,v2,4000,,,무인양품,,,,,
08_daily_goods-demo-000072,08_daily_goods,08,16576aaba4773485,v2,2123,,,누니큐,,,,,
08_daily_goods-demo-000073,08_daily_goods,08,16576aaba4773485,v2,2123,,,누니큐,,,,,
08_daily_goods-demo-000074,08_daily_goods,08,f59d42ed2fac3af4,v2,70000,,,리오가구,,,,,
08_daily_goods-demo-000075,08_daily_goods,08,57e97cb86de28c12,v2,10000,,,폭스바겐,,,,,
08_daily_goods-demo-000076,08_daily_goods,08,16576aaba4773485,v2,2123,,,누니큐,,,,,
08_daily_goods-demo-000077,08_daily_goods,08,a414e87f746bdc4d,v2,130000,,,수납왕,,,,,
08_daily_goods-demo-000078,08_daily_goods,08,970014906da9e7ed,v2,350000,,,네일앤트리,,,,,
08_daily_goods-demo-000079,08_daily_goods,08,7ae46b917023b1d7,v2,159025,,,한샘,,,,,
08_daily_goods-demo-000080,08_daily_goods,08,0c3ae3fdab2211d9,v2,150000,,,키티,,,,,
08_daily_goods-demo-000081,08_daily_goods,08,7f9fe829f717607f,v2,189000,,,튜즐,,,,,
08_daily_goods-demo-000082,08_daily_goods,08,03248d66161d7bb6,v2,40000,,,소르니아,,,,,
08_daily_goods-demo-000083,08_daily_goods,08,37b00077c9f9f0eb,v2,27000,,,소하임,,,,,
08_daily_goods-demo-000084,08_daily_goods,08,d558bfaa89bfbcb7,v2,100000,,,모던하우스,,,,,
08_daily_goods-demo-000085,08_daily_goods,08,57e97cb86de28c12,v2,10000,,,폭스바겐,,,,,
08_daily_goods-demo-000086,08_daily_goods,08,57e97cb86de28c12,v2,10000,,,폭스바겐,,,,,
08_daily_goods-demo-000087,08_daily_goods,08,419dd7fa05b171da,v2,111194,,,리바트,,,,,
08_daily_goods-demo-000088,08_daily_goods,08,261f2d75a17aae42,v2,105000,,,세레스홈,,,,,
08_daily_goods-demo-000089,08_daily_goods,08,8584298e2ca7f855,v2,380000,,,오르다,,,,,
08_daily_goods-demo-000090,08_daily_goods,08,a414e87f746bdc4d,v2,130000,,,Hello Kitty,,,,,
08_daily_goods-demo-000091,08_daily_goods,08,419dd7fa05b171da,v2,22288,,,클린맥스,,,,,
08_daily_goods-demo-000092,08_daily_goods,08,7ae46b917023b1d7,v2,88128,,,한샘,,,,,
08_daily_goods-demo-000093,08_daily_goods,08,6ba85a44b0152000,v2,75000,,,카레클린트,,,,,
08_daily_goods-demo-000094,08_daily_goods,08,2b68bda2311c6c63,v2,1200,,,스폰지밥,,,,,
08_daily_goods-demo-000095,08_daily_goods,08,7f9fe829f717607f,v2,189000,,,튜즐,,,,,
08_daily_goods-demo-000096,08_daily_goods,08,ca3ea09d36ae244d,v2,319000,,,로맨틱캬바레,,,,,
08_daily_goods-demo-000097,08_daily_goods,08,f7b397f6156ffa67,v2,1100000,,,보흥,,,,,
08_daily_goods-demo-000098,08_daily_goods,08,85760f436c0aab87,v2,150000,,,리바트,,,,,
08_daily_goods-demo-000099,08_daily_goods,08,b6094343f87669b1,v2,250000,,,장미매숀,,,,,
08_daily_goods-demo-000100,08_daily_goods,08,8584298e2ca7f855,v2,380000,,,오르다,,,,,
08_daily_goods-demo-000101,08_daily_goods,08,4f8a1762aa664d22,v2,55000,,,LG,,,,,
08_daily_goods-demo-000102,08_daily_goods,08,16576aaba4773485,v2,2123,,,누니큐,,,,,
08_daily_goods-demo-000103,08_daily_goods,08,36960462ea8de647,v2,200000,,,리샘,,,,,
08_daily_goods-demo-000104,08_daily_goods,08,115bf0d759d08796,v2,100000,,,트리니홈,,,,,
08_daily_goods-demo-000105,08_daily_goods,08,9cd23d7fdcccb68f,v2,180000,,,미라지가구,,,,,
08_daily_goods-demo-000106,08_daily_goods,08,3cd12bdab5336c5c,v2,90000,,,우드아뜰리에,,,,,
08_daily_goods-demo-000107,08_daily_goods,08,03248d66161d7bb6,v2,40000,,,소르니아,,,,,
08_daily_goods-demo-000108,08_daily_goods,08,9a365be035ede42a,v2,38000,,,IKEA,,,,,
08_daily_goods-demo-000109,08_daily_goods,08,b4ec91150821d809,v2,60000,,,리케이,,,,,
08_daily_goods-demo-000110,08_daily_goods,08,7ae46b917023b1d7,v2,187452,,,한샘,,,,,
08_daily_goods-demo-000111,08_daily_goods,08,37b00077c9f9f0eb,v2,27000,,,소하임,,,,,
08_daily_goods-demo-000112,08_daily_goods,08,ca3ea09d36ae244d,v2,319000,,,로맨틱캬바레,,,,,
08_daily_goods-demo-000113,08_daily_goods,08,970014906da9e7ed,v2,350000,,,네일앤트리,,,,,
08_daily_goods-demo-000114,08_daily_goods,08,d9bc4aa9fea008c0,v2,280000,,,Coca-Cola,,,,,
08_daily_goods-demo-000115,08_daily_goods,08,693c5e4817403ea9,v2,3800000,,,클린맥스,,,,,
08_daily_goods-demo-000116,08_daily_goods,08,52cd212ae8918b35,v2,165000,,,ING HOME,,,,,
08_daily_goods-demo-000117,08_daily_goods,08,2cbcd13b103333fd,v2,50000,,,웰존,,,,,
08_daily_goods-demo-000118,08_daily_goods,08,7fb2292126eb87b9,v2,400000,,,씨에스테크,,,,,
08_daily_goods-demo-000119,08_daily_goods,08,9d76e42d47546dcf,v2,55000,,,란가구,,,,,
08_daily_goods-demo-000120,08_daily_goods,08,57e97cb86de28c12,v2,10000,,,폭스바겐,,,,,
08_daily_goods-demo-000121,08_daily_goods,08,7f9fe829f717607f,v2,189000,,,튜즐,,,,,
08_daily_goods-demo-000122,08_daily_goods,08,16576aaba4773485,v2,2123,,,누니큐,,,,,
08_daily_goods-demo-000123,08_daily_goods,08,a414e87f746bdc4d,v2,130000,,,Hello Kitty,,,,,
08_daily_goods-demo-000124,08_daily_goods,08,d9bc4aa9fea008c0,v2,280000,,,Coca-Cola,,,,,
08_daily_goods-demo-000125,08_daily_goods,08,970014906da9e7ed,v2,350000,,,네일앤트리,,,,,
08_daily_goods-demo-000126,08_daily_goods,08,03248d66161d7bb6,v2,40000,,,소르니아,,,,,
08_daily_goods-demo-000127,08_daily_goods,08,36960462ea8de647,v2,200000,,,리샘,,,,,
08_daily_goods-demo-000128,08_daily_goods,08,85760f436c0aab87,v2,3000,,,이케아,,,,,
08_daily_goods-demo-000129,08_daily_goods,08,8a75e5237cf98905,v2,600000,,,로보락,,,,,
08_daily_goods-demo-000130,08_daily_goods,08,2cbcd13b103333fd,v2,50000,,,한샘,,,,,
08_daily_goods-demo-000131,08_daily_goods,08,c383418342cdcd28,v2,1200000,,,세레스홈,,,,,
08_daily_goods-demo-000132,08_daily_goods,08,830dc01e42df79dd,v2,50000,,,벤키즈,,,,,
08_daily_goods-demo-000133,08_daily_goods,08,71494ab759adb9c0,v2,600000,,,페라리,,,,,
08_daily_goods-demo-000134,08_daily_goods,08,907f9f90366eef5e,v2,80000,,,마켓비,,,,,
08_daily_goods-demo-000135,08_daily_goods,08,7ae46b917023b1d7,v2,85095,,,한샘,,,,,
08_daily_goods-demo-000136,08_daily_goods,08,970014906da9e7ed,v2,350000,,,네일앤트리,,,,,
08_daily_goods-demo-000137,08_daily_goods,08,3cd12bdab5336c5c,v2,90000,,,까사미아,,,,,
08_daily_goods-demo-000138,08_daily_goods,08,419dd7fa05b171da,v2,0,,,리바트,,,,,
08_daily_goods-demo-000139,08_daily_goods,08,71494ab759adb9c0,v2,600000,,,페라리,,,,,
08_daily_goods-demo-000140,08_daily_goods,08,f59d42ed2fac3af4,v2,70000,,,리오가구,,,,,
08_daily_goods-demo-000141,08_daily_goods,08,409e4818a0025062,v2,140000,,,카르텔,,,,,
08_daily_goods-demo-000142,08_daily_goods,08,8a75e5237cf98905,v2,600000,,,리바트,,,,,
08_daily_goods-demo-000143,08_daily_goods,08,4f8a1762aa664d22,v2,55000,,,LG,,,,,
08_daily_goods-demo-000144,08_daily_goods,08,7ae46b917023b1d7,v2,146055,,,한샘,,,,,
08_daily_goods-demo-000145,08_daily_goods,08,261f2d75a17aae42,v2,105000,,,세레스홈,,,,,
08_daily_goods-demo-000146,08_daily_goods,08,03248d66161d7bb6,v2,250000,,,소르니아,,,,,
08_daily_goods-demo-000147,08_daily_goods,08,352860c297b5d112,v2,10000,,,에브리봇,,,,,
08_daily_goods-demo-000148,08_daily_goods,08,16576aaba4773485,v2,2123,,,누니큐,,,,,
08_daily_goods-demo-000149,08_daily_goods,08,3cd12bdab5336c5c,v2,90000,,,까사미아,,,,,
08_daily_goods-demo-000150,08_daily_goods,08,03248d66161d7bb6,v2,40000,,,소르니아,,,,,
08_daily_goods-demo-000151,08_daily_goods,08,84d93153ad5945bf,v2,180000,,,desker,,,,,
08_daily_goods-demo-000152,08_daily_goods,08,85760f436c0aab87,v2,30000,,,이케아,,,,,
08_daily_goods-demo-000153,08_daily_goods,08,d0d7b47bde41a90f,v2,50000,,,디쟈트,,,,,
08_daily_goods-demo-000154,08_daily_goods,08,d0d7b47bde41a90f,v2,50000,,,디쟈트,,,,,
08_daily_goods-demo-000155,08_daily_goods,08,9d76e42d47546dcf,v2,55000,,,란가구,,,,,
08_daily_goods-demo-000156,08_daily_goods,08,7ae46b917023b1d7,v2,135262,,,한샘,,,,,
08_daily_goods-demo-000157,08_daily_goods,08,907f9f90366eef5e,v2,80000,,,한샘,,,,,
08_daily_goods-demo-000158,08_daily_goods,08,7f9fe829f717607f,v2,189000,,,튜즐,,,,,
08_daily_goods-demo-000159,08_daily_goods,08,f929079491399449,v2,400000,,,오투가구,,,,,
08_daily_goods-demo-000160,08_daily_goods,08,03248d66161d7bb6,v2,250000,,,소르니아,,,,,
08_daily_goods-demo-000161,08_daily_goods,08,261f2d75a17aae42,v2,105000,,,세레스홈,,,,,
08_daily_goods-demo-000162,08_daily_goods,08,6ba85a44b0152000,v2,75000,,,카레클린트,,,,,
08_daily_goods-demo-000163,08_daily_goods,08,85760f436c0aab87,v2,150000,,,이케아,,,,,
08_daily_goods-demo-000164,08_daily_goods,08,61da2de509a4c317,v2,5000,,,유한락스,,,,,
08_daily_goods-demo-000165,08_daily_goods,08,0c3ae3fdab2211d9,v2,130000,,,키티,,,,,
08_daily_goods-demo-000166,08_daily_goods,08,f7b397f6156ffa67,v2,1100000,,,보흥,,,,,
08_daily_goods-demo-000167,08_daily_goods,08,b6094343f87669b1,v2,250000,,,장미매숀,,,,,
08_daily_goods-demo-000168,08_daily_goods,08,d4079216305998a5,v2,80000,,,아이엔지홈,,,,,
08_daily_goods-demo-000169,08_daily_goods,08,5dc654f22ff21d39,v2,130000,,,바스포르,,,,,
08_daily_goods-demo-000170,08_daily_goods,08,84d93153ad5945bf,v2,180000,,,desker,,,,,
08_daily_goods-demo-000171,08_daily_goods,08,2f03df6fc381d0ea,v2,10000,,,Spectrum,,,,,
08_daily_goods-demo-000172,08_daily_goods,08,7ae46b917023b1d7,v2,122821,,,한샘,,,,,
08_daily_goods-demo-000173,08_daily_goods,08,b6094343f87669b1,v2,250000,,,아펜즈,,,,,
08_daily_goods-demo-000174,08_daily_goods,08,7b005066562cd0b1,v2,4000,,,무인양품,,,,,
08_daily_goods-demo-000175,08_daily_goods,08,7fb2292126eb87b9,v2,400000,,,씨에스테크,,,,,
08_daily_goods-demo-000176,08_daily_goods,08,7ae46b917023b1d7,v2,124074,,,한샘,,,,,
08_daily_goods-demo-000177,08_daily_goods,08,85760f436c0aab87,v2,3000,,,이케아,,,,,
08_daily_goods-demo-000178,08_daily_goods,08,f59d42ed2fac3af4,v2,70000,,,리오가구,,,,,
08_daily_goods-demo-000179,08_daily_goods,08,2f03df6fc381d0ea,v2,10000,,,Spectrum,,,,,
08_daily_goods-demo-000180,08_daily_goods,08,99b7bfe9d43be4ff,v2,2300000,,,USM,,,,,
08_daily_goods-demo-000181,08_daily_goods,08,f929079491399449,v2,400000,,,오투가구,,,,,
08_daily_goods-demo-000182,08_daily_goods,08,f59d42ed2fac3af4,v2,70000,,,리오가구,,,,,
08_daily_goods-demo-000183,08_daily_goods,08,c383418342cdcd28,v2,1200000,,,아펜즈,,,,,
08_daily_goods-demo-000184,08_daily_goods,08,16576aaba4773485,v2,2123,,,누니큐,,,,,
08_daily_goods-demo-000185,08_daily_goods,08,7b005066562cd0b1,v2,4000,,,무인양품,,,,,
08_daily_goods-demo-000186,08_daily_goods,08,85760f436c0aab87,v2,30000,,,이케아,,,,,
08_daily_goods-demo-000187,08_daily_goods,08,b4ec91150821d809,v2,60000,,,리케이,,,,,
08_daily_goods-demo-000188,08_daily_goods,08,7ae46b917023b1d7,v2,167192,,,한샘,,,,,
08_daily_goods-demo-000189,08_daily_goods,08,61da2de509a4c317,v2,5000,,,유한락스,,,,,
08_daily_goods-demo-000190,08_daily_goods,08,409e4818a0025062,v2,140000,,,카르텔,,,,,
08_daily_goods-demo-000191,08_daily_goods,08,85760f436c0aab87,v2,150000,,,이케아,,,,,
08_daily_goods-demo-000192,08_daily_goods,08,03248d66161d7bb6,v2,40000,,,소르니아,,,,,
08_daily_goods-demo-000193,08_daily_goods,08,37b00077c9f9f0eb,v2,27000,,,소하임,,,,,
08_daily_goods-demo-000194,08_daily_goods,08,261f2d75a17aae42,v2,105000,,,세레스홈,,,,,
08_daily_goods-demo-000195,08_daily_goods,08,b6094343f87669b1,v2,250000,,,장미매숀,,,,,
08_daily_goods-demo-000196,08_daily_goods,08,0c3ae3fdab2211d9,v2,130000,,,한샘,,,,,
08_daily_goods-demo-000197,08_daily_goods,08,b6094343f87669b1,v2,250000,,,장미매숀,,,,,
08_daily_goods-demo-000198,08_daily_goods,08,d9bc4aa9fea008c0,v2,280000,,,Coca-Cola,,,,,
08_daily_goods-demo-000199,08_daily_goods,08,c1f70f347e607dc1,v2,120000,,,데스커,,,,,
08_daily_goods-demo-000200,08_daily_goods,08,52cd212ae8918b35,v2,165000,,,ING HOME,,,,,
08_daily_goods-demo-000201,08_daily_goods,08,419dd7fa05b171da,v2,43397,,,리바트,,,,,
08_daily_goods-demo-000202,08_daily_goods,08,85760f436c0aab87,v2,3000,,,이케아,,,,,
08_daily_goods-demo-000203,08_daily_goods,08,7ae46b917023b1d7,v2,166810,,,한샘,,,,,
08_daily_goods-demo-000204,08_daily_goods,08,3cd12bdab5336c5c,v2,90000,,,이케아,,,,,
08_daily_goods-demo-000205,08_daily_goods,08,03248d66161d7bb6,v2,250000,,,소르니아,,,,,
08_daily_goods-demo-000206,08_daily_goods,08,85760f436c0aab87,v2,150000,,,이케아,,,,,
08_daily_goods-demo-000207,08_daily_goods,08,7ae46b917023b1d7,v2,85197,,,한샘,,,,,
08_daily_goods-demo-000208,08_daily_goods,08,ee567cdb2ff2d25f,v2,0,,,핀란디아,,,,,
08_daily_goods-demo-000209,08_daily_goods,08,9687bb381bcf9847,v2,220000,,,일룸 iloom,,,,,
08_daily_goods-demo-000210,08_daily_goods,08,57e97cb86de28c12,v2,10000,,,폭스바겐,,,,,
08_daily_goods-demo-000211,08_daily_goods,08,8a75e5237cf98905,v2,600000,,,로보락,,,,,
08_daily_goods-demo-000212,08_daily_goods,08,d325c782e0f7cd1d,v2,500000,,,리샘,,,,,
08_daily_goods-demo-000213,08_daily_goods,08,261f2d75a17aae42,v2,105000,,,세레스홈,,,,,
08_daily_goods-demo-000214,08_daily_goods,08,7ae46b917023b1d7,v2,171335,,,한샘,,,,,
08_daily_goods-demo-000215,08_daily_goods,08,2cbcd13b103333fd,v2,50000,,,웰존,,,,,
08_daily_goods-demo-000216,08_daily_goods,08,9d76e42d47546dcf,v2,55000,,,란가구,,,,,
08_daily_goods-demo-000217,08_daily_goods,08,c1d95076d6b55f65,v2,20000,,,이케아스타일,,,,,
08_daily_goods-demo-000218,08_daily_goods,08,c1f70f347e607dc1,v2,120000,,,데스커,,,,,
08_daily_goods-demo-000219,08_daily_goods,08,7ae46b917023b1d7,v2,67444,,,한샘,,,,,
08_daily_goods-demo-000220,08_daily_goods,08,2f03df6fc381d0ea,v2,10000,,,Spectrum,,,,,
08_daily_goods-demo-000221,08_daily_goods,08,115bf0d759d08796,v2,100000,,,트리니홈,,,,,
08_daily_goods-demo-000222,08_daily_goods,08,03248d66161d7bb6,v2,250000,,,소르니아,,,,,
08_daily_goods-demo-000223,08_daily_goods,08,f7b397f6156ffa67,v2,1100000,,,보흥,,,,,
08_daily_goods-demo-000224,08_daily_goods,08,352860c297b5d112,v2,10000,,,에브리봇,,,,,
08_daily_goods-demo-000225,08_daily_goods,08,7fb2292126eb87b9,v2,400000,,,씨에스테크,,,,,
08_daily_goods-demo-000226,08_daily_goods,08,37b00077c9f9f0eb,v2,27000,,,소하임,,,,,
08_daily_goods-demo-000227,08_daily_goods,08,d558bfaa89bfbcb7,v2,100000,,,폭스바겐,,,,,
08_daily_goods-demo-000228,08_daily_goods,08,1fe86105841cea65,v2,30000,,,카렉스,,,,,
08_daily_goods-demo-000229,08_daily_goods,08,d9bc4aa9fea008c0,v2,280000,,,Coca-Cola,,,,,
08_daily_goods-demo-000230,08_daily_goods,08,7ae46b917023b1d7,v2,124809,,,카레클린트,,,,,
08_daily_goods-demo-000231,08_daily_goods,08,419dd7fa05b171da,v2,150000,,,리바트,,,,,
08_daily_goods-demo-000232,08_daily_goods,08,ee567cdb2ff2d25f,v2,0,,,오토브라이트,,,,,
08_daily_goods-demo-000233,08_daily_goods,08,aba2cfbf9c5da660,v2,39000,,,수납왕,,,,,
08_daily_goods-demo-000234,08_daily_goods,08,f7b397f6156ffa67,v2,1100000,,,보흥,,,,,
08_daily_goods-demo-000235,08_daily_goods,08,c383418342cdcd28,v2,1200000,,,아펜즈,,,,,
08_daily_goods-demo-000236,08_daily_goods,08,261f2d75a17aae42,v2,105000,,,세레스홈,,,,,
08_daily_goods-demo-000237,08_daily_goods,08,85760f436c0aab87,v2,3000,,,이케아,,,,,
08_daily_goods-demo-000238,08_daily_goods,08,d9bc4aa9fea008c0,v2,280000,,,Coca-Cola,,,,,
08_daily_goods-demo-000239,08_daily_goods,08,03248d66161d7bb6,v2,40000,,,소르니아,,,,,
08_daily_goods-demo-000240,08_daily_goods,08,99b7bfe9d43be4ff,v2,2300000,,,리바트,,,,,
08_daily_goods-demo-000241,08_daily_goods,08,419dd7fa05b171da,v2,125602,,,리바트,,,,,
08_daily_goods-demo-000242,08_daily_goods,08,115bf0d759d08796,v2,100000,,,트리니홈,,,,,
08_daily_goods-demo-000243,08_daily_goods,08,d0d7b47bde41a90f,v2,50000,,,디쟈트,,,,,
08_daily_goods-demo-000244,08_daily_goods,08,d9bc4aa9fea008c0,v2,280000,,,Coca-Cola,,,,,
08_daily_goods-demo-000245,08_daily_goods,08,9b29c7ddc941fa78,v2,280000,,,코카콜라,,,,,
08_daily_goods-demo-000246,08_daily_goods,08,a414e87f746bdc4d,v2,130000,,,Hello Kitty,,,,,
08_daily_goods-demo-000247,08_daily_goods,08,61da2de509a4c317,v2,5000,,,유한락스,,,,,
08_daily_goods-demo-000248,08_daily_goods,08,7b005066562cd0b1,v2,4000,,,무인양품,,,,,
08_daily_goods-demo-000249,08_daily_goods,08,419dd7fa05b171da,v2,59350,,,리바트,,,,,
08_daily_goods-demo-000250,08_daily_goods,08,0c3ae3fdab2211d9,v2,130000,,,리바트,,,,,
08_daily_goods-demo-000251,08_daily_goods,08,03248d66161d7bb6,v2,40000,,,소르니아,,,,,
08_daily_goods-demo-000252,08_daily_goods,08,7ae46b917023b1d7,v2,76021,,,한샘,,,,,
08_daily_goods-demo-000253,08_daily_goods,08,b4f0eedd4dffa2b4,v2,1000,,,LG,,,,,
08_daily_goods-demo-000254,08_daily_goods,08,c383418342cdcd28,v2,1200000,,,아펜즈,,,,,
08_daily_goods-demo-000255,08_daily_goods,08,ca3ea09d36ae244d,v2,319000,,,로맨틱캬바레,,,,,
08_daily_goods-demo-000256,08_daily_goods,08,7fb2292126eb87b9,v2,400000,,,씨에스테크,,,,,
08_daily_goods-demo-000257,08_daily_goods,08,cd4b40209358f227,v2,2123,,,이케아스타일,,,,,
08_daily_goods-demo-000258,08_daily_goods,08,907f9f90366eef5e,v2,80000,,,마켓비,,,,,
08_daily_goods-demo-000259,08_daily_goods,08,aba2cfbf9c5da660,v2,39000,,,수납왕,,,,,
08_daily_goods-demo-000260,08_daily_goods,08,48165812a3fe2b42,v2,1000000,,,우드아뜰리에,,,,,
08_daily_goods-demo-000261,08_daily_goods,08,419dd7fa05b171da,v2,48865,,,리바트,,,,,
08_daily_goods-demo-000262,08_daily_goods,08,4f8a1762aa664d22,v2,55000,,,LG,,,,,
08_daily_goods-demo-000263,08_daily_goods,08,b6094343f87669b1,v2,250000,,,장미매숀,,,,,
08_daily_goods-demo-000264,08_daily_goods,08,409e4818a0025062,v2,140000,,,카르텔,,,,,
08_daily_goods-demo-000265,08_daily_goods,08,8584298e2ca7f855,v2,380000,,,오르다,,,,,
08_daily_goods-demo-000266,08_daily_goods,08,d558bfaa89bfbcb7,v2,100000,,,모던하우스,,,,,
08_daily_goods-demo-000267,08_daily_goods,08,9b29c7ddc941fa78,v2,280000,,,코카콜라,,,,,
08_daily_goods-demo-000268,08_daily_goods,08,7ae46b917023b1d7,v2,204463,,,한샘,,,,,
08_daily_goods-demo-000269,08_daily_goods,08,7ae46b917023b1d7,v2,176331,,,한샘,,,,,
08_daily_goods-demo-000270,08_daily_goods,08,36960462ea8de647,v2,200000,,,리샘,,,,,
08_daily_goods-demo-000271,08_daily_goods,08,693c5e4817403ea9,v2,3800000,,,클린맥스,,,,,
08_daily_goods-demo-000272,08_daily_goods,08,7ae46b917023b1d7,v2,191124,,,란가구,,,,,
08_daily_goods-demo-000273,08_daily_goods,08,7ae46b917023b1d7,v2,76812,,,한샘,,,,,
08_daily_goods-demo-000274,08_daily_goods,08,85760f436c0aab87,v2,3000,,,이케아,,,,,
08_daily_goods-demo-000275,08_daily_goods,08,7ae46b917023b1d7,v2,141354,,,한샘,,,,,
08_daily_goods-demo-000276,08_daily_goods,08,7ae46b917023b1d7,v2,159115,,,한샘,,,,,
08_daily_goods-demo-000277,08_daily_goods,08,419dd7fa05b171da,v2,108672,,,리바트,,,,,
08_daily_goods-demo-000278,08_daily_goods,08,7b005066562cd0b1,v2,4000,,,무인양품,,,,,
08_daily_goods-demo-000279,08_daily_goods,08,419dd7fa05b171da,v2,150000,,,리바트,,,,,
08_daily_goods-demo-000280,08_daily_goods,08,37b00077c9f9f0eb,v2,27000,,,소하임,,,,,
08_daily_goods-demo-000281,08_daily_goods,08,693c5e4817403ea9,v2,3800000,,,클린맥스,,,,,
08_daily_goods-demo-000282,08_daily_goods,08,16576aaba4773485,v2,2123,,,누니큐,,,,,
08_daily_goods-demo-000283,08_daily_goods,08,d9bc4aa9fea008c0,v2,280000,,,Coca-Cola,,,,,
08_daily_goods-demo-000284,08_daily_goods,08,f7b397f6156ffa67,v2,1100000,,,보흥,,,,,
08_daily_goods-demo-000285,08_daily_goods,08,7ae46b917023b1d7,v2,165178,,,한샘,,,,,
08_daily_goods-demo-000286,08_daily_goods,08,85760f436c0aab87,v2,150000,,,이케아,,,,,
08_daily_goods-demo-000287,08_daily_goods,08,7ae46b917023b1d7,v2,188349,,,한샘,,,,,
08_daily_goods-demo-000288,08_daily_goods,08,8584298e2ca7f855,v2,380000,,,오르다,,,,,
08_daily_goods-demo-000289,08_daily_goods,08,f7b397f6156ffa67,v2,1100000,,,보흥,,,,,
08_daily_goods-demo-000290,08_daily_goods,08,9d76e42d47546dcf,v2,55000,,,란가구,,,,,
08_daily_goods-demo-000291,08_daily_goods,08,c383418342cdcd28,v2,1200000,,,아펜즈,,,,,
08_daily_goods-demo-000292,08_daily_goods,08,03248d66161d7bb6,v2,40000,,,소르니아,,,,,
08_daily_goods-demo-000293,08_daily_goods,08,7ae46b917023b1d7,v2,206636,,,한샘,,,,,
08_daily_goods-demo-000294,08_daily_goods,08,c383418342cdcd28,v2,1200000,,,아펜즈,,,,,
08_daily_goods-demo-000295,08_daily_goods,08,b4ec91150821d809,v2,60000,,,리케이,,,,,
08_daily_goods-demo-000296,08_daily_goods,08,a414e87f746bdc4d,v2,130000,,,Hello Kitty,,,,,
08_daily_goods-demo-000297,08_daily_goods,08,f7b397f6156ffa67,v2,1100000,,,보흥,,,,,
08_daily_goods-demo-000298,08_daily_goods,08,ee567cdb2ff2d25f,v2,0,,,핀란디아,,,,,
08_daily_goods-demo-000299,08_daily_goods,08,c1f70f347e607dc1,v2,120000,,,데스커,,,,,
08_daily_goods-demo-000300,08_daily_goods,08,419dd7fa05b171da,v2,42998,,,리바트,,,,,
08_daily_goods-demo-000301,08_daily_goods,08,1fe86105841cea65,v2,30000,,,카렉스,,,,,
08_daily_goods-demo-000302,08_daily_goods,08,7ae46b917023b1d7,v2,192799,,,한샘,,,,,
08_daily_goods-demo-000303,08_daily_goods,08,84d93153ad5945bf,v2,180000,,,desker,,,,,
08_daily_goods-demo-000304,08_daily_goods,08,419dd7fa05b171da,v2,0,,,리바트,,,,,
08_daily_goods-demo-000305,08_daily_goods,08,419dd7fa05b171da,v2,104247,,,리바트,,,,,
08_daily_goods-demo-000306,08_daily_goods,08,115bf0d759d08796,v2,100000,,,트리니홈,,,,,
08_daily_goods-demo-000307,08_daily_goods,08,1fe86105841cea65,v2,30000,,,카렉스,,,,,
08_daily_goods-demo-000308,08_daily_goods,08,c1d95076d6b55f65,v2,20000,,,이케아스타일,,,,,
08_daily_goods-demo-000309,08_daily_goods,08,7f9fe829f717607f,v2,189000,,,튜즐,,,,,
08_daily_goods-demo-000310,08_daily_goods,08,419dd7fa05b171da,v2,52072,,,리바트,,,,,
08_daily_goods-demo-000311,08_daily_goods,08,d325c782e0f7cd1d,v2,500000,,,에디키즈,,,,,
08_daily_goods-demo-000312,08_daily_goods,08,419dd7fa05b171da,v2,125250,,,리바트,,,,,
08_daily_goods-demo-000313,08_daily_goods,08,907f9f90366eef5e,v2,80000,,,마켓비,,,,,
08_daily_goods-demo-000314,08_daily_goods,08,352860c297b5d112,v2,10000,,,에브리봇,,,,,
08_daily_goods-demo-000315,08_daily_goods,08,4f8a1762aa664d22,v2,55000,,,LG,,,,,
08_daily_goods-demo-000316,08_daily_goods,08,57e97cb86de28c12,v2,10000,,,폭스바겐,,,,,
08_daily_goods-demo-000317,08_daily_goods,08,970014906da9e7ed,v2,350000,,,이케아,,,,,
08_daily_goods-demo-000318,08_daily_goods,08,0c3ae3fdab2211d9,v2,150000,,,키티,,,,,
08_daily_goods-demo-000319,08_daily_goods,08,36960462ea8de647,v2,200000,,,리샘,,,,,
08_daily_goods-demo-000320,08_daily_goods,08,9687bb381bcf9847,v2,220000,,,일룸 iloom,,,,,
08_daily_goods-demo-000321,08_daily_goods,08,7ae46b917023b1d7,v2,157818,,,한샘,,,,,
08_daily_goods-demo-000322,08_daily_goods,08,a414e87f746bdc4d,v2,130000,,,Hello Kitty,,,,,
08_daily_goods-demo-000323,08_daily_goods,08,5dc654f22ff21d39,v2,130000,,,바스포르,,,,,
08_daily_goods-demo-000324,08_daily_goods,08,115bf0d759d08796,v2,100000,,,트리니홈,,,,,
08_daily_goods-demo-000325,08_daily_goods,08,9687bb381bcf9847,v2,220000,,,일룸 iloom,,,,,
08_daily_goods-demo-000326,08_daily_goods,08,9687bb381bcf9847,v2,220000,,,일룸 iloom,,,,,
08_daily_goods-demo-000327,08_daily_goods,08,2cbcd13b103333fd,v2,50000,,,웰존,,,,,
08_daily_goods-demo-000328,08_daily_goods,08,5dc654f22ff21d39,v2,130000,,,바스포르,,,,,
08_daily_goods-demo-000329,08_daily_goods,08,f59d42ed2fac3af4,v2,70000,,,리오가구,,,,,
08_daily_goods-demo-000330,08_daily_goods,08,7ae46b917023b1d7,v2,201858,,,한샘,,,,,
08_daily_goods-demo-000331,08_daily_goods,08,03248d66161d7bb6,v2,40000,,,소르니아,,,,,
08_daily_goods-demo-000332,08_daily_goods,08,8584298e2ca7f855,v2,380000,,,오르다,,,,,
08_daily_goods-demo-000333,08_daily_goods,08,c1f70f347e607dc1,v2,120000,,,데스커,,,,,
08_daily_goods-demo-000334,08_daily_goods,08,419dd7fa05b171da,v2,120384,,,리바트,,,,,
08_daily_goods-demo-000335,08_daily_goods,08,261f2d75a17aae42,v2,105000,,,세레스홈,,,,,
08_daily_goods-demo-000336,08_daily_goods,08,85760f436c0aab87,v2,150000,,,이케아,,,,,
08_daily_goods-demo-000337,08_daily_goods,08,7ae46b917023b1d7,v2,93697,,,한샘,,,,,
08_daily_goods-demo-000338,08_daily_goods,08,5dc654f22ff21d39,v2,130000,,,바스포르,,,,,
08_daily_goods-demo-000339,08_daily_goods,08,7f9fe829f717607f,v2,189000,,,튜즐,,,,,
08_daily_goods-demo-000340,08_daily_goods,08,aba2cfbf9c5da660,v2,39000,,,수납왕,,,,,
08_daily_goods-demo-000341,08_daily_goods,08,84d93153ad5945bf,v2,180000,,,desker,,,,,
08_daily_goods-demo-000342,08_daily_goods,08,409e4818a0025062,v2,140000,,,카르텔,,,,,
08_daily_goods-demo-000343,08_daily_goods,08,a414e87f746bdc4d,v2,130000,,,Hello Kitty,,,,,
08_daily_goods-demo-000344,08_daily_goods,08,7ae46b917023b1d7,v2,70832,,,한샘,,,,,
08_daily_goods-demo-000345,08_daily_goods,08,2b68bda2311c6c63,v2,1200,,,스폰지밥,,,,,
08_daily_goods-demo-000346,08_daily_goods,08,419dd7fa05b171da,v2,41940,,,리바트,,,,,
08_daily_goods-demo-000347,08_daily_goods,08,9a365be035ede42a,v2,38000,,,IKEA,,,,,
08_daily_goods-demo-000348,08_daily_goods,08,7f9fe829f717607f,v2,189000,,,튜즐,,,,,
08_daily_goods-demo-000349,08_daily_goods,08,115bf0d759d08796,v2,100000,,,트리니홈,,,,,
08_daily_goods-demo-000350,08_daily_goods,08,f929079491399449,v2,400000,,,오투가구,,,,,
08_daily_goods-demo-000351,08_daily_goods,08,85760f436c0aab87,v2,150000,,,이케아,,,,,
08_daily_goods-demo-000352,08_daily_goods,08,a414e87f746bdc4d,v2,130000,,,Hello Kitty,,,,,
08_daily_goods-demo-000353,08_daily_goods,08,d0d7b47bde41a90f,v2,50000,,,디쟈트,,,,,
08_daily_goods-demo-000354,08_daily_goods,08,1fe86105841cea65,v2,30000,,,카렉스,,,,,
08_daily_goods-demo-000355,08_daily_goods,08,d0d7b47bde41a90f,v2,50000,,,디쟈트,,,,,
08_daily_goods-demo-000356,08_daily_goods,08,7ae46b917023b1d7,v2,131979,,,한샘,,,,,
08_daily_goods-demo-000357,08_daily_goods,08,9d76e42d47546dcf,v2,55000,,,란가구,,,,,
08_daily_goods-demo-000358,08_daily_goods,08,cd4b40209358f227,v2,2123,,,리샘,,,,,
08_daily_goods-demo-000359,08_daily_goods,08,7ae46b917023b1d7,v2,128300,,,한샘,,,,,
08_daily_goods-demo-000360,08_daily_goods,08,9d76e42d47546dcf,v2,55000,,,카르텔,,,,,
08_daily_goods-demo-000361,08_daily_goods,08,0c3ae3fdab2211d9,v2,150000,,,키티,,,,,
08_daily_goods-demo-000362,08_daily_goods,08,85760f436c0aab87,v2,150000,,,이케아,,,,,
08_daily_goods-demo-000363,08_daily_goods,08,8584298e2ca7f855,v2,380000,,,오르다,,,,,
08_daily_goods-demo-000364,08_daily_goods,08,8584298e2ca7f855,v2,380000,,,오르다,,,,,
08_daily_goods-demo-000365,08_daily_goods,08,f7b397f6156ffa67,v2,1100000,,,보흥,,,,,
08_daily_goods-demo-000366,08_daily_goods,08,c383418342cdcd28,v2,1200000,,,아펜즈,,,,,
08_daily_goods-demo-000367,08_daily_goods,08,419dd7fa05b171da,v2,133186,,,리바트,,,,,
08_daily_goods-demo-000368,08_daily_goods,08,d4079216305998a5,v2,80000,,,아이엔지홈,,,,,
08_daily_goods-demo-000369,08_daily_goods,08,9687bb381bcf9847,v2,220000,,,일룸 iloom,,,,,
08_daily_goods-demo-000370,08_daily_goods,08,693c5e4817403ea9,v2,3800000,,,클린맥스,,,,,
08_daily_goods-demo-000371,08_daily_goods,08,85760f436c0aab87,v2,30000,,,리바트,,,,,
08_daily_goods-demo-000372,08_daily_goods,08,9b29c7ddc941fa78,v2,280000,,,한샘,,,,,
08_daily_goods-demo-000373,08_daily_goods,08,16576aaba4773485,v2,2123,,,누니큐,,,,,
08_daily_goods-demo-000374,08_daily_goods,08,c1f70f347e607dc1,v2,120000,,,데스커,,,,,
08_daily_goods-demo-000375,08_daily_goods,08,9687bb381bcf9847,v2,220000,,,일룸 iloom,,,,,
08_daily_goods-demo-000376,08_daily_goods,08,7ae46b917023b1d7,v2,98956,,,한샘,,,,,
08_daily_goods-demo-000377,08_daily_goods,08,37b00077c9f9f0eb,v2,27000,,,Hello Kitty,,,,,
08_daily_goods-demo-000378,08_daily_goods,08,37b00077c9f9f0eb,v2,27000,,,소하임,,,,,
08_daily_goods-demo-000379,08_daily_goods,08,d9bc4aa9fea008c0,v2,280000,,,Coca-Cola,,,,,
08_daily_goods-demo-000380,08_daily_goods,08,d558bfaa89bfbcb7,v2,100000,,,모던하우스,,,,,
08_daily_goods-demo-000381,08_daily_goods,08,a414e87f746bdc4d,v2,130000,,,Hello Kitty,,,,,
08_daily_goods-demo-000382,08_daily_goods,08,352860c297b5d112,v2,10000,,,에브리봇,,,,,
08_daily_goods-demo-000383,08_daily_goods,08,b4f0eedd4dffa2b4,v2,1000,,,오토브라이트,,,,,
08_daily_goods-demo-000384,08_daily_goods,08,85760f436c0aab87,v2,150000,,,이케아,,,,,
08_daily_goods-demo-000385,08_daily_goods,08,7b005066562cd0b1,v2,4000,,,무인양품,,,,,
08_daily_goods-demo-000386,08_daily_goods,08,d325c782e0f7cd1d,v2,500000,,,마켓비,,,,,
08_daily_goods-demo-000387,08_daily_goods,08,aba2cfbf9c5da660,v2,39000,,,수납왕,,,,,
08_daily_goods-demo-000388,08_daily_goods,08,0c3ae3fdab2211d9,v2,130000,,,키티,,,,,
08_daily_goods-demo-000389,08_daily_goods,08,7ae46b917023b1d7,v2,100793,,,한샘,,,,,
08_daily_goods-demo-000390,08_daily_goods,08,7ae46b917023b1d7,v2,68062,,,한샘,,,,,
08_daily_goods-demo-000391,08_daily_goods,08,84d93153ad5945bf,v2,180000,,,desker,,,,,
08_daily_goods-demo-000392,08_daily_goods,08,aba2cfbf9c5da660,v2,39000,,,수납왕,,,,,
08_daily_goods-demo-000393,08_daily_goods,08,7ae46b917023b1d7,v2,131698,,,한샘,,,,,
08_daily_goods-demo-000394,08_daily_goods,08,9cd23d7fdcccb68f,v2,180000,,,미라지가구,,,,,
08_daily_goods-demo-000395,08_daily_goods,08,1fe86105841cea65,v2,30000,,,카렉스,,,,,
08_daily_goods-demo-000396,08_daily_goods,08,ee567cdb2ff2d25f,v2,0,,,핀란디아,,,,,
08_daily_goods-demo-000397,08_daily_goods,08,57e97cb86de28c12,v2,10000,,,폭스바겐,,,,,
08_daily_goods-demo-000398,08_daily_goods,08,ee567cdb2ff2d25f,v2,0,,,핀란디아,,,,,
08_daily_goods-demo-000399,08_daily_goods,08,71494ab759adb9c0,v2,600000,,,페라리,,,,,
08_daily_goods-demo-000400,08_daily_goods,08,c383418342cdcd28,v2,1200000,,,카레클린트,,,,,
08_daily_goods-demo-000401,08_daily_goods,08,2b68bda2311c6c63,v2,1200,,,스폰지밥,,,,,
08_daily_goods-demo-000402,08_daily_goods,08,48165812a3fe2b42,v2,1000000,,,우드아뜰리에,,,,,
08_daily_goods-demo-000403,08_daily_goods,08,c383418342cdcd28,v2,1200000,,,아펜즈,,,,,
08_daily_goods-demo-000404,08_daily_goods,08,419dd7fa05b171da,v2,115392,,,리바트,,,,,
08_daily_goods-demo-000405,08_daily_goods,08,c383418342cdcd28,v2,1200000,,,아펜즈,,,,,
08_daily_goods-demo-000406,08_daily_goods,08,16576aaba4773485,v2,2123,,,누니큐,,,,,
08_daily_goods-demo-000407,08_daily_goods,08,0c3ae3fdab2211d9,v2,130000,,,키티,,,,,
08_daily_goods-demo-000408,08_daily_goods,08,907f9f90366eef5e,v2,80000,,,카레클린트,,,,,
08_daily_goods-demo-000409,08_daily_goods,08,419dd7fa05b171da,v2,22573,,,리바트,,,,,
08_daily_goods-demo-000410,08_daily_goods,08,c1f70f347e607dc1,v2,120000,,,데스커,,,,,
08_daily_goods-demo-000411,08_daily_goods,08,409e4818a0025062,v2,140000,,,카르텔,,,,,
08_daily_goods-demo-000412,08_daily_goods,08,b6094343f87669b1,v2,250000,,,장미매숀,,,,,
08_daily_goods-demo-000413,08_daily_goods,08,7ae46b917023b1d7,v2,206546,,,한샘,,,,,
08_daily_goods-demo-000414,08_daily_goods,08,4f8a1762aa664d22,v2,55000,,,LG,,,,,
08_daily_goods-demo-000415,08_daily_goods,08,84d93153ad5945bf,v2,180000,,,desker,,,,,
08_daily_goods-demo-000416,08_daily_goods,08,352860c297b5d112,v2,10000,,,에브리봇,,,,,
08_daily_goods-demo-000417,08_daily_goods,08,419dd7fa05b171da,v2,150000,,,리바트,,,,,
08_daily_goods-demo-000418,08_daily_goods,08,61da2de509a4c317,v2,5000,,,유한락스,,,,,
08_daily_goods-demo-000419,08_daily_goods,08,52cd212ae8918b35,v2,165000,,,ING HOME,,,,,
08_daily_goods-demo-000420,08_daily_goods,08,aba2cfbf9c5da660,v2,39000,,,수납왕,,,,,
08_daily_goods-demo-000421,08_daily_goods,08,57e97cb86de28c12,v2,10000,,,폭스바겐,,,,,
08_daily_goods-demo-000422,08_daily_goods,08,85760f436c0aab87,v2,150000,,,이케아,,,,,
08_daily_goods-demo-000423,08_daily_goods,08,409e4818a0025062,v2,140000,,,카르텔,,,,,
08_daily_goods-demo-000424,08_daily_goods,08,d325c782e0f7cd1d,v2,500000,,,에디키즈,,,,,
08_daily_goods-demo-000425,08_daily_goods,08,7ae46b917023b1d7,v2,112431,,,유한락스,,,,,
08_daily_goods-demo-000426,08_daily_goods,08,b4f0eedd4dffa2b4,v2,1000,,,오토브라이트,,,,,
08_daily_goods-demo-000427,08_daily_goods,08,5dc654f22ff21d39,v2,130000,,,바스포르,,,,,
08_daily_goods-demo-000428,08_daily_goods,08,261f2d75a17aae42,v2,105000,,,세레스홈,,,,,
08_daily_goods-demo-000429,08_daily_goods,08,9b29c7ddc941fa78,v2,280000,,,코카콜라,,,,,
08_daily_goods-demo-000430,08_daily_goods,08,d9bc4aa9fea008c0,v2,280000,,,Coca-Cola,,,,,
08_daily_goods-demo-000431,08_daily_goods,08,2cbcd13b103333fd,v2,50000,,,웰존,,,,,
08_daily_goods-demo-000432,08_daily_goods,08,419dd7fa05b171da,v2,93966,,,리바트,,,,,
08_daily_goods-demo-000433,08_daily_goods,08,970014906da9e7ed,v2,350000,,,네일앤트리,,,,,
08_daily_goods-demo-000434,08_daily_goods,08,9a365be035ede42a,v2,38000,,,IKEA,,,,,
08_daily_goods-demo-000435,08_daily_goods,08,61da2de509a4c317,v2,5000,,,유한락스,,,,,
08_daily_goods-demo-000436,08_daily_goods,08,419dd7fa05b171da,v2,0,,,리바트,,,,,
08_daily_goods-demo-000437,08_daily_goods,08,8a75e5237cf98905,v2,600000,,,로보락,,,,,
08_daily_goods-demo-000438,08_daily_goods,08,85760f436c0aab87,v2,30000,,,이케아,,,,,
08_daily_goods-demo-000439,08_daily_goods,08,16576aaba4773485,v2,2123,,,누니큐,,,,,
08_daily_goods-demo-000440,08_daily_goods,08,907f9f90366eef5e,v2,80000,,,마켓비,,,,,
08_daily_goods-demo-000441,08_daily_goods,08,d0d7b47bde41a90f,v2,50000,,,디쟈트,,,,,
08_daily_goods-demo-000442,08_daily_goods,08,7f9fe829f717607f,v2,189000,,,튜즐,,,,,
08_daily_goods-demo-000443,08_daily_goods,08,7ae46b917023b1d7,v2,168590,,,한샘,,,,,
08_daily_goods-demo-000444,08_daily_goods,08,419dd7fa05b171da,v2,0,,,리바트,,,,,
08_daily_goods-demo-000445,08_daily_goods,08,7ae46b917023b1d7,v2,173683,,,한샘,,,,,
08_daily_goods-demo-000446,08_daily_goods,08,970014906da9e7ed,v2,350000,,,네일앤트리,,,,,
08_daily_goods-demo-000447,08_daily_goods,08,907f9f90366eef5e,v2,80000,,,마켓비,,,,,
08_daily_goods-demo-000448,08_daily_goods,08,d9bc4aa9fea008c0,v2,280000,,,Coca-Cola,,,,,
08_daily_goods-demo-000449,08_daily_goods,08,ee567cdb2ff2d25f,v2,0,,,핀란디아,,,,,
08_daily_goods-demo-000450,08_daily_goods,08,cd4b40209358f227,v2,2123,,,바이오키미아 네이처,,,,,
08_daily_goods-demo-000451,08_daily_goods,08,5dc654f22ff21d39,v2,130000,,,바스포르,,,,,
08_daily_goods-demo-000452,08_daily_goods,08,c1f70f347e607dc1,v2,120000,,,데스커,,,,,
08_daily_goods-demo-000453,08_daily_goods,08,c1f70f347e607dc1,v2,120000,,,데스커,,,,,
08_daily_goods-demo-000454,08_daily_goods,08,b4f0eedd4dffa2b4,v2,1000,,,오토브라이트,,,,,
08_daily_goods-demo-000455,08_daily_goods,08,03248d66161d7bb6,v2,250000,,,소르니아,,,,,
08_daily_goods-demo-000456,08_daily_goods,08,cd4b40209358f227,v2,2123,,,바이오키미아 네이처,,,,,
08_daily_goods-demo-000457,08_daily_goods,08,cd4b40209358f227,v2,2123,,,바이오키미아 네이처,,,,,
08_daily_goods-demo-000458,08_daily_goods,08,ca3ea09d36ae244d,v2,319000,,,로맨틱캬바레,,,,,
08_daily_goods-demo-000459,08_daily_goods,08,9687bb381bcf9847,v2,220000,,,키티,,,,,
08_daily_goods-demo-000460,08_daily_goods,08,693c5e4817403ea9,v2,3800000,,,데스커,,,,,
08_daily_goods-demo-000461,08_daily_goods,08,7ae46b917023b1d7,v2,63592,,,한샘,,,,,
08_daily_goods-demo-000462,08_daily_goods,08,7b005066562cd0b1,v2,4000,,,무인양품,,,,,
08_daily_goods-demo-000463,08_daily_goods,08,d558bfaa89bfbcb7,v2,100000,,,모던하우스,,,,,
08_daily_goods-demo-000464,08_daily_goods,08,7ae46b917023b1d7,v2,140843,,,한샘,,,,,
08_daily_goods-demo-000465,08_daily_goods,08,d9bc4aa9fea008c0,v2,280000,,,Coca-Cola,,,,,
08_daily_goods-demo-000466,08_daily_goods,08,907f9f90366eef5e,v2,80000,,,마켓비,,,,,
08_daily_goods-demo-000467,08_daily_goods,08,2cbcd13b103333fd,v2,50000,,,웰존,,,,,
08_daily_goods-demo-000468,08_daily_goods,08,b4ec91150821d809,v2,60000,,,리케이,,,,,
08_daily_goods-demo-000469,08_daily_goods,08,7f9fe829f717607f,v2,189000,,,튜즐,,,,,
08_daily_goods-demo-000470,08_daily_goods,08,693c5e4817403ea9,v2,3800000,,,클린맥스,,,,,
08_daily_goods-demo-000471,08_daily_goods,08,693c5e4817403ea9,v2,3800000,,,클린맥스,,,,,
08_daily_goods-demo-000472,08_daily_goods,08,9d76e42d47546dcf,v2,55000,,,란가구,,,,,
08_daily_goods-demo-000473,08_daily_goods,08,d558bfaa89bfbcb7,v2,100000,,,모던하우스,,,,,
08_daily_goods-demo-000474,08_daily_goods,08,85760f436c0aab87,v2,150000,,,이케아,,,,,
08_daily_goods-demo-000475,08_daily_goods,08,352860c297b5d112,v2,10000,,,에브리봇,,,,,
08_daily_goods-demo-000476,08_daily_goods,08,9cd23d7fdcccb68f,v2,180000,,,IKEA,,,,,
08_daily_goods-demo-000477,08_daily_goods,08,6ba85a44b0152000,v2,75000,,,카레클린트,,,,,
08_daily_goods-demo-000478,08_daily_goods,08,52cd212ae8918b35,v2,165000,,,ING HOME,,,,,
08_daily_goods-demo-000479,08_daily_goods,08,37b00077c9f9f0eb,v2,27000,,,소하임,,,,,
08_daily_goods-demo-000480,08_daily_goods,08,9687bb381bcf9847,v2,220000,,,일룸 iloom,,,,,
08_daily_goods-demo-000481,08_daily_goods,08,7ae46b917023b1d7,v2,153815,,,한샘,,,,,
08_daily_goods-demo-000482,08_daily_goods,08,6ba85a44b0152000,v2,75000,,,카레클린트,,,,,
08_daily_goods-demo-000483,08_daily_goods,08,b6094343f87669b1,v2,250000,,,장미매숀,,,,,
08_daily_goods-demo-000484,08_daily_goods,08,ca3ea09d36ae244d,v2,319000,,,로맨틱캬바레,,,,,
08_daily_goods-demo-000485,08_daily_goods,08,f7b397f6156ffa67,v2,1100000,,,보흥,,,,,
08_daily_goods-demo-000486,08_daily_goods,08,84d93153ad5945bf,v2,180000,,,desker,,,,,
08_daily_goods-demo-000487,08_daily_goods,08,4f8a1762aa664d22,v2,55000,,,LG,,,,,
08_daily_goods-demo-000488,08_daily_goods,08,d9bc4aa9fea008c0,v2,280000,,,Coca-Cola,,,,,
08_daily_goods-demo-000489,08_daily_goods,08,409e4818a0025062,v2,140000,,,카르텔,,,,,
08_daily_goods-demo-000490,08_daily_goods,08,a414e87f746bdc4d,v2,130000,,,Hello Kitty,,,,,
08_daily_goods-demo-000491,08_daily_goods,08,61da2de509a4c317,v2,5000,,,유한락스,,,,,
08_daily_goods-demo-000492,08_daily_goods,08,5dc654f22ff21d39,v2,130000,,,바스포르,,,,,
08_daily_goods-demo-000493,08_daily_goods,08,9687bb381bcf9847,v2,220000,,,일룸 iloom,,,,,
08_daily_goods-demo-000494,08_daily_goods,08,c383418342cdcd28,v2,1200000,,,아펜즈,,,,,
08_daily_goods-demo-000495,08_daily_goods,08,7ae46b917023b1d7,v2,204037,,,한샘,,,,,
08_daily_goods-demo-000496,08_daily_goods,08,7ae46b917023b1d7,v2,77873,,,한샘,,,,,
08_daily_goods-demo-000497,08_daily_goods,08,52cd212ae8918b35,v2,165000,,,ING HOME,,,,,
08_daily_goods-demo-000498,08_daily_goods,08,b4ec91150821d809,v2,60000,,,리케이,,,,,
08_daily_goods-demo-000499,08_daily_goods,08,85760f436c0aab87,v2,150000,,,이케아,,,,,
08_daily_goods-demo-000500,08_daily_goods,08,419dd7fa05b171da,v2,110259,,,리바트,,,,,
08_daily_goods-demo-000501,08_daily_goods,08,0c3ae3fdab2211d9,v2,150000,,,키티,,,,,
08_daily_goods-demo-000502,08_daily_goods,08,ca3ea09d36ae244d,v2,319000,,,로맨틱캬바레,,,,,
08_daily_goods-demo-000503,08_daily_goods,08,419dd7fa05b171da,v2,0,,,리바트,,,,,
08_daily_goods-demo-000504,08_daily_goods,08,b4ec91150821d809,v2,60000,,,수납왕,,,,,
08_daily_goods-demo-000505,08_daily_goods,08,2cbcd13b103333fd,v2,50000,,,웰존,,,,,
08_daily_goods-demo-000506,08_daily_goods,08,d558bfaa89bfbcb7,v2,100000,,,모던하우스,,,,,
08_daily_goods-demo-000507,08_daily_goods,08,5dc654f22ff21d39,v2,130000,,,리바트,,,,,
08_daily_goods-demo-000508,08_daily_goods,08,9cd23d7fdcccb68f,v2,180000,,,미라지가구,,,,,
08_daily_goods-demo-000509,08_daily_goods,08,409e4818a0025062,v2,140000,,,카르텔,,,,,
08_daily_goods-demo-000510,08_daily_goods,08,d325c782e0f7cd1d,v2,500000,,,에디키즈,,,,,
08_daily_goods-demo-000511,08_daily_goods,08,8a75e5237cf98905,v2,600000,,,로보락,,,,,
08_daily_goods-demo-000512,08_daily_goods,08,d9bc4aa9fea008c0,v2,280000,,,Coca-Cola,,,,,
08_daily_goods-demo-000513,08_daily_goods,08,7ae46b917023b1d7,v2,109899,,,한샘,,,,,
08_daily_goods-demo-000514,08_daily_goods,08,8a75e5237cf98905,v2,600000,,,로보락,,,,,
08_daily_goods-demo-000515,08_daily_goods,08,7ae46b917023b1d7,v2,162678,,,한샘,,,,,
08_daily_goods-demo-000516,08_daily_goods,08,ca3ea09d36ae244d,v2,319000,,,로맨틱캬바레,,,,,
08_daily_goods-demo-000517,08_daily_goods,08,8584298e2ca7f855,v2,380000,,,오르다,,,,,
08_daily_goods-demo-000518,08_daily_goods,08,c383418342cdcd28,v2,1200000,,,아펜즈,,,,,
08_daily_goods-demo-000519,08_daily_goods,08,61da2de509a4c317,v2,5000,,,유한락스,,,,,
08_daily_goods-demo-000520,08_daily_goods,08,a414e87f746bdc4d,v2,130000,,,Hello Kitty,,,,,
08_daily_goods-demo-000521,08_daily_goods,08,352860c297b5d112,v2,10000,,,에브리봇,,,,,
08_daily_goods-demo-000522,08_daily_goods,08,85760f436c0aab87,v2,3000,,,이케아,,,,,
08_daily_goods-demo-000523,08_daily_goods,08,37b00077c9f9f0eb,v2,27000,,,소하임,,,,,
08_daily_goods-demo-000524,08_daily_goods,08,84d93153ad5945bf,v2,180000,,,desker,,,,,
08_daily_goods-demo-000525,08_daily_goods,08,2b68bda2311c6c63,v2,1200,,,스폰지밥,,,,,
08_daily_goods-demo-000526,08_daily_goods,08,d4079216305998a5,v2,80000,,,아이엔지홈,,,,,
08_daily_goods-demo-000527,08_daily_goods,08,52cd212ae8918b35,v2,165000,,,ING HOME,,,,,
08_daily_goods-demo-000528,08_daily_goods,08,03248d66161d7bb6,v2,250000,,,소르니아,,,,,
08_daily_goods-demo-000529,08_daily_goods,08,ee567cdb2ff2d25f,v2,0,,,핀란디아,,,,,
08_daily_goods-demo-000530,08_daily_goods,08,7ae46b917023b1d7,v2,86154,,,한샘,,,,,
08_daily_goods-demo-000531,08_daily_goods,08,71494ab759adb9c0,v2,600000,,,페라리,,,,,
08_daily_goods-demo-000532,08_daily_goods,08,970014906da9e7ed,v2,350000,,,모던하우스,,,,,
08_daily_goods-demo-000533,08_daily_goods,08,85760f436c0aab87,v2,30000,,,이케아,,,,,
08_daily_goods-demo-000534,08_daily_goods,08,d4079216305998a5,v2,80000,,,아이엔지홈,,,,,
08_daily_goods-demo-000535,08_daily_goods,08,61da2de509a4c317,v2,5000,,,유한락스,,,,,
08_daily_goods-demo-000536,08_daily_goods,08,8584298e2ca7f855,v2,380000,,,오르다,,,,,
08_daily_goods-demo-000537,08_daily_goods,08,7ae46b917023b1d7,v2,112669,,,카레클린트,,,,,
08_daily_goods-demo-000538,08_daily_goods,08,99b7bfe9d43be4ff,v2,2300000,,,USM,,,,,
08_daily_goods-demo-000539,08_daily_goods,08,61da2de509a4c317,v2,5000,,,한샘,,,,,
08_daily_goods-demo-000540,08_daily_goods,08,419dd7fa05b171da,v2,37103,,,리바트,,,,,
08_daily_goods-demo-000541,08_daily_goods,08,c1f70f347e607dc1,v2,120000,,,데스커,,,,,
08_daily_goods-demo-000542,08_daily_goods,08,419dd7fa05b171da,v2,119202,,,리바트,,,,,
08_daily_goods-demo-000543,08_daily_goods,08,8584298e2ca7f855,v2,380000,,,오르다,,,,,
08_daily_goods-demo-000544,08_daily_goods,08,8584298e2ca7f855,v2,380000,,,오르다,,,,,
08_daily_goods-demo-000545,08_daily_goods,08,03248d66161d7bb6,v2,250000,,,소르니아,,,,,
08_daily_goods-demo-000546,08_daily_goods,08,115bf0d759d08796,v2,100000,,,트리니홈,,,,,
08_daily_goods-demo-000547,08_daily_goods,08,419dd7fa05b171da,v2,111408,,,리바트,,,,,
08_daily_goods-demo-000548,08_daily_goods,08,b4f0eedd4dffa2b4,v2,1000,,,오토브라이트,,,,,
08_daily_goods-demo-000549,08_daily_goods,08,7ae46b917023b1d7,v2,74319,,,한샘,,,,,
08_daily_goods-demo-000550,08_daily_goods,08,5dc654f22ff21d39,v2,130000,,,바스포르,,,,,
08_daily_goods-demo-000551,08_daily_goods,08,b4ec91150821d809,v2,60000,,,리케이,,,,,
08_daily_goods-demo-000552,08_daily_goods,08,d9bc4aa9fea008c0,v2,280000,,,Coca-Cola,,,,,
08_daily_goods-demo-000553,08_daily_goods,08,419dd7fa05b171da,v2,150000,,,리바트,,,,,
08_daily_goods-demo-000554,08_daily_goods,08,f7b397f6156ffa67,v2,1100000,,,보흥,,,,,
08_daily_goods-demo-000555,08_daily_goods,08,85760f436c0aab87,v2,3000,,,이케아,,,,,
08_daily_goods-demo-000556,08_daily_goods,08,85760f436c0aab87,v2,3000,,,이케아,,,,,
08_daily_goods-demo-000557,08_daily_goods,08,0c3ae3fdab2211d9,v2,150000,,,이케아스타일,,,,,
08_daily_goods-demo-000558,08_daily_goods,08,85760f436c0aab87,v2,30000,,,이케아,,,,,
08_daily_goods-demo-000559,08_daily_goods,08,419dd7fa05b171da,v2,70649,,,리바트,,,,,
08_daily_goods-demo-000560,08_daily_goods,08,907f9f90366eef5e,v2,80000,,,마켓비,,,,,
08_daily_goods-demo-000561,08_daily_goods,08,419dd7fa05b171da,v2,103995,,,한샘,,,,,
08_daily_goods-demo-000562,08_daily_goods,08,d0d7b47bde41a90f,v2,50000,,,디쟈트,,,,,
08_daily_goods-demo-000563,08_daily_goods,08,7fb2292126eb87b9,v2,400000,,,씨에스테크,,,,,
08_daily_goods-demo-000564,08_daily_goods,08,c1f70f347e607dc1,v2,120000,,,데스커,,,,,
08_daily_goods-demo-000565,08_daily_goods,08,3cd12bdab5336c5c,v2,90000,,,까사미아,,,,,
08_daily_goods-demo-000566,08_daily_goods,08,4f8a1762aa664d22,v2,55000,,,LG,,,,,
08_daily_goods-demo-000567,08_daily_goods,08,6ba85a44b0152000,v2,75000,,,바스포르,,,,,
08_daily_goods-demo-000568,08_daily_goods,08,b6094343f87669b1,v2,250000,,,장미매숀,,,,,
08_daily_goods-demo-000569,08_daily_goods,08,5dc654f22ff21d39,v2,130000,,,바스포르,,,,,
08_daily_goods-demo-000570,08_daily_goods,08,4f8a1762aa664d22,v2,55000,,,LG,,,,,
08_daily_goods-demo-000571,08_daily_goods,08,9d76e42d47546dcf,v2,55000,,,란가구,,,,,
08_daily_goods-demo-000572,08_daily_goods,08,6ba85a44b0152000,v2,75000,,,카레클린트,,,,,
08_daily_goods-demo-000573,08_daily_goods,08,8584298e2ca7f855,v2,380000,,,오르다,,,,,
08_daily_goods-demo-000574,08_daily_goods,08,409e4818a0025062,v2,140000,,,카르텔,,,,,
08_daily_goods-demo-000575,08_daily_goods,08,4f8a1762aa664d22,v2,55000,,,LG,,,,,
08_daily_goods-demo-000576,08_daily_goods,08,7f9fe829f717607f,v2,189000,,,튜즐,,,,,
08_daily_goods-demo-000577,08_daily_goods,08,57e97cb86de28c12,v2,10000,,,폭스바겐,,,,,
08_daily_goods-demo-000578,08_daily_goods,08,85760f436c0aab87,v2,150000,,,이케아,,,,,
08_daily_goods-demo-000579,08_daily_goods,08,c383418342cdcd28,v2,1200000,,,아펜즈,,,,,
08_daily_goods-demo-000580,08_daily_goods,08,7ae46b917023b1d7,v2,108575,,,한샘,,,,,
08_daily_goods-demo-000581,08_daily_goods,08,ee567cdb2ff2d25f,v2,0,,,핀란디아,,,,,
08_daily_goods-demo-000582,08_daily_goods,08,4f8a1762aa664d22,v2,55000,,,LG,,,,,
08_daily_goods-demo-000583,08_daily_goods,08,71494ab759adb9c0,v2,600000,,,페라리,,,,,
08_daily_goods-demo-000584,08_daily_goods,08,03248d66161d7bb6,v2,250000,,,소르니아,,,,,
08_daily_goods-demo-000585,08_daily_goods,08,d4079216305998a5,v2,80000,,,아이엔지홈,,,,,
08_daily_goods-demo-000586,08_daily_goods,08,9d76e42d47546dcf,v2,55000,,,수납왕,,,,,
08_daily_goods-demo-000587,08_daily_goods,08,8584298e2ca7f855,v2,380000,,,오르다,,,,,
08_daily_goods-demo-000588,08_daily_goods,08,970014906da9e7ed,v2,350000,,,네일앤트리,,,,,
08_daily_goods-demo-000589,08_daily_goods,08,48165812a3fe2b42,v2,1000000,,,우드아뜰리에,,,,,
08_daily_goods-demo-000590,08_daily_goods,08,37b00077c9f9f0eb,v2,27000,,,소하임,,,,,
08_daily_goods-demo-000591,08_daily_goods,08,419dd7fa05b171da,v2,150000,,,리바트,,,,,
08_daily_goods-demo-000592,08_daily_goods,08,03248d66161d7bb6,v2,250000,,,소르니아,,,,,
08_daily_goods-demo-000593,08_daily_goods,08,419dd7fa05b171da,v2,2150,,,리바트,,,,,
08_daily_goods-demo-000594,08_daily_goods,08,ca3ea09d36ae244d,v2,319000,,,로맨틱캬바레,,,,,
08_daily_goods-demo-000595,08_daily_goods,08,c383418342cdcd28,v2,1200000,,,아펜즈,,,,,
08_daily_goods-demo-000596,08_daily_goods,08,0c3ae3fdab2211d9,v2,150000,,,키티,,,,,
08_daily_goods-demo-000597,08_daily_goods,08,2b68bda2311c6c63,v2,1200,,,스폰지밥,,,,,
08_daily_goods-demo-000598,08_daily_goods,08,2f03df6fc381d0ea,v2,10000,,,Spectrum,,,,,
08_daily_goods-demo-000599,08_daily_goods,08,9687bb381bcf9847,v2,220000,,,일룸 iloom,,,,,
08_daily_goods-demo-000600,08_daily_goods,08,419dd7fa05b171da,v2,150000,,,리바트,,,,,
08_daily_goods-demo-000601,08_daily_goods,08,9cd23d7fdcccb68f,v2,180000,,,미라지가구,,,,,
08_daily_goods-demo-000602,08_daily_goods,08,85760f436c0aab87,v2,3000,,,카렉스,,,,,
08_daily_goods-demo-000603,08_daily_goods,08,261f2d75a17aae42,v2,105000,,,세레스홈,,,,,
08_daily_goods-demo-000604,08_daily_goods,08,b4f0eedd4dffa2b4,v2,1000,,,아펜즈,,,,,
08_daily_goods-demo-000605,08_daily_goods,08,8a75e5237cf98905,v2,600000,,,로보락,,,,,
08_daily_goods-demo-000606,08_daily_goods,08,84d93153ad5945bf,v2,180000,,,desker,,,,,
08_daily_goods-demo-000607,08_daily_goods,08,907f9f90366eef5e,v2,80000,,,마켓비,,,,,
08_daily_goods-demo-000608,08_daily_goods,08,03248d66161d7bb6,v2,40000,,,소르니아,,,,,
08_daily_goods-demo-000609,08_daily_goods,08,f929079491399449,v2,400000,,,오투가구,,,,,
08_daily_goods-demo-000610,08_daily_goods,08,419dd7fa05b171da,v2,105647,,,리바트,,,,,
08_daily_goods-demo-000611,08_daily_goods,08,37b00077c9f9f0eb,v2,27000,,,소하임,,,,,
08_daily_goods-demo-000612,08_daily_goods,08,71494ab759adb9c0,v2,600000,,,페라리,,,,,
08_daily_goods-demo-000613,08_daily_goods,08,37b00077c9f9f0eb,v2,27000,,,소하임,,,,,
08_daily_goods-demo-000614,08_daily_goods,08,f7b397f6156ffa67,v2,1100000,,,보흥,,,,,
08_daily_goods-demo-000615,08_daily_goods,08,d4079216305998a5,v2,80000,,,아이엔지홈,,,,,
08_daily_goods-demo-000616,08_daily_goods,08,b6094343f87669b1,v2,250000,,,장미매숀,,,,,
08_daily_goods-demo-000617,08_daily_goods,08,d9bc4aa9fea008c0,v2,280000,,,Coca-Cola,,,,,
08_daily_goods-demo-000618,08_daily_goods,08,8584298e2ca7f855,v2,380000,,,오르다,,,,,
08_daily_goods-demo-000619,08_daily_goods,08,03248d66161d7bb6,v2,250000,,,소르니아,,,,,
08_daily_goods-demo-000620,08_daily_goods,08,419dd7fa05b171da,v2,14165,,,리바트,,,,,
08_daily_goods-demo-000621,08_daily_goods,08,7ae46b917023b1d7,v2,106726,,,한샘,,,,,
08_daily_goods-demo-000622,08_daily_goods,08,7ae46b917023b1d7,v2,111634,,,한샘,,,,,
08_daily_goods-demo-000623,08_daily_goods,08,419dd7fa05b171da,v2,12212,,,리바트,,,,,
08_daily_goods-demo-000624,08_daily_goods,08,5dc654f22ff21d39,v2,130000,,,바스포르,,,,,
08_daily_goods-demo-000625,08_daily_goods,08,1fe86105841cea65,v2,30000,,,카렉스,,,,,
08_daily_goods-demo-000626,08_daily_goods,08,61da2de509a4c317,v2,5000,,,유한락스,,,,,
08_daily_goods-demo-000627,08_daily_goods,08,830dc01e42df79dd,v2,50000,,,벤키즈,,,,,
08_daily_goods-demo-000628,08_daily_goods,08,7ae46b917023b1d7,v2,64433,,,한샘,,,,,
08_daily_goods-demo-000629,08_daily_goods,08,b4f0eedd4dffa2b4,v2,1000,,,오토브라이트,,,,,
08_daily_goods-demo-000630,08_daily_goods,08,352860c297b5d112,v2,10000,,,에브리봇,,,,,
08_daily_goods-demo-000631,08_daily_goods,08,9687bb381bcf9847,v2,220000,,,일룸 iloom,,,,,
08_daily_goods-demo-000632,08_daily_goods,08,0c3ae3fdab2211d9,v2,150000,,,키티,,,,,
08_daily_goods-demo-000633,08_daily_goods,08,409e4818a0025062,v2,140000,,,카르텔,,,,,
08_daily_goods-demo-000634,08_daily_goods,08,4f8a1762aa664d22,v2,55000,,,세레스홈,,,,,
08_daily_goods-demo-000635,08_daily_goods,08,d325c782e0f7cd1d,v2,500000,,,에디키즈,,,,,
08_daily_goods-demo-000636,08_daily_goods,08,1fe86105841cea65,v2,30000,,,카렉스,,,,,
08_daily_goods-demo-000637,08_daily_goods,08,84d93153ad5945bf,v2,180000,,,desker,,,,,
08_daily_goods-demo-000638,08_daily_goods,08,61da2de509a4c317,v2,5000,,,유한락스,,,,,
08_daily_goods-demo-000639,08_daily_goods,08,7f9fe829f717607f,v2,189000,,,튜즐,,,,,
08_daily_goods-demo-000640,08_daily_goods,08,409e4818a0025062,v2,140000,,,카르텔,,,,,
08_daily_goods-demo-000641,08_daily_goods,08,0c3ae3fdab2211d9,v2,150000,,,페라리,,,,,
08_daily_goods-demo-000642,08_daily_goods,08,693c5e4817403ea9,v2,3800000,,,클린맥스,,,,,
08_daily_goods-demo-000643,08_daily_goods,08,419dd7fa05b171da,v2,14811,,,리바트,,,,,
08_daily_goods-demo-000644,08_daily_goods,08,48165812a3fe2b42,v2,1000000,,,우드아뜰리에,,,,,
08_daily_goods-demo-000645,08_daily_goods,08,2b68bda2311c6c63,v2,1200,,,스폰지밥,,,,,
08_daily_goods-demo-000646,08_daily_goods,08,419dd7fa05b171da,v2,31292,,,리바트,,,,,
08_daily_goods-demo-000647,08_daily_goods,08,419dd7fa05b171da,v2,150000,,,리바트,,,,,
08_daily_goods-demo-000648,08_daily_goods,08,7ae46b917023b1d7,v2,92169,,,한샘,,,,,
08_daily_goods-demo-000649,08_daily_goods,08,2b68bda2311c6c63,v2,1200,,,스폰지밥,,,,,
08_daily_goods-demo-000650,08_daily_goods,08,aba2cfbf9c5da660,v2,39000,,,수납왕,,,,,
08_daily_goods-demo-000651,08_daily_goods,08,4f8a1762aa664d22,v2,55000,,,LG,,,,,
08_daily_goods-demo-000652,08_daily_goods,08,9cd23d7fdcccb68f,v2,180000,,,미라지가구,,,,,
08_daily_goods-demo-000653,08_daily_goods,08,7fb2292126eb87b9,v2,400000,,,유한락스,,,,,
08_daily_goods-demo-000654,08_daily_goods,08,0c3ae3fdab2211d9,v2,130000,,,키티,,,,,
08_daily_goods-demo-000655,08_daily_goods,08,6ba85a44b0152000,v2,75000,,,카레클린트,,,,,
08_daily_goods-demo-000656,08_daily_goods,08,c1d95076d6b55f65,v2,20000,,,이케아스타일,,,,,
08_daily_goods-demo-000657,08_daily_goods,08,c1d95076d6b55f65,v2,20000,,,이케아스타일,,,,,
08_daily_goods-demo-000658,08_daily_goods,08,7b005066562cd0b1,v2,4000,,,무인양품,,,,,
08_daily_goods-demo-000659,08_daily_goods,08,f59d42ed2fac3af4,v2,70000,,,리오가구,,,,,
08_daily_goods-demo-000660,08_daily_goods,08,16576aaba4773485,v2,2123,,,누니큐,,,,,
08_daily_goods-demo-000661,08_daily_goods,08,c383418342cdcd28,v2,1200000,,,아펜즈,,,,,
08_daily_goods-demo-000662,08_daily_goods,08,9cd23d7fdcccb68f,v2,180000,,,무인양품,,,,,
08_daily_goods-demo-000663,08_daily_goods,08,d0d7b47bde41a90f,v2,50000,,,디쟈트,,,,,
08_daily_goods-demo-000664,08_daily_goods,08,7fb2292126eb87b9,v2,400000,,,아펜즈,,,,,
08_daily_goods-demo-000665,08_daily_goods,08,9d76e42d47546dcf,v2,55000,,,란가구,,,,,
08_daily_goods-demo-000666,08_daily_goods,08,8a75e5237cf98905,v2,600000,,,로보락,,,,,
08_daily_goods-demo-000667,08_daily_goods,08,693c5e4817403ea9,v2,3800000,,,클린맥스,,,,,
08_daily_goods-demo-000668,08_daily_goods,08,85760f436c0aab87,v2,150000,,,이케아,,,,,
08_daily_goods-demo-000669,08_daily_goods,08,419dd7fa05b171da,v2,88178,,,리바트,,,,,
08_daily_goods-demo-000670,08_daily_goods,08,aba2cfbf9c5da660,v2,39000,,,수납왕,,,,,
08_daily_goods-demo-000671,08_daily_goods,08,99b7bfe9d43be4ff,v2,2300000,,,USM,,,,,
08_daily_goods-demo-000672,08_daily_goods,08,ee567cdb2ff2d25f,v2,0,,,핀란디아,,,,,
08_daily_goods-demo-000673,08_daily_goods,08,f7b397f6156ffa67,v2,1100000,,,보흥,,,,,
08_daily_goods-demo-000674,08_daily_goods,08,5dc654f22ff21d39,v2,130000,,,바스포르,,,,,
08_daily_goods-demo-000675,08_daily_goods,08,84d93153ad5945bf,v2,180000,,,desker,,,,,
08_daily_goods-demo-000676,08_daily_goods,08,7ae46b917023b1d7,v2,77571,,,한샘,,,,,
08_daily_goods-demo-000677,08_daily_goods,08,1fe86105841cea65,v2,30000,,,카렉스,,,,,
08_daily_goods-demo-000678,08_daily_goods,08,0c3ae3fdab2211d9,v2,130000,,,키티,,,,,
08_daily_goods-demo-000679,08_daily_goods,08,cd4b40209358f227,v2,2123,,,바이오키미아 네이처,,,,,
08_daily_goods-demo-000680,08_daily_goods,08,7ae46b917023b1d7,v2,137721,,,한샘,,,,,
08_daily_goods-demo-000681,08_daily_goods,08,7ae46b917023b1d7,v2,68271,,,한샘,,,,,
08_daily_goods-demo-000682,08_daily_goods,08,9b29c7ddc941fa78,v2,280000,,,코카콜라,,,,,
08_daily_goods-demo-000683,08_daily_goods,08,419dd7fa05b171da,v2,51152,,,리바트,,,,,
08_daily_goods-demo-000684,08_daily_goods,08,3cd12bdab5336c5c,v2,90000,,,까사미아,,,,,
08_daily_goods-demo-000685,08_daily_goods,08,693c5e4817403ea9,v2,3800000,,,한샘,,,,,
08_daily_goods-demo-000686,08_daily_goods,08,7ae46b917023b1d7,v2,175770,,,한샘,,,,,
08_daily_goods-demo-000687,08_daily_goods,08,85760f436c0aab87,v2,3000,,,세레스홈,,,,,
08_daily_goods-demo-000688,08_daily_goods,08,d4079216305998a5,v2,80000,,,아이엔지홈,,,,,
08_daily_goods-demo-000689,08_daily_goods,08,f7b397f6156ffa67,v2,1100000,,,보흥,,,,,
08_daily_goods-demo-000690,08_daily_goods,08,9a365be035ede42a,v2,38000,,,IKEA,,,,,
08_daily_goods-demo-000691,08_daily_goods,08,b6094343f87669b1,v2,250000,,,장미매숀,,,,,
08_daily_goods-demo-000692,08_daily_goods,08,419dd7fa05b171da,v2,22061,,,리바트,,,,,
08_daily_goods-demo-000693,08_daily_goods,08,03248d66161d7bb6,v2,40000,,,모던하우스,,,,,
08_daily_goods-demo-000694,08_daily_goods,08,85760f436c0aab87,v2,150000,,,이케아,,,,,
08_daily_goods-demo-000695,08_daily_goods,08,36960462ea8de647,v2,200000,,,리샘,,,,,
08_daily_goods-demo-000696,08_daily_goods,08,7f9fe829f717607f,v2,189000,,,튜즐,,,,,
08_daily_goods-demo-000697,08_daily_goods,08,ee567cdb2ff2d25f,v2,0,,,핀란디아,,,,,
08_daily_goods-demo-000698,08_daily_goods,08,0c3ae3fdab2211d9,v2,130000,,,키티,,,,,
08_daily_goods-demo-000699,08_daily_goods,08,7fb2292126eb87b9,v2,400000,,,씨에스테크,,,,,
08_daily_goods-demo-000700,08_daily_goods,08,85760f436c0aab87,v2,3000,,,아펜즈,,,,,
08_daily_goods-demo-000701,08_daily_goods,08,f929079491399449,v2,400000,,,오투가구,,,,,
08_daily_goods-demo-000702,08_daily_goods,08,71494ab759adb9c0,v2,600000,,,트리니홈,,,,,
08_daily_goods-demo-000703,08_daily_goods,08,5dc654f22ff21d39,v2,130000,,,미라지가구,,,,,
08_daily_goods-demo-000704,08_daily_goods,08,48165812a3fe2b42,v2,1000000,,,우드아뜰리에,,,,,
08_daily_goods-demo-000705,08_daily_goods,08,36960462ea8de647,v2,200000,,,리샘,,,,,
08_daily_goods-demo-000706,08_daily_goods,08,9b29c7ddc941fa78,v2,280000,,,코카콜라,,,,,
08_daily_goods-demo-000707,08_daily_goods,08,d9bc4aa9fea008c0,v2,280000,,,Coca-Cola,,,,,
08_daily_goods-demo-000708,08_daily_goods,08,57e97cb86de28c12,v2,10000,,,폭스바겐,,,,,
08_daily_goods-demo-000709,08_daily_goods,08,352860c297b5d112,v2,10000,,,에브리봇,,,,,
08_daily_goods-demo-000710,08_daily_goods,08,9b29c7ddc941fa78,v2,280000,,,코카콜라,,,,,
08_daily_goods-demo-000711,08_daily_goods,08,aba2cfbf9c5da660,v2,39000,,,수납왕,,,,,
08_daily_goods-demo-000712,08_daily_goods,08,261f2d75a17aae42,v2,105000,,,세레스홈,,,,,
08_daily_goods-demo-000713,08_daily_goods,08,907f9f90366eef5e,v2,80000,,,마켓비,,,,,
08_daily_goods-demo-000714,08_daily_goods,08,419dd7fa05b171da,v2,29086,,,리바트,,,,,
08_daily_goods-demo-000715,08_daily_goods,08,7ae46b917023b1d7,v2,117391,,,한샘,,,,,
08_daily_goods-demo-000716,08_daily_goods,08,d4079216305998a5,v2,80000,,,아이엔지홈,,,,,
08_daily_goods-demo-000717,08_daily_goods,08,9d76e42d47546dcf,v2,55000,,,란가구,,,,,
08_daily_goods-demo-000718,08_daily_goods,08,7ae46b917023b1d7,v2,118301,,,한샘,,,,,
08_daily_goods-demo-000719,08_daily_goods,08,99b7bfe9d43be4ff,v2,2300000,,,USM,,,,,
08_daily_goods-demo-000720,08_daily_goods,08,d0d7b47bde41a90f,v2,50000,,,이케아,,,,,
08_daily_goods-demo-000721,08_daily_goods,08,5dc654f22ff21d39,v2,130000,,,바스포르,,,,,
08_daily_goods-demo-000722,08_daily_goods,08,261f2d75a17aae42,v2,105000,,,세레스홈,,,,,
08_daily_goods-demo-000723,08_daily_goods,08,3cd12bdab5336c5c,v2,90000,,,까사미아,,,,,
08_daily_goods-demo-000724,08_daily_goods,08,115bf0d759d08796,v2,100000,,,트리니홈,,,,,
08_daily_goods-demo-000725,08_daily_goods,08,261f2d75a17aae42,v2,105000,,,세레스홈,,,,,
08_daily_goods-demo-000726,08_daily_goods,08,7ae46b917023b1d7,v2,86922,,,한샘,,,,,
08_daily_goods-demo-000727,08_daily_goods,08,03248d66161d7bb6,v2,40000,,,리오가구,,,,,
08_daily_goods-demo-000728,08_daily_goods,08,419dd7fa05b171da,v2,107735,,,리바트,,,,,
08_daily_goods-demo-000729,08_daily_goods,08,d325c782e0f7cd1d,v2,500000,,,에디키즈,,,,,
08_daily_goods-demo-000730,08_daily_goods,08,16576aaba4773485,v2,2123,,,누니큐,,,,,
08_daily_goods-demo-000731,08_daily_goods,08,970014906da9e7ed,v2,350000,,,수납왕,,,,,
08_daily_goods-demo-000732,08_daily_goods,08,c1d95076d6b55f65,v2,20000,,,이케아스타일,,,,,
08_daily_goods-demo-000733,08_daily_goods,08,61da2de509a4c317,v2,5000,,,유한락스,,,,,
08_daily_goods-demo-000734,08_daily_goods,08,03248d66161d7bb6,v2,40000,,,소르니아,,,,,
08_daily_goods-demo-000735,08_daily_goods,08,419dd7fa05b171da,v2,7158,,,리바트,,,,,
08_daily_goods-demo-000736,08_daily_goods,08,419dd7fa05b171da,v2,114140,,,리바트,,,,,
08_daily_goods-demo-000737,08_daily_goods,08,61da2de509a4c317,v2,5000,,,유한락스,,,,,
08_daily_goods-demo-000738,08_daily_goods,08,2b68bda2311c6c63,v2,1200,,,스폰지밥,,,,,
08_daily_goods-demo-000739,08_daily_goods,08,4f8a1762aa664d22,v2,55000,,,LG,,,,,
08_daily_goods-demo-000740,08_daily_goods,08,d558bfaa89bfbcb7,v2,100000,,,모던하우스,,,,,
08_daily_goods-demo-000741,08_daily_goods,08,99b7bfe9d43be4ff,v2,2300000,,,USM,,,,,
08_daily_goods-demo-000742,08_daily_goods,08,7ae46b917023b1d7,v2,119420,,,한샘,,,,,
08_daily_goods-demo-000743,08_daily_goods,08,352860c297b5d112,v2,10000,,,에브리봇,,,,,
08_daily_goods-demo-000744,08_daily_goods,08,03248d66161d7bb6,v2,40000,,,모던하우스,,,,,
08_daily_goods-demo-000745,08_daily_goods,08,8584298e2ca7f855,v2,380000,,,오르다,,,,,
08_daily_goods-demo-000746,08_daily_goods,08,c1d95076d6b55f65,v2,20000,,,이케아스타일,,,,,
08_daily_goods-demo-000747,08_daily_goods,08,352860c297b5d112,v2,10000,,,에브리봇,,,,,
08_daily_goods-demo-000748,08_daily_goods,08,261f2d75a17aae42,v2,105000,,,세레스홈,,,,,
08_daily_goods-demo-000749,08_daily_goods,08,84d93153ad5945bf,v2,180000,,,desker,,,,,
08_daily_goods-demo-000750,08_daily_goods,08,693c5e4817403ea9,v2,3800000,,,클린맥스,,,,,
08_daily_goods-demo-000751,08_daily_goods,08,85760f436c0aab87,v2,150000,,,이케아,,,,,
08_daily_goods-demo-000752,08_daily_goods,08,419dd7fa05b171da,v2,8187,,,리바트,,,,,
08_daily_goods-demo-000753,08_daily_goods,08,7ae46b917023b1d7,v2,203703,,,한샘,,,,,
08_daily_goods-demo-000754,08_daily_goods,08,6ba85a44b0152000,v2,75000,,,카레클린트,,,,,
08_daily_goods-demo-000755,08_daily_goods,08,907f9f90366eef5e,v2,80000,,,Coca-Cola,,,,,
08_daily_goods-demo-000756,08_daily_goods,08,03248d66161d7bb6,v2,40000,,,소르니아,,,,,
08_daily_goods-demo-000757,08_daily_goods,08,71494ab759adb9c0,v2,600000,,,페라리,,,,,
08_daily_goods-demo-000758,08_daily_goods,08,ee567cdb2ff2d25f,v2,0,,,핀란디아,,,,,
08_daily_goods-demo-000759,08_daily_goods,08,ca3ea09d36ae244d,v2,319000,,,로맨틱캬바레,,,,,
08_daily_goods-demo-000760,08_daily_goods,08,a414e87f746bdc4d,v2,130000,,,Hello Kitty,,,,,
08_daily_goods-demo-000761,08_daily_goods,08,907f9f90366eef5e,v2,80000,,,마켓비,,,,,
08_daily_goods-demo-000762,08_daily_goods,08,d4079216305998a5,v2,80000,,,아이엔지홈,,,,,
08_daily_goods-demo-000763,08_daily_goods,08,9687bb381bcf9847,v2,220000,,,일룸 iloom,,,,,
08_daily_goods-demo-000764,08_daily_goods,08,99b7bfe9d43be4ff,v2,2300000,,,USM,,,,,
08_daily_goods-demo-000765,08_daily_goods,08,419dd7fa05b171da,v2,77702,,,리바트,,,,,
08_daily_goods-demo-000766,08_daily_goods,08,7fb2292126eb87b9,v2,400000,,,씨에스테크,,,,,
08_daily_goods-demo-000767,08_daily_goods,08,907f9f90366eef5e,v2,80000,,,마켓비,,,,,
08_daily_goods-demo-000768,08_daily_goods,08,3cd12bdab5336c5c,v2,90000,,,까사미아,,,,,
08_daily_goods-demo-000769,08_daily_goods,08,115bf0d759d08796,v2,100000,,,트리니홈,,,,,
08_daily_goods-demo-000770,08_daily_goods,08,0c3ae3fdab2211d9,v2,130000,,,키티,,,,,
08_daily_goods-demo-000771,08_daily_goods,08,419dd7fa05b171da,v2,69726,,,리바트,,,,,
08_daily_goods-demo-000772,08_daily_goods,08,85760f436c0aab87,v2,30000,,,이케아,,,,,
08_daily_goods-demo-000773,08_daily_goods,08,9cd23d7fdcccb68f,v2,180000,,,미라지가구,,,,,
08_daily_goods-demo-000774,08_daily_goods,08,419dd7fa05b171da,v2,136751,,,리바트,,,,,
08_daily_goods-demo-000775,08_daily_goods,08,85760f436c0aab87,v2,30000,,,이케아,,,,,
08_daily_goods-demo-000776,08_daily_goods,08,352860c297b5d112,v2,10000,,,에브리봇,,,,,
08_daily_goods-demo-000777,08_daily_goods,08,16576aaba4773485,v2,2123,,,누니큐,,,,,
08_daily_goods-demo-000778,08_daily_goods,08,9b29c7ddc941fa78,v2,280000,,,코카콜라,,,,,
08_daily_goods-demo-000779,08_daily_goods,08,9687bb381bcf9847,v2,220000,,,IKEA,,,,,
08_daily_goods-demo-000780,08_daily_goods,08,d558bfaa89bfbcb7,v2,100000,,,모던하우스,,,,,
08_daily_goods-demo-000781,08_daily_goods,08,a414e87f746bdc4d,v2,130000,,,Hello Kitty,,,,,
08_daily_goods-demo-000782,08_daily_goods,08,f59d42ed2fac3af4,v2,70000,,,리오가구,,,,,
08_daily_goods-demo-000783,08_daily_goods,08,7ae46b917023b1d7,v2,69309,,,한샘,,,,,
08_daily_goods-demo-000784,08_daily_goods,08,7ae46b917023b1d7,v2,79910,,,한샘,,,,,
08_daily_goods-demo-000785,08_daily_goods,08,9a365be035ede42a,v2,38000,,,IKEA,,,,,
08_daily_goods-demo-000786,08_daily_goods,08,693c5e4817403ea9,v2,3800000,,,클린맥스,,,,,
08_daily_goods-demo-000787,08_daily_goods,08,85760f436c0aab87,v2,150000,,,이케아,,,,,
08_daily_goods-demo-000788,08_daily_goods,08,409e4818a0025062,v2,140000,,,카르텔,,,,,
08_daily_goods-demo-000789,08_daily_goods,08,cd4b40209358f227,v2,2123,,,바이오키미아 네이처,,,,,
08_daily_goods-demo-000790,08_daily_goods,08,d558bfaa89bfbcb7,v2,100000,,,모던하우스,,,,,
08_daily_goods-demo-000791,08_daily_goods,08,7ae46b917023b1d7,v2,188284,,,한샘,,,,,
08_daily_goods-demo-000792,08_daily_goods,08,aba2cfbf9c5da660,v2,39000,,,수납왕,,,,,
08_daily_goods-demo-000793,08_daily_goods,08,84d93153ad5945bf,v2,180000,,,desker,,,,,
08_daily_goods-demo-000794,08_daily_goods,08,99b7bfe9d43be4ff,v2,2300000,,,USM,,,,,
08_daily_goods-demo-000795,08_daily_goods,08,61da2de509a4c317,v2,5000,,,카렉스,,,,,
08_daily_goods-demo-000796,08_daily_goods,08,7b005066562cd0b1,v2,4000,,,무인양품,,,,,
08_daily_goods-demo-000797,08_daily_goods,08,2cbcd13b103333fd,v2,50000,,,바스포르,,,,,
08_daily_goods-demo-000798,08_daily_goods,08,7ae46b917023b1d7,v2,181481,,,한샘,,,,,
08_daily_goods-demo-000799,08_daily_goods,08,419dd7fa05b171da,v2,265,,,리바트,,,,,
08_daily_goods-demo-000800,08_daily_goods,08,d9bc4aa9fea008c0,v2,280000,,,Coca-Cola,,,,,
08_daily_goods-demo-000801,08_daily_goods,08,16576aaba4773485,v2,2123,,,누니큐,,,,,
08_daily_goods-demo-000802,08_daily_goods,08,8a75e5237cf98905,v2,600000,,,로보락,,,,,
08_daily_goods-demo-000803,08_daily_goods,08,7ae46b917023b1d7,v2,111019,,,한샘,,,,,
08_daily_goods-demo-000804,08_daily_goods,08,b4f0eedd4dffa2b4,v2,1000,,,오토브라이트,,,,,
08_daily_goods-demo-000805,08_daily_goods,08,9687bb381bcf9847,v2,220000,,,일룸 iloom,,,,,
08_daily_goods-demo-000806,08_daily_goods,08,4f8a1762aa664d22,v2,55000,,,LG,,,,,
08_daily_goods-demo-000807,08_daily_goods,08,419dd7fa05b171da,v2,141686,,,리바트,,,,,
08_daily_goods-demo-000808,08_daily_goods,08,d9bc4aa9fea008c0,v2,280000,,,카렉스,,,,,
08_daily_goods-demo-000809,08_daily_goods,08,d4079216305998a5,v2,80000,,,리바트,,,,,
08_daily_goods-demo-000810,08_daily_goods,08,1fe86105841cea65,v2,30000,,,카렉스,,,,,
08_daily_goods-demo-000811,08_daily_goods,08,352860c297b5d112,v2,10000,,,이케아,,,,,
08_daily_goods-demo-000812,08_daily_goods,08,99b7bfe9d43be4ff,v2,2300000,,,USM,,,,,
08_daily_goods-demo-000813,08_daily_goods,08,d9bc4aa9fea008c0,v2,280000,,,Coca-Cola,,,,,
08_daily_goods-demo-000814,08_daily_goods,08,115bf0d759d08796,v2,100000,,,USM,,,,,
08_daily_goods-demo-000815,08_daily_goods,08,99b7bfe9d43be4ff,v2,2300000,,,USM,,,,,
08_daily_goods-demo-000816,08_daily_goods,08,48165812a3fe2b42,v2,1000000,,,한샘,,,,,
08_daily_goods-demo-000817,08_daily_goods,08,b4f0eedd4dffa2b4,v2,1000,,,오토브라이트,,,,,
08_daily_goods-demo-000818,08_daily_goods,08,830dc01e42df79dd,v2,50000,,,리샘,,,,,
08_daily_goods-demo-000819,08_daily_goods,08,419dd7fa05b171da,v2,150000,,,리바트,,,,,
08_daily_goods-demo-000820,08_daily_goods,08,7ae46b917023b1d7,v2,196079,,,일룸 iloom,,,,,
08_daily_goods-demo-000821,08_daily_goods,08,7b005066562cd0b1,v2,4000,,,무인양품,,,,,
08_daily_goods-demo-000822,08_daily_goods,08,85760f436c0aab87,v2,150000,,,이케아,,,,,
08_daily_goods-demo-000823,08_daily_goods,08,2cbcd13b103333fd,v2,50000,,,웰존,,,,,
08_daily_goods-demo-000824,08_daily_goods,08,d4079216305998a5,v2,80000,,,아이엔지홈,,,,,
08_daily_goods-demo-000825,08_daily_goods,08,7fb2292126eb87b9,v2,400000,,,씨에스테크,,,,,
08_daily_goods-demo-000826,08_daily_goods,08,7fb2292126eb87b9,v2,400000,,,씨에스테크,,,,,
08_daily_goods-demo-000827,08_daily_goods,08,115bf0d759d08796,v2,100000,,,트리니홈,,,,,
08_daily_goods-demo-000828,08_daily_goods,08,7ae46b917023b1d7,v2,162192,,,한샘,,,,,
08_daily_goods-demo-000829,08_daily_goods,08,7ae46b917023b1d7,v2,146302,,,한샘,,,,,
08_daily_goods-demo-000830,08_daily_goods,08,7ae46b917023b1d7,v2,187459,,,한샘,,,,,
08_daily_goods-demo-000831,08_daily_goods,08,419dd7fa05b171da,v2,0,,,리바트,,,,,
08_daily_goods-demo-000832,08_daily_goods,08,2b68bda2311c6c63,v2,1200,,,스폰지밥,,,,,
08_daily_goods-demo-000833,08_daily_goods,08,85760f436c0aab87,v2,30000,,,이케아,,,,,
08_daily_goods-demo-000834,08_daily_goods,08,1fe86105841cea65,v2,30000,,,카렉스,,,,,
08_daily_goods-demo-000835,08_daily_goods,08,03248d66161d7bb6,v2,40000,,,소르니아,,,,,
08_daily_goods-demo-000836,08_daily_goods,08,907f9f90366eef5e,v2,80000,,,마켓비,,,,,
08_daily_goods-demo-000837,08_daily_goods,08,7ae46b917023b1d7,v2,155860,,,한샘,,,,,
08_daily_goods-demo-000838,08_daily_goods,08,693c5e4817403ea9,v2,3800000,,,클린맥스,,,,,
08_daily_goods-demo-000839,08_daily_goods,08,c1d95076d6b55f65,v2,20000,,,한샘,,,,,
08_daily_goods-demo-000840,08_daily_goods,08,f59d42ed2fac3af4,v2,70000,,,리오가구,,,,,
08_daily_goods-demo-000841,08_daily_goods,08,85760f436c0aab87,v2,30000,,,오토브라이트,,,,,
08_daily_goods-demo-000842,08_daily_goods,08,4f8a1762aa664d22,v2,55000,,,IKEA,,,,,
08_daily_goods-demo-000843,08_daily_goods,08,b6094343f87669b1,v2,250000,,,장미매숀,,,,,
08_daily_goods-demo-000844,08_daily_goods,08,61da2de509a4c317,v2,5000,,,유한락스,,,,,
08_daily_goods-demo-000845,08_daily_goods,08,cd4b40209358f227,v2,2123,,,바이오키미아 네이처,,,,,
08_daily_goods-demo-000846,08_daily_goods,08,b4f0eedd4dffa2b4,v2,1000,,,바스포르,,,,,
08_daily_goods-demo-000847,08_daily_goods,08,0c3ae3fdab2211d9,v2,130000,,,키티,,,,,
08_daily_goods-demo-000848,08_daily_goods,08,7ae46b917023b1d7,v2,75016,,,한샘,,,,,
08_daily_goods-demo-000849,08_daily_goods,08,5dc654f22ff21d39,v2,130000,,,바스포르,,,,,
08_daily_goods-demo-000850,08_daily_goods,08,cd4b40209358f227,v2,2123,,,바이오키미아 네이처,,,,,
08_daily_goods-demo-000851,08_daily_goods,08,a414e87f746bdc4d,v2,130000,,,Hello Kitty,,,,,
08_daily_goods-demo-000852,08_daily_goods,08,85760f436c0aab87,v2,150000,,,이케아,,,,,
08_daily_goods-demo-000853,08_daily_goods,08,d325c782e0f7cd1d,v2,500000,,,에디키즈,,,,,
08_daily_goods-demo-000854,08_daily_goods,08,419dd7fa05b171da,v2,23192,,,리바트,,,,,
08_daily_goods-demo-000855,08_daily_goods,08,7ae46b917023b1d7,v2,108761,,,한샘,,,,,
08_daily_goods-demo-000856,08_daily_goods,08,d558bfaa89bfbcb7,v2,100000,,,소르니아,,,,,
08_daily_goods-demo-000857,08_daily_goods,08,03248d66161d7bb6,v2,40000,,,소르니아,,,,,
08_daily_goods-demo-000858,08_daily_goods,08,d4079216305998a5,v2,80000,,,아이엔지홈,,,,,
08_daily_goods-demo-000859,08_daily_goods,08,3cd12bdab5336c5c,v2,90000,,,까사미아,,,,,
08_daily_goods-demo-000860,08_daily_goods,08,9b29c7ddc941fa78,v2,280000,,,코카콜라,,,,,
08_daily_goods-demo-000861,08_daily_goods,08,419dd7fa05b171da,v2,7732,,,리바트,,,,,
08_daily_goods-demo-000862,08_daily_goods,08,f7b397f6156ffa67,v2,1100000,,,보흥,,,,,
08_daily_goods-demo-000863,08_daily_goods,08,9b29c7ddc941fa78,v2,280000,,,코카콜라,,,,,
08_daily_goods-demo-000864,08_daily_goods,08,57e97cb86de28c12,v2,10000,,,폭스바겐,,,,,
08_daily_goods-demo-000865,08_daily_goods,08,2f03df6fc381d0ea,v2,10000,,,Spectrum,,,,,
08_daily_goods-demo-000866,08_daily_goods,08,8a75e5237cf98905,v2,600000,,,로보락,,,,,
08_daily_goods-demo-000867,08_daily_goods,08,f59d42ed2fac3af4,v2,70000,,,리오가구,,,,,
08_daily_goods-demo-000868,08_daily_goods,08,85760f436c0aab87,v2,30000,,,이케아,,,,,
08_daily_goods-demo-000869,08_daily_goods,08,7ae46b917023b1d7,v2,68139,,,한샘,,,,,
08_daily_goods-demo-000870,08_daily_goods,08,115bf0d759d08796,v2,100000,,,트리니홈,,,,,
08_daily_goods-demo-000871,08_daily_goods,08,3cd12bdab5336c5c,v2,90000,,,까사미아,,,,,
08_daily_goods-demo-000872,08_daily_goods,08,61da2de509a4c317,v2,5000,,,유한락스,,,,,
08_daily_goods-demo-000873,08_daily_goods,08,7ae46b917023b1d7,v2,131050,,,한샘,,,,,
08_daily_goods-demo-000874,08_daily_goods,08,d9bc4aa9fea008c0,v2,280000,,,Coca-Cola,,,,,
08_daily_goods-demo-000875,08_daily_goods,08,7f9fe829f717607f,v2,189000,,,튜즐,,,,,
08_daily_goods-demo-000876,08_daily_goods,08,419dd7fa05b171da,v2,62530,,,리바트,,,,,
08_daily_goods-demo-000877,08_daily_goods,08,7ae46b917023b1d7,v2,200996,,,한샘,,,,,
08_daily_goods-demo-000878,08_daily_goods,08,409e4818a0025062,v2,140000,,,카르텔,,,,,
08_daily_goods-demo-000879,08_daily_goods,08,1fe86105841cea65,v2,30000,,,카렉스,,,,,
08_daily_goods-demo-000880,08_daily_goods,08,c1d95076d6b55f65,v2,20000,,,이케아스타일,,,,,
08_daily_goods-demo-000881,08_daily_goods,08,d9bc4aa9fea008c0,v2,280000,,,Coca-Cola,,,,,
08_daily_goods-demo-000882,08_daily_goods,08,a414e87f746bdc4d,v2,130000,,,Hello Kitty,,,,,
08_daily_goods-demo-000883,08_daily_goods,08,ee567cdb2ff2d25f,v2,0,,,핀란디아,,,,,
08_daily_goods-demo-000884,08_daily_goods,08,c383418342cdcd28,v2,1200000,,,장미매숀,,,,,
08_daily_goods-demo-000885,08_daily_goods,08,409e4818a0025062,v2,140000,,,카르텔,,,,,
08_daily_goods-demo-000886,08_daily_goods,08,a414e87f746bdc4d,v2,130000,,,Hello Kitty,,,,,
08_daily_goods-demo-000887,08_daily_goods,08,d9bc4aa9fea008c0,v2,280000,,,Coca-Cola,,,,,
08_daily_goods-demo-000888,08_daily_goods,08,830dc01e42df79dd,v2,50000,,,벤키즈,,,,,
08_daily_goods-demo-000889,08_daily_goods,08,d0d7b47bde41a90f,v2,50000,,,디쟈트,,,,,
08_daily_goods-demo-000890,08_daily_goods,08,419dd7fa05b171da,v2,150000,,,리바트,,,,,
08_daily_goods-demo-000891,08_daily_goods,08,03248d66161d7bb6,v2,250000,,,소르니아,,,,,
08_daily_goods-demo-000892,08_daily_goods,08,7ae46b917023b1d7,v2,159125,,,한샘,,,,,
08_daily_goods-demo-000893,08_daily_goods,08,57e97cb86de28c12,v2,10000,,,폭스바겐,,,,,
08_daily_goods-demo-000894,08_daily_goods,08,b6094343f87669b1,v2,250000,,,장미매숀,,,,,
08_daily_goods-demo-000895,08_daily_goods,08,03248d66161d7bb6,v2,250000,,,소르니아,,,,,
08_daily_goods-demo-000896,08_daily_goods,08,261f2d75a17aae42,v2,105000,,,세레스홈,,,,,
08_daily_goods-demo-000897,08_daily_goods,08,85760f436c0aab87,v2,150000,,,이케아,,,,,
08_daily_goods-demo-000898,08_daily_goods,08,d325c782e0f7cd1d,v2,500000,,,에디키즈,,,,,
08_daily_goods-demo-000899,08_daily_goods,08,352860c297b5d112,v2,10000,,,에브리봇,,,,,
08_daily_goods-demo-000900,08_daily_goods,08,4f8a1762aa664d22,v2,55000,,,LG,,,,,
08_daily_goods-demo-000901,08_daily_goods,08,7ae46b917023b1d7,v2,153593,,,한샘,,,,,
08_daily_goods-demo-000902,08_daily_goods,08,6ba85a44b0152000,v2,75000,,,로보락,,,,,
08_daily_goods-demo-000903,08_daily_goods,08,7ae46b917023b1d7,v2,117161,,,한샘,,,,,
08_daily_goods-demo-000904,08_daily_goods,08,52cd212ae8918b35,v2,165000,,,ING HOME,,,,,
08_daily_goods-demo-000905,08_daily_goods,08,cd4b40209358f227,v2,2123,,,바이오키미아 네이처,,,,,
08_daily_goods-demo-000906,08_daily_goods,08,85760f436c0aab87,v2,3000,,,이케아,,,,,
08_daily_goods-demo-000907,08_daily_goods,08,830dc01e42df79dd,v2,50000,,,벤키즈,,,,,
08_daily_goods-demo-000908,08_daily_goods,08,d325c782e0f7cd1d,v2,500000,,,에디키즈,,,,,
08_daily_goods-demo-000909,08_daily_goods,08,3cd12bdab5336c5c,v2,90000,,,까사미아,,,,,
08_daily_goods-demo-000910,08_daily_goods,08,409e4818a0025062,v2,140000,,,카르텔,,,,,
08_daily_goods-demo-000911,08_daily_goods,08,419dd7fa05b171da,v2,25883,,,리바트,,,,,
08_daily_goods-demo-000912,08_daily_goods,08,2b68bda2311c6c63,v2,1200,,,스폰지밥,,,,,
08_daily_goods-demo-000913,08_daily_goods,08,9d76e42d47546dcf,v2,55000,,,란가구,,,,,
08_daily_goods-demo-000914,08_daily_goods,08,0c3ae3fdab2211d9,v2,130000,,,키티,,,,,
08_daily_goods-demo-000915,08_daily_goods,08,d9bc4aa9fea008c0,v2,280000,,,Coca-Cola,,,,,
08_daily_goods-demo-000916,08_daily_goods,08,419dd7fa05b171da,v2,90883,,,리바트,,,,,
08_daily_goods-demo-000917,08_daily_goods,08,03248d66161d7bb6,v2,250000,,,소르니아,,,,,
08_daily_goods-demo-000918,08_daily_goods,08,409e4818a0025062,v2,140000,,,카르텔,,,,,
08_daily_goods-demo-000919,08_daily_goods,08,2f03df6fc381d0ea,v2,10000,,,Spectrum,,,,,
08_daily_goods-demo-000920,08_daily_goods,08,f7b397f6156ffa67,v2,1100000,,,보흥,,,,,
08_daily_goods-demo-000921,08_daily_goods,08,03248d66161d7bb6,v2,40000,,,소르니아,,,,,
08_daily_goods-demo-000922,08_daily_goods,08,419dd7fa05b171da,v2,85190,,,리바트,,,,,
08_daily_goods-demo-000923,08_daily_goods,08,85760f436c0aab87,v2,30000,,,이케아,,,,,
08_daily_goods-demo-000924,08_daily_goods,08,419dd7fa05b171da,v2,114124,,,리바트,,,,,
08_daily_goods-demo-000925,08_daily_goods,08,ca3ea09d36ae244d,v2,319000,,,로맨틱캬바레,,,,,
08_daily_goods-demo-000926,08_daily_goods,08,419dd7fa05b171da,v2,43777,,,리바트,,,,,
08_daily_goods-demo-000927,08_daily_goods,08,693c5e4817403ea9,v2,3800000,,,클린맥스,,,,,
08_daily_goods-demo-000928,08_daily_goods,08,b4ec91150821d809,v2,60000,,,리케이,,,,,
08_daily_goods-demo-000929,08_daily_goods,08,1fe86105841cea65,v2,30000,,,카렉스,,,,,
08_daily_goods-demo-000930,08_daily_goods,08,71494ab759adb9c0,v2,600000,,,아이엔지홈,,,,,
08_daily_goods-demo-000931,08_daily_goods,08,d558bfaa89bfbcb7,v2,100000,,,모던하우스,,,,,
08_daily_goods-demo-000932,08_daily_goods,08,b4ec91150821d809,v2,60000,,,리케이,,,,,
08_daily_goods-demo-000933,08_daily_goods,08,c1d95076d6b55f65,v2,20000,,,이케아스타일,,,,,
08_daily_goods-demo-000934,08_daily_goods,08,0c3ae3fdab2211d9,v2,150000,,,키티,,,,,
08_daily_goods-demo-000935,08_daily_goods,08,48165812a3fe2b42,v2,1000000,,,우드아뜰리에,,,,,
08_daily_goods-demo-000936,08_daily_goods,08,419dd7fa05b171da,v2,65956,,,리바트,,,,,
08_daily_goods-demo-000937,08_daily_goods,08,1fe86105841cea65,v2,30000,,,카렉스,,,,,
08_daily_goods-demo-000938,08_daily_goods,08,9d76e42d47546dcf,v2,55000,,,란가구,,,,,
08_daily_goods-demo-000939,08_daily_goods,08,830dc01e42df79dd,v2,50000,,,벤키즈,,,,,
08_daily_goods-demo-000940,08_daily_goods,08,d0d7b47bde41a90f,v2,50000,,,디쟈트,,,,,
08_daily_goods-demo-000941,08_daily_goods,08,cd4b40209358f227,v2,2123,,,바이오키미아 네이처,,,,,
08_daily_goods-demo-000942,08_daily_goods,08,9cd23d7fdcccb68f,v2,180000,,,미라지가구,,,,,
08_daily_goods-demo-000943,08_daily_goods,08,970014906da9e7ed,v2,350000,,,네일앤트리,,,,,
08_daily_goods-demo-000944,08_daily_goods,08,61da2de509a4c317,v2,5000,,,유한락스,,,,,
08_daily_goods-demo-000945,08_daily_goods,08,9a365be035ede42a,v2,38000,,,IKEA,,,,,
08_daily_goods-demo-000946,08_daily_goods,08,c1d95076d6b55f65,v2,20000,,,이케아스타일,,,,,
08_daily_goods-demo-000947,08_daily_goods,08,9cd23d7fdcccb68f,v2,180000,,,미라지가구,,,,,
08_daily_goods-demo-000948,08_daily_goods,08,c1f70f347e607dc1,v2,120000,,,데스커,,,,,
08_daily_goods-demo-000949,08_daily_goods,08,419dd7fa05b171da,v2,150000,,,리바트,,,,,
08_daily_goods-demo-000950,08_daily_goods,08,6ba85a44b0152000,v2,75000,,,카레클린트,,,,,
08_daily_goods-demo-000951,08_daily_goods,08,115bf0d759d08796,v2,100000,,,로보락,,,,,
08_daily_goods-demo-000952,08_daily_goods,08,115bf0d759d08796,v2,100000,,,트리니홈,,,,,
08_daily_goods-demo-000953,08_daily_goods,08,419dd7fa05b171da,v2,0,,,리바트,,,,,
08_daily_goods-demo-000954,08_daily_goods,08,7ae46b917023b1d7,v2,94049,,,한샘,,,,,
08_daily_goods-demo-000955,08_daily_goods,08,61da2de509a4c317,v2,5000,,,유한락스,,,,,
08_daily_goods-demo-000956,08_daily_goods,08,aba2cfbf9c5da660,v2,39000,,,수납왕,,,,,
08_daily_goods-demo-000957,08_daily_goods,08,52cd212ae8918b35,v2,165000,,,ING HOME,,,,,
08_daily_goods-demo-000958,08_daily_goods,08,693c5e4817403ea9,v2,3800000,,,클린맥스,,,,,
08_daily_goods-demo-000959,08_daily_goods,08,9b29c7ddc941fa78,v2,280000,,,코카콜라,,,,,
08_daily_goods-demo-000960,08_daily_goods,08,2f03df6fc381d0ea,v2,10000,,,로보락,,,,,
08_daily_goods-demo-000961,08_daily_goods,08,419dd7fa05b171da,v2,121905,,,리바트,,,,,
08_daily_goods-demo-000962,08_daily_goods,08,ca3ea09d36ae244d,v2,319000,,,로맨틱캬바레,,,,,
08_daily_goods-demo-000963,08_daily_goods,08,2f03df6fc381d0ea,v2,10000,,,Spectrum,,,,,
08_daily_goods-demo-000964,08_daily_goods,08,cd4b40209358f227,v2,2123,,,바이오키미아 네이처,,,,,
08_daily_goods-demo-000965,08_daily_goods,08,0c3ae3fdab2211d9,v2,150000,,,키티,,,,,
08_daily_goods-demo-000966,08_daily_goods,08,36960462ea8de647,v2,200000,,,리샘,,,,,
08_daily_goods-demo-000967,08_daily_goods,08,d0d7b47bde41a90f,v2,50000,,,디쟈트,,,,,
08_daily_goods-demo-000968,08_daily_goods,08,9cd23d7fdcccb68f,v2,180000,,,미라지가구,,,,,
08_daily_goods-demo-000969,08_daily_goods,08,ca3ea09d36ae244d,v2,319000,,,로맨틱캬바레,,,,,
08_daily_goods-demo-000970,08_daily_goods,08,8584298e2ca7f855,v2,380000,,,오르다,,,,,
08_daily_goods-demo-000971,08_daily_goods,08,03248d66161d7bb6,v2,250000,,,소르니아,,,,,
08_daily_goods-demo-000972,08_daily_goods,08,7ae46b917023b1d7,v2,70515,,,오토브라이트,,,,,
08_daily_goods-demo-000973,08_daily_goods,08,d0d7b47bde41a90f,v2,50000,,,디쟈트,,,,,
08_daily_goods-demo-000974,08_daily_goods,08,99b7bfe9d43be4ff,v2,2300000,,,USM,,,,,
08_daily_goods-demo-000975,08_daily_goods,08,c1f70f347e607dc1,v2,120000,,,데스커,,,,,
08_daily_goods-demo-000976,08_daily_goods,08,7ae46b917023b1d7,v2,91064,,,한샘,,,,,
08_daily_goods-demo-000977,08_daily_goods,08,8584298e2ca7f855,v2,380000,,,오르다,,,,,
08_daily_goods-demo-000978,08_daily_goods,08,7fb2292126eb87b9,v2,400000,,,씨에스테크,,,,,
08_daily_goods-demo-000979,08_daily_goods,08,d4079216305998a5,v2,80000,,,아이엔지홈,,,,,
08_daily_goods-demo-000980,08_daily_goods,08,ca3ea09d36ae244d,v2,319000,,,로맨틱캬바레,,,,,
08_daily_goods-demo-000981,08_daily_goods,08,0c3ae3fdab2211d9,v2,130000,,,키티,,,,,
08_daily_goods-demo-000982,08_daily_goods,08,7ae46b917023b1d7,v2,184266,,,한샘,,,,,
08_daily_goods-demo-000983,08_daily_goods,08,7b005066562cd0b1,v2,4000,,,무인양품,,,,,
08_daily_goods-demo-000984,08_daily_goods,08,7ae46b917023b1d7,v2,167296,,,한샘,,,,,
08_daily_goods-demo-000985,08_daily_goods,08,c383418342cdcd28,v2,1200000,,,아펜즈,,,,,
08_daily_goods-demo-000986,08_daily_goods,08,115bf0d759d08796,v2,100000,,,트리니홈,,,,,
08_daily_goods-demo-000987,08_daily_goods,08,1fe86105841cea65,v2,30000,,,카렉스,,,,,
08_daily_goods-demo-000988,08_daily_goods,08,7ae46b917023b1d7,v2,195756,,,한샘,,,,,
08_daily_goods-demo-000989,08_daily_goods,08,d0d7b47bde41a90f,v2,50000,,,디쟈트,,,,,
08_daily_goods-demo-000990,08_daily_goods,08,16576aaba4773485,v2,2123,,,누니큐,,,,,
08_daily_goods-demo-000991,08_daily_goods,08,970014906da9e7ed,v2,350000,,,네일앤트리,,,,,
08_daily_goods-demo-000992,08_daily_goods,08,03248d66161d7bb6,v2,40000,,,소르니아,,,,,
08_daily_goods-demo-000993,08_daily_goods,08,cd4b40209358f227,v2,2123,,,바이오키미아 네이처,,,,,
08_daily_goods-demo-000994,08_daily_goods,08,b4f0eedd4dffa2b4,v2,1000,,,오토브라이트,,,,,
08_daily_goods-demo-000995,08_daily_goods,08,419dd7fa05b171da,v2,23249,,,리바트,,,,,
08_daily_goods-demo-000996,08_daily_goods,08,d4079216305998a5,v2,80000,,,아이엔지홈,,,,,
08_daily_goods-demo-000997,08_daily_goods,08,2cbcd13b103333fd,v2,50000,,,웰존,,,,,
08_daily_goods-demo-000998,08_daily_goods,08,84d93153ad5945bf,v2,180000,,,desker,,,,,
08_daily_goods-demo-000999,08_daily_goods,08,9a365be035ede42a,v2,38000,,,IKEA,,,,,
