item_id,category_name,category_code,spec_key_hash,hash_version,used_price,brand,product_name,item_type,capacity_ml,condition,piece_count,line_series,fragrance_type
11_beauty-demo-000000,11_beauty,11,34f3e9214fbc2143,v2,15000,크리드,,,,,,,
11_beauty-demo-000001,11_beauty,11,2ecd558c02680368,v2,381985,다이슨,,,,,,,
11_beauty-demo-000002,11_beauty,11,1a3886aae69773be,v2,46000,비컴프,,,,,,,
11_beauty-demo-000003,11_beauty,11,06ffa7f53271b59e,v2,47000,베르사체,,,,,,,
11_beauty-demo-000004,11_beauty,11,e98493fe760189cf,v2,16725,샤넬,,,,,,,
11_beauty-demo-000005,11_beauty,11,712c7bda9c1d6f13,v2,82000,랄프로렌,,,,,,,
11_beauty-demo-000006,11_beauty,11,b93a92587b2d5094,v2,250000,구찌,,,,,,,
11_beauty-demo-000007,11_beauty,11,933164cd2619ea4c,v2,32000,미쿠,,,,,,,
11_beauty-demo-000008,11_beauty,11,b50ebb33b9f0c9f1,v2,55877,러쉬,,,,,,,
11_beauty-demo-000009,11_beauty,11,4bd08d8c5a2c0753,v2,30000,BSW,,,,,,,
11_beauty-demo-000010,11_beauty,11,e556374660d1310f,v2,70000,베르니엘,,,,,,,
11_beauty-demo-000011,11_beauty,11,43a683e0439c33a2,v2,58000,몽블랑,,,,,,,
11_beauty-demo-000012,11_beauty,11,d17f52f08f7cd0ba,v2,16000,CRASTS,,,,,,,
11_beauty-demo-000013,11_beauty,11,c8bf3a09557f1f7d,v2,10000,와디즈 더퍼퓸,,,,,,,
11_beauty-demo-000014,11_beauty,11,6a24e666b2ae3a35,v2,70000,레가토,,,,,,,
11_beauty-demo-000015,11_beauty,11,4c9d8d0676d8be2a,v2,63426,JMW,,,,,,,
11_beauty-demo-000016,11_beauty,11,6dc065dff929711c,v2,55000,골드필드앤뱅크스,,,,,,,
11_beauty-demo-000017,11_beauty,11,4c9d8d0676d8be2a,v2,40542,JMW,,,,,,,
11_beauty-demo-000018,11_beauty,11,a2697e962d6819fc,v2,42000,탬버린즈,,,,,,,
11_beauty-demo-000019,11_beauty,11,aafc9d452b6fdee1,v2,65000,메튜장,,,,,,,
11_beauty-demo-000020,11_beauty,11,a0e1c345c4b42f66,v2,40000,VTT,,,,,,,
11_beauty-demo-000021,11_beauty,11,d74216da3ce27d6e,v2,130000,펫다움,,,,,,,
11_beauty-demo-000022,11_beauty,11,4c9d8d0676d8be2a,v2,89711,JMW,,,,,,,
11_beauty-demo-000023,11_beauty,11,76fdd7459ec98ff3,v2,32000,다슈,,,,,,,
11_beauty-demo-000024,11_beauty,11,9ff1cec5cc882c2b,v2,95001,샤크,,,,,,,
11_beauty-demo-000025,11_beauty,11,4c9d8d0676d8be2a,v2,85328,JMW,,,,,,,
11_beauty-demo-000026,11_beauty,11,baaafcc3d6dfbf78,v2,130000,에르메스,,,,,,,
11_beauty-demo-000027,11_beauty,11,1a3886aae69773be,v2,46000,비컴프,,,,,,,
11_beauty-demo-000028,11_beauty,11,bff3144d4c53c55f,v2,14500,르꽁떼,,,,,,,
11_beauty-demo-000029,11_beauty,11,c2434060154fe210,v2,70000000,OOM Studio,,,,,,,
11_beauty-demo-000030,11_beauty,11,a2697e962d6819fc,v2,42000,겐조,,,,,,,
11_beauty-demo-000031,11_beauty,11,6218c17f6747a5b3,v2,85000,지미추,,,,,,,
11_beauty-demo-000032,11_beauty,11,5f6c63d89b0056a9,v2,18000,W.dressroom,,,,,,,
11_beauty-demo-000033,11_beauty,11,8555e0e8607bcf46,v2,15000,CK 이노베이션,,,,,,,
11_beauty-demo-000034,11_beauty,11,9ff1cec5cc882c2b,v2,95000,샤크,,,,,,,
11_beauty-demo-000035,11_beauty,11,712c7bda9c1d6f13,v2,82000,랄프로렌,,,,,,,
11_beauty-demo-000036,11_beauty,11,8fcf1f8898622ae6,v2,41924,차이슨,,,,,,,
11_beauty-demo-000037,11_beauty,11,3870bca04e898023,v2,270000,Parfums de Marly,,,,,,,
11_beauty-demo-000038,11_beauty,11,d74216da3ce27d6e,v2,130000,루킨스,,,,,,,
11_beauty-demo-000039,11_beauty,11,3870bca04e898023,v2,270000,Parfums de Marly,,,,,,,
11_beauty-demo-000040,11_beauty,11,5b78a7c0bd2b13ec,v2,60000,딥디크,,,,,,,
11_beauty-demo-000041,11_beauty,11,e4b29ed53f6ee9cc,v2,59000,라코스테,,,,,,,
11_beauty-demo-000042,11_beauty,11,8fcf1f8898622ae6,v2,37226,차이슨,,,,,,,
11_beauty-demo-000043,11_beauty,11,7effc079681b18dc,v2,150000,필립스,,,,,,,
11_beauty-demo-000044,11_beauty,11,168469fbf89f793a,v2,81000,샤오미 ROIDMI,,,,,,,
11_beauty-demo-000045,11_beauty,11,2ecd558c02680368,v2,358124,다이슨,,,,,,,
11_beauty-demo-000046,11_beauty,11,aafc9d452b6fdee1,v2,65000,르꽁떼,,,,,,,
11_beauty-demo-000047,11_beauty,11,2b6751e84dfcadec,v2,430000,루비이통,,,,,,,
11_beauty-demo-000048,11_beauty,11,4c88095ad540f5be,v2,270000,오르메,,,,,,,
11_beauty-demo-000049,11_beauty,11,f683697adaa218e5,v2,45000,딩동펫,,,,,,,
11_beauty-demo-000050,11_beauty,11,4c9d8d0676d8be2a,v2,60875,JMW,,,,,,,
11_beauty-demo-000051,11_beauty,11,9ff1cec5cc882c2b,v2,95000,샤크,,,,,,,
11_beauty-demo-000052,11_beauty,11,744fd9aa4799fab1,v2,5000,엘라,,,,,,,
11_beauty-demo-000053,11_beauty,11,8fcf1f8898622ae6,v2,42480,차이슨,,,,,,,
11_beauty-demo-000054,11_beauty,11,556b4854d0f80c4e,v2,90000,무아스,,,,,,,
11_beauty-demo-000055,11_beauty,11,168469fbf89f793a,v2,81000,샤오미 ROIDMI,,,,,,,
11_beauty-demo-000056,11_beauty,11,dd2fec521b684a54,v2,16600,블라우풍트,,,,,,,
11_beauty-demo-000057,11_beauty,11,2ecd558c02680368,v2,320457,다이슨,,,,,,,
11_beauty-demo-000058,11_beauty,11,2b585babd7ab5683,v2,69199,유닉스,,,,,,,
11_beauty-demo-000059,11_beauty,11,16c9c78961cad418,v2,75000,드리미,,,,,,,
11_beauty-demo-000060,11_beauty,11,4c9d8d0676d8be2a,v2,53328,파테크,,,,,,,
11_beauty-demo-000061,11_beauty,11,2ee5f7e0865c69ca,v2,16000,입생로랑,,,,,,,
11_beauty-demo-000062,11_beauty,11,d17f52f08f7cd0ba,v2,16000,CRASTS,,,,,,,
11_beauty-demo-000063,11_beauty,11,e98493fe760189cf,v2,17852,샤넬,,,,,,,
11_beauty-demo-000064,11_beauty,11,4c9d8d0676d8be2a,v2,51881,JMW,,,,,,,
11_beauty-demo-000065,11_beauty,11,bf07d49a245f12b6,v2,88400,유닉스,,,,,,,
11_beauty-demo-000066,11_beauty,11,8a8780bff00d01f4,v2,15000,탬버린즈,,,,,,,
11_beauty-demo-000067,11_beauty,11,f5fd57585c28a1d5,v2,77000,비버리힐즈 폴로클럽,,,,,,,
11_beauty-demo-000068,11_beauty,11,cc4fe476d1d29b6f,v2,79000,Boral,,,,,,,
11_beauty-demo-000069,11_beauty,11,e47c056cf6a0e68b,v2,15000,펫다움,,,,,,,
11_beauty-demo-000070,11_beauty,11,4c9d8d0676d8be2a,v2,73508,JMW,,,,,,,
11_beauty-demo-000071,11_beauty,11,a0e1c345c4b42f66,v2,40000,VTT,,,,,,,
11_beauty-demo-000072,11_beauty,11,f83b25e9e5b2bf3d,v2,30000,이프아이,,,,,,,
11_beauty-demo-000073,11_beauty,11,f83b25e9e5b2bf3d,v2,30000,이프아이,,,,,,,
11_beauty-demo-000074,11_beauty,11,50670bbc228f1e2f,v2,37000,메종마르지엘라,,,,,,,
11_beauty-demo-000075,11_beauty,11,4c9d8d0676d8be2a,v2,45091,JMW,,,,,,,
11_beauty-demo-000076,11_beauty,11,16c9c78961cad418,v2,75000,드리미,,,,,,,
11_beauty-demo-000077,11_beauty,11,e47a5fbd8e592dbf,v2,59000,까르띠에,,,,,,,
11_beauty-demo-000078,11_beauty,11,5ff0af966a817afc,v2,62000,벤하임,,,,,,,
11_beauty-demo-000079,11_beauty,11,f683697adaa218e5,v2,45000,딩동펫,,,,,,,
11_beauty-demo-000080,11_beauty,11,04aed5e2cf573475,v2,19000,루이비통,,,,,,,
11_beauty-demo-000081,11_beauty,11,cc4fe476d1d29b6f,v2,79000,Boral,,,,,,,
11_beauty-demo-000082,11_beauty,11,8fcf1f8898622ae6,v2,37371,차이슨,,,,,,,
11_beauty-demo-000083,11_beauty,11,a2697e962d6819fc,v2,36000,겐조,,,,,,,
11_beauty-demo-000084,11_beauty,11,879a4e408bb59d4c,v2,6000,샤크,,,,,,,
11_beauty-demo-000085,11_beauty,11,df8207f1e97db2c0,v2,200000,르 라보,,,,,,,
11_beauty-demo-000086,11_beauty,11,4c9d8d0676d8be2a,v2,67107,JMW,,,,,,,
11_beauty-demo-000087,11_beauty,11,cc4fe476d1d29b6f,v2,79000,Boral,,,,,,,
11_beauty-demo-000088,11_beauty,11,34f3e9214fbc2143,v2,15000,크리드,,,,,,,
11_beauty-demo-000089,11_beauty,11,f4b464dccabfe323,v2,4000,레카,,,,,,,
11_beauty-demo-000090,11_beauty,11,e900e22157002d83,v2,42000,샤크,,,,,,,
11_beauty-demo-000091,11_beauty,11,4c9d8d0676d8be2a,v2,81519,JMW,,,,,,,
11_beauty-demo-000092,11_beauty,11,d046146efa8b02c9,v2,8000,파테크,,,,,,,
11_beauty-demo-000093,11_beauty,11,8fcf1f8898622ae6,v2,40600,차이슨,,,,,,,
11_beauty-demo-000094,11_beauty,11,2b585babd7ab5683,v2,115321,베르사체,,,,,,,
11_beauty-demo-000095,11_beauty,11,2b585babd7ab5683,v2,7028,유닉스,,,,,,,
11_beauty-demo-000096,11_beauty,11,4c9d8d0676d8be2a,v2,41913,차이슨,,,,,,,
11_beauty-demo-000097,11_beauty,11,712c7bda9c1d6f13,v2,82000,랄프로렌,,,,,,,
11_beauty-demo-000098,11_beauty,11,e9304829da0ea704,v2,115000,비달사순,,,,,,,
11_beauty-demo-000099,11_beauty,11,2ee5f7e0865c69ca,v2,70000,입생로랑,,,,,,,
11_beauty-demo-000100,11_beauty,11,1450030d053f83a4,v2,18000,동네꽃집,,,,,,,
11_beauty-demo-000101,11_beauty,11,30aa86e1a64475ff,v2,50000,디올,,,,,,,
11_beauty-demo-000102,11_beauty,11,2b585babd7ab5683,v2,76540,유닉스,,,,,,,
11_beauty-demo-000103,11_beauty,11,2b585babd7ab5683,v2,17223,유닉스,,,,,,,
11_beauty-demo-000104,11_beauty,11,4c88095ad540f5be,v2,270000,오르메,,,,,,,
11_beauty-demo-000105,11_beauty,11,4c9d8d0676d8be2a,v2,80216,JMW,,,,,,,
11_beauty-demo-000106,11_beauty,11,8fcf1f8898622ae6,v2,43056,메종마르지엘라,,,,,,,
11_beauty-demo-000107,11_beauty,11,2b585babd7ab5683,v2,117902,유닉스,,,,,,,
11_beauty-demo-000108,11_beauty,11,f683697adaa218e5,v2,50000,딩동펫,,,,,,,
11_beauty-demo-000109,11_beauty,11,38a4e2e7a139e4fc,v2,70000,메종마르지엘라,,,,,,,
11_beauty-demo-000110,11_beauty,11,d17f52f08f7cd0ba,v2,16000,CRASTS,,,,,,,
11_beauty-demo-000111,11_beauty,11,e98493fe760189cf,v2,17634,샤넬,,,,,,,
11_beauty-demo-000112,11_beauty,11,2ee5f7e0865c69ca,v2,130000,입생로랑,,,,,,,
11_beauty-demo-000113,11_beauty,11,2ee5f7e0865c69ca,v2,70000,입생로랑,,,,,,,
11_beauty-demo-000114,11_beauty,11,933164cd2619ea4c,v2,32000,미쿠,,,,,,,
11_beauty-demo-000115,11_beauty,11,b50ebb33b9f0c9f1,v2,40187,러쉬,,,,,,,
11_beauty-demo-000116,11_beauty,11,68b98d9390d5d1a9,v2,220000,이니시오,,,,,,,
11_beauty-demo-000117,11_beauty,11,879a4e408bb59d4c,v2,6000,예스뷰티,,,,,,,
11_beauty-demo-000118,11_beauty,11,34f3e9214fbc2143,v2,15000,크리드,,,,,,,
11_beauty-demo-000119,11_beauty,11,4c9d8d0676d8be2a,v2,45085,JMW,,,,,,,
11_beauty-demo-000120,11_beauty,11,a5cb7777628c3b61,v2,110000,두즈,,,,,,,
11_beauty-demo-000121,11_beauty,11,df8207f1e97db2c0,v2,200000,르 라보,,,,,,,
11_beauty-demo-000122,11_beauty,11,baaafcc3d6dfbf78,v2,130000,에르메스,,,,,,,
11_beauty-demo-000123,11_beauty,11,342c0c3c7c9665d4,v2,90000,끌로에,,,,,,,
11_beauty-demo-000124,11_beauty,11,f493146f1bc5bb68,v2,18000,헉슬리,,,,,,,
11_beauty-demo-000125,11_beauty,11,ff7e1f545f62e301,v2,30000,딥디크,,,,,,,
11_beauty-demo-000126,11_beauty,11,36fe0509135aa8be,v2,10000,몽클레르,,,,,,,
11_beauty-demo-000127,11_beauty,11,1450030d053f83a4,v2,18000,동네꽃집,,,,,,,
11_beauty-demo-000128,11_beauty,11,b50ebb33b9f0c9f1,v2,31564,러쉬,,,,,,,
11_beauty-demo-000129,11_beauty,11,2b585babd7ab5683,v2,98938,유닉스,,,,,,,
11_beauty-demo-000130,11_beauty,11,744fd9aa4799fab1,v2,5000,엘라,,,,,,,
11_beauty-demo-000131,11_beauty,11,64a6c91d28fafd44,v2,140000,아르마니,,,,,,,
11_beauty-demo-000132,11_beauty,11,f83b25e9e5b2bf3d,v2,30000,이프아이,,,,,,,
11_beauty-demo-000133,11_beauty,11,9ff1cec5cc882c2b,v2,95000,샤크,,,,,,,
11_beauty-demo-000134,11_beauty,11,8a9515f63839f978,v2,20000,테팔,,,,,,,
11_beauty-demo-000135,11_beauty,11,34f3e9214fbc2143,v2,15000,SHIRO,,,,,,,
11_beauty-demo-000136,11_beauty,11,4c9d8d0676d8be2a,v2,80154,JMW,,,,,,,
11_beauty-demo-000137,11_beauty,11,30aa86e1a64475ff,v2,15000,디올,,,,,,,
11_beauty-demo-000138,11_beauty,11,ee0961d704a69aff,v2,20000,애터미,,,,,,,
11_beauty-demo-000139,11_beauty,11,04aed5e2cf573475,v2,19000,루이비통,,,,,,,
11_beauty-demo-000140,11_beauty,11,b93a92587b2d5094,v2,115000,구찌,,,,,,,
11_beauty-demo-000141,11_beauty,11,2b585babd7ab5683,v2,48921,유닉스,,,,,,,
11_beauty-demo-000142,11_beauty,11,b0e41deb6c4e74fe,v2,48000,리히텐,,,,,,,
11_beauty-demo-000143,11_beauty,11,43a683e0439c33a2,v2,58000,몽블랑,,,,,,,
11_beauty-demo-000144,11_beauty,11,c8bf3a09557f1f7d,v2,10000,와디즈 더퍼퓸,,,,,,,
11_beauty-demo-000145,11_beauty,11,2ee5f7e0865c69ca,v2,16000,입생로랑,,,,,,,
11_beauty-demo-000146,11_beauty,11,c8bf3a09557f1f7d,v2,10000,와디즈 더퍼퓸,,,,,,,
11_beauty-demo-000147,11_beauty,11,d046146efa8b02c9,v2,10000,파테크,,,,,,,
11_beauty-demo-000148,11_beauty,11,06ffa7f53271b59e,v2,47000,베르사체,,,,,,,
11_beauty-demo-000149,11_beauty,11,7a5a99ebf4794c1a,v2,200000,마르세이유,,,,,,,
11_beauty-demo-000150,11_beauty,11,933164cd2619ea4c,v2,32000,미쿠,,,,,,,
11_beauty-demo-000151,11_beauty,11,8fcf1f8898622ae6,v2,42175,차이슨,,,,,,,
11_beauty-demo-000152,11_beauty,11,9ff1cec5cc882c2b,v2,95000,이니시오,,,,,,,
11_beauty-demo-000153,11_beauty,11,4c9d8d0676d8be2a,v2,38809,JMW,,,,,,,
11_beauty-demo-000154,11_beauty,11,4c9d8d0676d8be2a,v2,71710,JMW,,,,,,,
11_beauty-demo-000155,11_beauty,11,b93a92587b2d5094,v2,115000,구찌,,,,,,,
11_beauty-demo-000156,11_beauty,11,2ee5f7e0865c69ca,v2,16000,입생로랑,,,,,,,
11_beauty-demo-000157,11_beauty,11,2ee5f7e0865c69ca,v2,16000,입생로랑,,,,,,,
11_beauty-demo-000158,11_beauty,11,2b585babd7ab5683,v2,85557,유닉스,,,,,,,
11_beauty-demo-000159,11_beauty,11,b50ebb33b9f0c9f1,v2,101192,러쉬,,,,,,,
11_beauty-demo-000160,11_beauty,11,e98493fe760189cf,v2,16975,샤넬,,,,,,,
11_beauty-demo-000161,11_beauty,11,e98493fe760189cf,v2,18957,샤넬,,,,,,,
11_beauty-demo-000162,11_beauty,11,6218c17f6747a5b3,v2,85000,지미추,,,,,,,
11_beauty-demo-000163,11_beauty,11,8fcf1f8898622ae6,v2,35772,차이슨,,,,,,,
11_beauty-demo-000164,11_beauty,11,7effc079681b18dc,v2,150000,필립스,,,,,,,
11_beauty-demo-000165,11_beauty,11,2a46d968eeaa2804,v2,195000,AERIN,,,,,,,
11_beauty-demo-000166,11_beauty,11,7effc079681b18dc,v2,65000,필립스,,,,,,,
11_beauty-demo-000167,11_beauty,11,2b585babd7ab5683,v2,31786,유닉스,,,,,,,
11_beauty-demo-000168,11_beauty,11,6218c17f6747a5b3,v2,45000,지미추,,,,,,,
11_beauty-demo-000169,11_beauty,11,3878071f0e179af8,v2,43000,겔랑,,,,,,,
11_beauty-demo-000170,11_beauty,11,e9304829da0ea704,v2,115000,비달사순,,,,,,,
11_beauty-demo-000171,11_beauty,11,16c9c78961cad418,v2,75000,드리미,,,,,,,
11_beauty-demo-000172,11_beauty,11,2ecd558c02680368,v2,389079,다이슨,,,,,,,
11_beauty-demo-000173,11_beauty,11,43a683e0439c33a2,v2,63000,몽블랑,,,,,,,
11_beauty-demo-000174,11_beauty,11,aafc9d452b6fdee1,v2,65000,메튜장,,,,,,,
11_beauty-demo-000175,11_beauty,11,a2697e962d6819fc,v2,36000,겐조,,,,,,,
11_beauty-demo-000176,11_beauty,11,38a4e2e7a139e4fc,v2,70000,샤크,,,,,,,
11_beauty-demo-000177,11_beauty,11,43a683e0439c33a2,v2,63000,몽블랑,,,,,,,
11_beauty-demo-000178,11_beauty,11,e9dc1b7662870c11,v2,150000,마르지엘라,,,,,,,
11_beauty-demo-000179,11_beauty,11,5f6c63d89b0056a9,v2,18000,W.dressroom,,,,,,,
11_beauty-demo-000180,11_beauty,11,2b585babd7ab5683,v2,106229,유닉스,,,,,,,
11_beauty-demo-000181,11_beauty,11,d046146efa8b02c9,v2,10000,파테크,,,,,,,
11_beauty-demo-000182,11_beauty,11,30aa86e1a64475ff,v2,55000,디올,,,,,,,
11_beauty-demo-000183,11_beauty,11,e9dc1b7662870c11,v2,150000,마르지엘라,,,,,,,
11_beauty-demo-000184,11_beauty,11,b0e41deb6c4e74fe,v2,48000,리히텐,,,,,,,
11_beauty-demo-000185,11_beauty,11,f5fd57585c28a1d5,v2,77000,비버리힐즈 폴로클럽,,,,,,,
11_beauty-demo-000186,11_beauty,11,8fcf1f8898622ae6,v2,38297,차이슨,,,,,,,
11_beauty-demo-000187,11_beauty,11,87ea35e1b8bb7396,v2,46000,이세이미야케,,,,,,,
11_beauty-demo-000188,11_beauty,11,5b78a7c0bd2b13ec,v2,60000,딥디크,,,,,,,
11_beauty-demo-000189,11_beauty,11,43a683e0439c33a2,v2,63000,몽블랑,,,,,,,
11_beauty-demo-000190,11_beauty,11,06ffa7f53271b59e,v2,54052,베르사체,,,,,,,
11_beauty-demo-000191,11_beauty,11,87ea35e1b8bb7396,v2,46000,이세이미야케,,,,,,,
11_beauty-demo-000192,11_beauty,11,b50ebb33b9f0c9f1,v2,60150,러쉬,,,,,,,
11_beauty-demo-000193,11_beauty,11,e9304829da0ea704,v2,999999,비달사순,,,,,,,
11_beauty-demo-000194,11_beauty,11,8fcf1f8898622ae6,v2,40038,지미추,,,,,,,
11_beauty-demo-000195,11_beauty,11,6218c17f6747a5b3,v2,45000,지미추,,,,,,,
11_beauty-demo-000196,11_beauty,11,2a46d968eeaa2804,v2,195000,비달사순,,,,,,,
11_beauty-demo-000197,11_beauty,11,9d8dd79c61bb7964,v2,40000,다니엘트루스,,,,,,,
11_beauty-demo-000198,11_beauty,11,744fd9aa4799fab1,v2,5000,다이슨,,,,,,,
11_beauty-demo-000199,11_beauty,11,e98493fe760189cf,v2,15047,샤넬,,,,,,,
11_beauty-demo-000200,11_beauty,11,b93a92587b2d5094,v2,87000,구찌,,,,,,,
11_beauty-demo-000201,11_beauty,11,9ff1cec5cc882c2b,v2,95000,샤크,,,,,,,
11_beauty-demo-000202,11_beauty,11,342c0c3c7c9665d4,v2,12000,끌로에,,,,,,,
11_beauty-demo-000203,11_beauty,11,bff3144d4c53c55f,v2,14500,르꽁떼,,,,,,,
11_beauty-demo-000204,11_beauty,11,06ffa7f53271b59e,v2,47000,베르사체,,,,,,,
11_beauty-demo-000205,11_beauty,11,8555e0e8607bcf46,v2,15000,CK 이노베이션,,,,,,,
11_beauty-demo-000206,11_beauty,11,8a9515f63839f978,v2,10000,테팔,,,,,,,
11_beauty-demo-000207,11_beauty,11,8a9515f63839f978,v2,20000,테팔,,,,,,,
11_beauty-demo-000208,11_beauty,11,e9304829da0ea704,v2,999999,비달사순,,,,,,,
11_beauty-demo-000209,11_beauty,11,2ecd558c02680368,v2,317770,다이슨,,,,,,,
11_beauty-demo-000210,11_beauty,11,dd2fec521b684a54,v2,16600,비비앙,,,,,,,
11_beauty-demo-000211,11_beauty,11,712c7bda9c1d6f13,v2,82000,랄프로렌,,,,,,,
11_beauty-demo-000212,11_beauty,11,87ea35e1b8bb7396,v2,46000,이세이미야케,,,,,,,
11_beauty-demo-000213,11_beauty,11,43a683e0439c33a2,v2,63000,몽블랑,,,,,,,
11_beauty-demo-000214,11_beauty,11,4c9d8d0676d8be2a,v2,38774,JMW,,,,,,,
11_beauty-demo-000215,11_beauty,11,342c0c3c7c9665d4,v2,90000,끌로에,,,,,,,
11_beauty-demo-000216,11_beauty,11,87ea35e1b8bb7396,v2,46000,이세이미야케,,,,,,,
11_beauty-demo-000217,11_beauty,11,f4b464dccabfe323,v2,4000,레카,,,,,,,
11_beauty-demo-000218,11_beauty,11,4c9d8d0676d8be2a,v2,83071,JMW,,,,,,,
11_beauty-demo-000219,11_beauty,11,342c0c3c7c9665d4,v2,90000,끌로에,,,,,,,
11_beauty-demo-000220,11_beauty,11,7effc079681b18dc,v2,150000,필립스,,,,,,,
11_beauty-demo-000221,11_beauty,11,4c9d8d0676d8be2a,v2,73817,JMW,,,,,,,
11_beauty-demo-000222,11_beauty,11,b0e41deb6c4e74fe,v2,48000,리히텐,,,,,,,
11_beauty-demo-000223,11_beauty,11,f683697adaa218e5,v2,45000,딩동펫,,,,,,,
11_beauty-demo-000224,11_beauty,11,43a683e0439c33a2,v2,58000,몽블랑,,,,,,,
11_beauty-demo-000225,11_beauty,11,397a1d5286d4eaa5,v2,60000,페르난다,,,,,,,
11_beauty-demo-000226,11_beauty,11,f683697adaa218e5,v2,50000,딩동펫,,,,,,,
11_beauty-demo-000227,11_beauty,11,8fcf1f8898622ae6,v2,37796,차이슨,,,,,,,
11_beauty-demo-000228,11_beauty,11,3870bca04e898023,v2,270000,Parfums de Marly,,,,,,,
11_beauty-demo-000229,11_beauty,11,e9304829da0ea704,v2,115000,비달사순,,,,,,,
11_beauty-demo-000230,11_beauty,11,2ee5f7e0865c69ca,v2,70000,비버리힐즈 폴로클럽,,,,,,,
11_beauty-demo-000231,11_beauty,11,8fcf1f8898622ae6,v2,42355,차이슨,,,,,,,
11_beauty-demo-000232,11_beauty,11,a9860679fff83c15,v2,230000,바툼,,,,,,,
11_beauty-demo-000233,11_beauty,11,1a3886aae69773be,v2,46000,샤크,,,,,,,
11_beauty-demo-000234,11_beauty,11,2a46d968eeaa2804,v2,195000,샤오미 ROIDMI,,,,,,,
11_beauty-demo-000235,11_beauty,11,712c7bda9c1d6f13,v2,62000,비달사순,,,,,,,
11_beauty-demo-000236,11_beauty,11,34f3e9214fbc2143,v2,15000,디올,,,,,,,
11_beauty-demo-000237,11_beauty,11,397a1d5286d4eaa5,v2,60000,페르난다,,,,,,,
11_beauty-demo-000238,11_beauty,11,d046146efa8b02c9,v2,10000,파테크,,,,,,,
11_beauty-demo-000239,11_beauty,11,34f3e9214fbc2143,v2,15000,크리드,,,,,,,
11_beauty-demo-000240,11_beauty,11,e9304829da0ea704,v2,115000,비달사순,,,,,,,
11_beauty-demo-000241,11_beauty,11,2b585babd7ab5683,v2,64677,유닉스,,,,,,,
11_beauty-demo-000242,11_beauty,11,4c9d8d0676d8be2a,v2,75429,JMW,,,,,,,
11_beauty-demo-000243,11_beauty,11,4c9d8d0676d8be2a,v2,78922,JMW,,,,,,,
11_beauty-demo-000244,11_beauty,11,06ffa7f53271b59e,v2,53147,JMW,,,,,,,
11_beauty-demo-000245,11_beauty,11,e47a5fbd8e592dbf,v2,59000,까르띠에,,,,,,,
11_beauty-demo-000246,11_beauty,11,b50ebb33b9f0c9f1,v2,60501,러쉬,,,,,,,
11_beauty-demo-000247,11_beauty,11,d74216da3ce27d6e,v2,130000,루킨스,,,,,,,
11_beauty-demo-000248,11_beauty,11,2a46d968eeaa2804,v2,195000,AERIN,,,,,,,
11_beauty-demo-000249,11_beauty,11,2ecd558c02680368,v2,302246,다이슨,,,,,,,
11_beauty-demo-000250,11_beauty,11,2ecd558c02680368,v2,359445,다이슨,,,,,,,
11_beauty-demo-000251,11_beauty,11,93a0829141cde041,v2,5000,필립스,,,,,,,
11_beauty-demo-000252,11_beauty,11,4c9d8d0676d8be2a,v2,84901,JMW,,,,,,,
11_beauty-demo-000253,11_beauty,11,7effc079681b18dc,v2,65000,필립스,,,,,,,
11_beauty-demo-000254,11_beauty,11,d17f52f08f7cd0ba,v2,16000,CRASTS,,,,,,,
11_beauty-demo-000255,11_beauty,11,e5189427eb704ff4,v2,95000,이솝,,,,,,,
11_beauty-demo-000256,11_beauty,11,3fc2acbbe57c00cc,v2,125000,스테판움베르루카,,,,,,,
11_beauty-demo-000257,11_beauty,11,f5fd57585c28a1d5,v2,77000,비버리힐즈 폴로클럽,,,,,,,
11_beauty-demo-000258,11_beauty,11,4c9d8d0676d8be2a,v2,72505,JMW,,,,,,,
11_beauty-demo-000259,11_beauty,11,34f3e9214fbc2143,v2,15000,크리드,,,,,,,
11_beauty-demo-000260,11_beauty,11,4c9d8d0676d8be2a,v2,52039,에이딕트,,,,,,,
11_beauty-demo-000261,11_beauty,11,5ff0af966a817afc,v2,62000,산타마리아노벨라,,,,,,,
11_beauty-demo-000262,11_beauty,11,34f3e9214fbc2143,v2,15000,크리드,,,,,,,
11_beauty-demo-000263,11_beauty,11,f4b464dccabfe323,v2,4000,동네꽃집,,,,,,,
11_beauty-demo-000264,11_beauty,11,c2434060154fe210,v2,70000000,OOM Studio,,,,,,,
11_beauty-demo-000265,11_beauty,11,9ff1cec5cc882c2b,v2,95000,샤크,,,,,,,
11_beauty-demo-000266,11_beauty,11,30aa86e1a64475ff,v2,15000,디올,,,,,,,
11_beauty-demo-000267,11_beauty,11,b50ebb33b9f0c9f1,v2,19551,러쉬,,,,,,,
11_beauty-demo-000268,11_beauty,11,712c7bda9c1d6f13,v2,82000,랄프로렌,,,,,,,
11_beauty-demo-000269,11_beauty,11,44a4b7a6390877a6,v2,15000,해피,,,,,,,
11_beauty-demo-000270,11_beauty,11,2ecd558c02680368,v2,391750,다이슨,,,,,,,
11_beauty-demo-000271,11_beauty,11,43a683e0439c33a2,v2,45000,불리,,,,,,,
11_beauty-demo-000272,11_beauty,11,9ff1cec5cc882c2b,v2,95000,샤크,,,,,,,
11_beauty-demo-000273,11_beauty,11,4c9d8d0676d8be2a,v2,56431,JMW,,,,,,,
11_beauty-demo-000274,11_beauty,11,e9304829da0ea704,v2,115000,비달사순,,,,,,,
11_beauty-demo-000275,11_beauty,11,e556374660d1310f,v2,70000,베르니엘,,,,,,,
11_beauty-demo-000276,11_beauty,11,712c7bda9c1d6f13,v2,82000,랄프로렌,,,,,,,
11_beauty-demo-000277,11_beauty,11,3870bca04e898023,v2,270000,Parfums de Marly,,,,,,,
11_beauty-demo-000278,11_beauty,11,2ecd558c02680368,v2,329543,다이슨,,,,,,,
11_beauty-demo-000279,11_beauty,11,34f3e9214fbc2143,v2,15000,크리드,,,,,,,
11_beauty-demo-000280,11_beauty,11,4c9d8d0676d8be2a,v2,67046,무아스,,,,,,,
11_beauty-demo-000281,11_beauty,11,f83b25e9e5b2bf3d,v2,30000,이프아이,,,,,,,
11_beauty-demo-000282,11_beauty,11,4c9d8d0676d8be2a,v2,93643,JMW,,,,,,,
11_beauty-demo-000283,11_beauty,11,b6ea0224e50b18ad,v2,260000,르라보,,,,,,,
11_beauty-demo-000284,11_beauty,11,6dc065dff929711c,v2,55000,골드필드앤뱅크스,,,,,,,
11_beauty-demo-000285,11_beauty,11,f83b25e9e5b2bf3d,v2,30000,이프아이,,,,,,,
11_beauty-demo-000286,11_beauty,11,2b585babd7ab5683,v2,102582,유닉스,,,,,,,
11_beauty-demo-000287,11_beauty,11,397a1d5286d4eaa5,v2,60000,페르난다,,,,,,,
11_beauty-demo-000288,11_beauty,11,e47c056cf6a0e68b,v2,15000,펫다움,,,,,,,
11_beauty-demo-000289,11_beauty,11,4c9d8d0676d8be2a,v2,76787,JMW,,,,,,,
11_beauty-demo-000290,11_beauty,11,8fcf1f8898622ae6,v2,40582,차이슨,,,,,,,
11_beauty-demo-000291,11_beauty,11,9ff1cec5cc882c2b,v2,95000,샤크,,,,,,,
11_beauty-demo-000292,11_beauty,11,2ecd558c02680368,v2,370151,다이슨,,,,,,,
11_beauty-demo-000293,11_beauty,11,4bc7a74707f0d1ea,v2,18000,불리,,,,,,,
11_beauty-demo-000294,11_beauty,11,4bd08d8c5a2c0753,v2,30000,BSW,,,,,,,
11_beauty-demo-000295,11_beauty,11,8a9515f63839f978,v2,10000,테팔,,,,,,,
11_beauty-demo-000296,11_beauty,11,4c9d8d0676d8be2a,v2,93654,JMW,,,,,,,
11_beauty-demo-000297,11_beauty,11,ee0961d704a69aff,v2,20000,애터미,,,,,,,
11_beauty-demo-000298,11_beauty,11,aafc9d452b6fdee1,v2,65000,메튜장,,,,,,,
11_beauty-demo-000299,11_beauty,11,c8bf3a09557f1f7d,v2,10000,와디즈 더퍼퓸,,,,,,,
11_beauty-demo-000300,11_beauty,11,b93a92587b2d5094,v2,115000,SHIRO,,,,,,,
11_beauty-demo-000301,11_beauty,11,d74216da3ce27d6e,v2,130000,루킨스,,,,,,,
11_beauty-demo-000302,11_beauty,11,8be07d6ef22174de,v2,23000,무신사스탠다드,,,,,,,
11_beauty-demo-000303,11_beauty,11,4c9d8d0676d8be2a,v2,54759,JMW,,,,,,,
11_beauty-demo-000304,11_beauty,11,36fe0509135aa8be,v2,10000,유닉스,,,,,,,
11_beauty-demo-000305,11_beauty,11,6218c17f6747a5b3,v2,55000,지미추,,,,,,,
11_beauty-demo-000306,11_beauty,11,9ff1cec5cc882c2b,v2,95000,샤크,,,,,,,
11_beauty-demo-000307,11_beauty,11,4c9d8d0676d8be2a,v2,38978,JMW,,,,,,,
11_beauty-demo-000308,11_beauty,11,4c9d8d0676d8be2a,v2,74359,JMW,,,,,,,
11_beauty-demo-000309,11_beauty,11,8fcf1f8898622ae6,v2,40781,차이슨,,,,,,,
11_beauty-demo-000310,11_beauty,11,e5189427eb704ff4,v2,95000,이솝,,,,,,,
11_beauty-demo-000311,11_beauty,11,e98493fe760189cf,v2,13564,샤넬,,,,,,,
11_beauty-demo-000312,11_beauty,11,268a4d5eb692119f,v2,6900,Dior,,,,,,,
11_beauty-demo-000313,11_beauty,11,4c9d8d0676d8be2a,v2,55941,JMW,,,,,,,
11_beauty-demo-000314,11_beauty,11,4c9d8d0676d8be2a,v2,76299,JMW,,,,,,,
11_beauty-demo-000315,11_beauty,11,d74216da3ce27d6e,v2,130000,루킨스,,,,,,,
11_beauty-demo-000316,11_beauty,11,f493146f1bc5bb68,v2,18000,헉슬리,,,,,,,
11_beauty-demo-000317,11_beauty,11,c2434060154fe210,v2,70000000,OOM Studio,,,,,,,
11_beauty-demo-000318,11_beauty,11,b93a92587b2d5094,v2,115000,구찌,,,,,,,
11_beauty-demo-000319,11_beauty,11,8f07581115f58390,v2,8000,천해인,,,,,,,
11_beauty-demo-000320,11_beauty,11,4c9d8d0676d8be2a,v2,41436,JMW,,,,,,,
11_beauty-demo-000321,11_beauty,11,4bc7a74707f0d1ea,v2,18000,불리,,,,,,,
11_beauty-demo-000322,11_beauty,11,68b98d9390d5d1a9,v2,220000,이니시오,,,,,,,
11_beauty-demo-000323,11_beauty,11,bf07d49a245f12b6,v2,40315,조말론,,,,,,,
11_beauty-demo-000324,11_beauty,11,0eabb15f8e784f60,v2,38000,바이레도,,,,,,,
11_beauty-demo-000325,11_beauty,11,43a683e0439c33a2,v2,63000,몽블랑,,,,,,,
11_beauty-demo-000326,11_beauty,11,8be07d6ef22174de,v2,24000,무신사스탠다드,,,,,,,
11_beauty-demo-000327,11_beauty,11,5f6c63d89b0056a9,v2,18000,W.dressroom,,,,,,,
11_beauty-demo-000328,11_beauty,11,b93a92587b2d5094,v2,250000,구찌,,,,,,,
11_beauty-demo-000329,11_beauty,11,4c9d8d0676d8be2a,v2,60247,JMW,,,,,,,
11_beauty-demo-000330,11_beauty,11,38a4e2e7a139e4fc,v2,70000,메종마르지엘라,,,,,,,
11_beauty-demo-000331,11_beauty,11,5f6c63d89b0056a9,v2,18000,W.dressroom,,,,,,,
11_beauty-demo-000332,11_beauty,11,06ffa7f53271b59e,v2,53630,베르사체,,,,,,,
11_beauty-demo-000333,11_beauty,11,e98493fe760189cf,v2,14548,메종마르지엘라,,,,,,,
11_beauty-demo-000334,11_beauty,11,2ee5f7e0865c69ca,v2,130000,입생로랑,,,,,,,
11_beauty-demo-000335,11_beauty,11,4c9d8d0676d8be2a,v2,45053,JMW,,,,,,,
11_beauty-demo-000336,11_beauty,11,44a4b7a6390877a6,v2,15000,해피,,,,,,,
11_beauty-demo-000337,11_beauty,11,87ea35e1b8bb7396,v2,46000,이세이미야케,,,,,,,
11_beauty-demo-000338,11_beauty,11,2ecd558c02680368,v2,366575,다이슨,,,,,,,
11_beauty-demo-000339,11_beauty,11,1fba36815b761f9e,v2,162000,산타마리아노벨라,,,,,,,
11_beauty-demo-000340,11_beauty,11,b50ebb33b9f0c9f1,v2,63266,러쉬,,,,,,,
11_beauty-demo-000341,11_beauty,11,b6ea0224e50b18ad,v2,380000,르라보,,,,,,,
11_beauty-demo-000342,11_beauty,11,34f3e9214fbc2143,v2,15000,크리드,,,,,,,
11_beauty-demo-000343,11_beauty,11,e22f7360542aab82,v2,70000,논픽션,,,,,,,
11_beauty-demo-000344,11_beauty,11,712c7bda9c1d6f13,v2,62000,랄프로렌,,,,,,,
11_beauty-demo-000345,11_beauty,11,52a39471b8b8e544,v2,93000,리네이처,,,,,,,
11_beauty-demo-000346,11_beauty,11,87ea35e1b8bb7396,v2,46000,이세이미야케,,,,,,,
11_beauty-demo-000347,11_beauty,11,2ecd558c02680368,v2,307176,다이슨,,,,,,,
11_beauty-demo-000348,11_beauty,11,2b6751e84dfcadec,v2,430000,루비이통,,,,,,,
11_beauty-demo-000349,11_beauty,11,4c9d8d0676d8be2a,v2,54421,JMW,,,,,,,
11_beauty-demo-000350,11_beauty,11,bff3144d4c53c55f,v2,14500,르꽁떼,,,,,,,
11_beauty-demo-000351,11_beauty,11,a9860679fff83c15,v2,230000,바툼,,,,,,,
11_beauty-demo-000352,11_beauty,11,8fcf1f8898622ae6,v2,35630,차이슨,,,,,,,
11_beauty-demo-000353,11_beauty,11,ee0961d704a69aff,v2,20000,애터미,,,,,,,
11_beauty-demo-000354,11_beauty,11,f7a2a5ce2753523c,v2,25000,이수전자,,,,,,,
11_beauty-demo-000355,11_beauty,11,06ffa7f53271b59e,v2,53672,베르사체,,,,,,,
11_beauty-demo-000356,11_beauty,11,f4b464dccabfe323,v2,4000,레카,,,,,,,
11_beauty-demo-000357,11_beauty,11,e9304829da0ea704,v2,115000,비달사순,,,,,,,
11_beauty-demo-000358,11_beauty,11,8be07d6ef22174de,v2,23000,무신사스탠다드,,,,,,,
11_beauty-demo-000359,11_beauty,11,9ff1cec5cc882c2b,v2,95000,샤크,,,,,,,
11_beauty-demo-000360,11_beauty,11,d046146efa8b02c9,v2,10000,파테크,,,,,,,
11_beauty-demo-000361,11_beauty,11,1450030d053f83a4,v2,18000,동네꽃집,,,,,,,
11_beauty-demo-000362,11_beauty,11,e4b29ed53f6ee9cc,v2,59000,라코스테,,,,,,,
11_beauty-demo-000363,11_beauty,11,50670bbc228f1e2f,v2,37000,보랄,,,,,,,
11_beauty-demo-000364,11_beauty,11,e9dc1b7662870c11,v2,150000,Parfums de Marly,,,,,,,
11_beauty-demo-000365,11_beauty,11,712c7bda9c1d6f13,v2,62000,랄프로렌,,,,,,,
11_beauty-demo-000366,11_beauty,11,dd2fec521b684a54,v2,16600,블라우풍트,,,,,,,
11_beauty-demo-000367,11_beauty,11,30aa86e1a64475ff,v2,50000,디올,,,,,,,
11_beauty-demo-000368,11_beauty,11,3fc2acbbe57c00cc,v2,125000,스테판움베르루카,,,,,,,
11_beauty-demo-000369,11_beauty,11,4bd08d8c5a2c0753,v2,30000,BSW,,,,,,,
11_beauty-demo-000370,11_beauty,11,4c9d8d0676d8be2a,v2,41447,JMW,,,,,,,
11_beauty-demo-000371,11_beauty,11,4c9d8d0676d8be2a,v2,91699,차이슨,,,,,,,
11_beauty-demo-000372,11_beauty,11,d74216da3ce27d6e,v2,130000,루킨스,,,,,,,
11_beauty-demo-000373,11_beauty,11,712c7bda9c1d6f13,v2,82000,랄프로렌,,,,,,,
11_beauty-demo-000374,11_beauty,11,2ee5f7e0865c69ca,v2,16000,랄프로렌,,,,,,,
11_beauty-demo-000375,11_beauty,11,4bc7a74707f0d1ea,v2,18000,불리,,,,,,,
11_beauty-demo-000376,11_beauty,11,a2697e962d6819fc,v2,42000,겐조,,,,,,,
11_beauty-demo-000377,11_beauty,11,e98493fe760189cf,v2,14869,샤넬,,,,,,,
11_beauty-demo-000378,11_beauty,11,9ff1cec5cc882c2b,v2,95000,몽클레르,,,,,,,
11_beauty-demo-000379,11_beauty,11,9d8dd79c61bb7964,v2,40000,다니엘트루스,,,,,,,
11_beauty-demo-000380,11_beauty,11,2ecd558c02680368,v2,392423,다이슨,,,,,,,
11_beauty-demo-000381,11_beauty,11,87ea35e1b8bb7396,v2,46000,이세이미야케,,,,,,,
11_beauty-demo-000382,11_beauty,11,f7a2a5ce2753523c,v2,25000,겐조,,,,,,,
11_beauty-demo-000383,11_beauty,11,88af50101cde7927,v2,150000,다이슨,,,,,,,
11_beauty-demo-000384,11_beauty,11,9ff1cec5cc882c2b,v2,95000,샤크,,,,,,,
11_beauty-demo-000385,11_beauty,11,6218c17f6747a5b3,v2,45000,지미추,,,,,,,
11_beauty-demo-000386,11_beauty,11,dd2fec521b684a54,v2,16600,블라우풍트,,,,,,,
11_beauty-demo-000387,11_beauty,11,4c9d8d0676d8be2a,v2,51044,지미추,,,,,,,
11_beauty-demo-000388,11_beauty,11,2b585babd7ab5683,v2,38276,유닉스,,,,,,,
11_beauty-demo-000389,11_beauty,11,b50ebb33b9f0c9f1,v2,74386,러쉬,,,,,,,
11_beauty-demo-000390,11_beauty,11,30aa86e1a64475ff,v2,50000,무아스,,,,,,,
11_beauty-demo-000391,11_beauty,11,38a4e2e7a139e4fc,v2,70000,메종마르지엘라,,,,,,,
11_beauty-demo-000392,11_beauty,11,f7a2a5ce2753523c,v2,25000,마르지엘라,,,,,,,
11_beauty-demo-000393,11_beauty,11,879a4e408bb59d4c,v2,6000,예스뷰티,,,,,,,
11_beauty-demo-000394,11_beauty,11,16c9c78961cad418,v2,75000,드리미,,,,,,,
11_beauty-demo-000395,11_beauty,11,b50ebb33b9f0c9f1,v2,62144,러쉬,,,,,,,
11_beauty-demo-000396,11_beauty,11,4c88095ad540f5be,v2,270000,오르메,,,,,,,
11_beauty-demo-000397,11_beauty,11,1450030d053f83a4,v2,18000,동네꽃집,,,,,,,
11_beauty-demo-000398,11_beauty,11,8fcf1f8898622ae6,v2,37719,차이슨,,,,,,,
11_beauty-demo-000399,11_beauty,11,e47c056cf6a0e68b,v2,15000,펫다움,,,,,,,
11_beauty-demo-000400,11_beauty,11,f5fd57585c28a1d5,v2,77000,비버리힐즈 폴로클럽,,,,,,,
11_beauty-demo-000401,11_beauty,11,7effc079681b18dc,v2,65000,필립스,,,,,,,
11_beauty-demo-000402,11_beauty,11,bf07d49a245f12b6,v2,56407,조말론,,,,,,,
11_beauty-demo-000403,11_beauty,11,06ffa7f53271b59e,v2,47000,베르사체,,,,,,,
11_beauty-demo-000404,11_beauty,11,06ffa7f53271b59e,v2,51675,베르사체,,,,,,,
11_beauty-demo-000405,11_beauty,11,44a4b7a6390877a6,v2,15000,해피,,,,,,,
11_beauty-demo-000406,11_beauty,11,9ff1cec5cc882c2b,v2,95000,샤크,,,,,,,
11_beauty-demo-000407,11_beauty,11,bf07d49a245f12b6,v2,71923,조말론,,,,,,,
11_beauty-demo-000408,11_beauty,11,9ff1cec5cc882c2b,v2,95000,샤크,,,,,,,
11_beauty-demo-000409,11_beauty,11,16c9c78961cad418,v2,75000,VTT,,,,,,,
11_beauty-demo-000410,11_beauty,11,1fba36815b761f9e,v2,162000,산타마리아노벨라,,,,,,,
11_beauty-demo-000411,11_beauty,11,e900e22157002d83,v2,42000,Dani Mackenzie,,,,,,,
11_beauty-demo-000412,11_beauty,11,8be07d6ef22174de,v2,23000,크리드,,,,,,,
11_beauty-demo-000413,11_beauty,11,0eabb15f8e784f60,v2,38000,바이레도,,,,,,,
11_beauty-demo-000414,11_beauty,11,93a0829141cde041,v2,5000,라멜린,,,,,,,
11_beauty-demo-000415,11_beauty,11,df8207f1e97db2c0,v2,200000,르 라보,,,,,,,
11_beauty-demo-000416,11_beauty,11,e98493fe760189cf,v2,15090,샤넬,,,,,,,
11_beauty-demo-000417,11_beauty,11,9ff1cec5cc882c2b,v2,95000,샤크,,,,,,,
11_beauty-demo-000418,11_beauty,11,e9304829da0ea704,v2,999999,비달사순,,,,,,,
11_beauty-demo-000419,11_beauty,11,4c9d8d0676d8be2a,v2,69070,Dior,,,,,,,
11_beauty-demo-000420,11_beauty,11,30aa86e1a64475ff,v2,15000,샤크,,,,,,,
11_beauty-demo-000421,11_beauty,11,06ffa7f53271b59e,v2,52908,베르사체,,,,,,,
11_beauty-demo-000422,11_beauty,11,30aa86e1a64475ff,v2,55000,디올,,,,,,,
11_beauty-demo-000423,11_beauty,11,2a46d968eeaa2804,v2,195000,AERIN,,,,,,,
11_beauty-demo-000424,11_beauty,11,d74216da3ce27d6e,v2,130000,루킨스,,,,,,,
11_beauty-demo-000425,11_beauty,11,4c9d8d0676d8be2a,v2,58970,JMW,,,,,,,
11_beauty-demo-000426,11_beauty,11,30aa86e1a64475ff,v2,55000,디올,,,,,,,
11_beauty-demo-000427,11_beauty,11,7effc079681b18dc,v2,150000,필립스,,,,,,,
11_beauty-demo-000428,11_beauty,11,b6ea0224e50b18ad,v2,260000,지미추,,,,,,,
11_beauty-demo-000429,11_beauty,11,f83b25e9e5b2bf3d,v2,30000,샤넬,,,,,,,
11_beauty-demo-000430,11_beauty,11,bf07d49a245f12b6,v2,72381,조말론,,,,,,,
11_beauty-demo-000431,11_beauty,11,8fcf1f8898622ae6,v2,43107,차이슨,,,,,,,
11_beauty-demo-000432,11_beauty,11,34f3e9214fbc2143,v2,15000,크리드,,,,,,,
11_beauty-demo-000433,11_beauty,11,68b98d9390d5d1a9,v2,220000,딥디크,,,,,,,
11_beauty-demo-000434,11_beauty,11,6218c17f6747a5b3,v2,55000,지미추,,,,,,,
11_beauty-demo-000435,11_beauty,11,3870bca04e898023,v2,270000,Parfums de Marly,,,,,,,
11_beauty-demo-000436,11_beauty,11,e22f7360542aab82,v2,70000,논픽션,,,,,,,
11_beauty-demo-000437,11_beauty,11,bff3144d4c53c55f,v2,14500,르꽁떼,,,,,,,
11_beauty-demo-000438,11_beauty,11,06ffa7f53271b59e,v2,53517,베르사체,,,,,,,
11_beauty-demo-000439,11_beauty,11,4c9d8d0676d8be2a,v2,81118,Dior,,,,,,,
11_beauty-demo-000440,11_beauty,11,4c9d8d0676d8be2a,v2,37065,JMW,,,,,,,
11_beauty-demo-000441,11_beauty,11,8fcf1f8898622ae6,v2,41491,차이슨,,,,,,,
11_beauty-demo-000442,11_beauty,11,f83b25e9e5b2bf3d,v2,30000,이프아이,,,,,,,
11_beauty-demo-000443,11_beauty,11,b50ebb33b9f0c9f1,v2,89569,러쉬,,,,,,,
11_beauty-demo-000444,11_beauty,11,87ea35e1b8bb7396,v2,46000,이세이미야케,,,,,,,
11_beauty-demo-000445,11_beauty,11,a9860679fff83c15,v2,230000,미쿠,,,,,,,
11_beauty-demo-000446,11_beauty,11,2ee5f7e0865c69ca,v2,16000,입생로랑,,,,,,,
11_beauty-demo-000447,11_beauty,11,4c9d8d0676d8be2a,v2,38729,JMW,,,,,,,
11_beauty-demo-000448,11_beauty,11,f683697adaa218e5,v2,50000,딩동펫,,,,,,,
11_beauty-demo-000449,11_beauty,11,8fcf1f8898622ae6,v2,35352,차이슨,,,,,,,
11_beauty-demo-000450,11_beauty,11,f493146f1bc5bb68,v2,18000,헉슬리,,,,,,,
11_beauty-demo-000451,11_beauty,11,d74216da3ce27d6e,v2,130000,샤크,,,,,,,
11_beauty-demo-000452,11_beauty,11,1a3886aae69773be,v2,46000,비컴프,,,,,,,
11_beauty-demo-000453,11_beauty,11,43a683e0439c33a2,v2,58000,몽블랑,,,,,,,
11_beauty-demo-000454,11_beauty,11,556b4854d0f80c4e,v2,90000,무아스,,,,,,,
11_beauty-demo-000455,11_beauty,11,4bc7a74707f0d1ea,v2,18000,불리,,,,,,,
11_beauty-demo-000456,11_beauty,11,f13195b70d5a7eba,v2,30000,클린,,,,,,,
11_beauty-demo-000457,11_beauty,11,a2697e962d6819fc,v2,42000,겐조,,,,,,,
11_beauty-demo-000458,11_beauty,11,8a9515f63839f978,v2,20000,테팔,,,,,,,
11_beauty-demo-000459,11_beauty,11,5b78a7c0bd2b13ec,v2,60000,딥디크,,,,,,,
11_beauty-demo-000460,11_beauty,11,788eb9644a32dec3,v2,40000,에이딕트,,,,,,,
11_beauty-demo-000461,11_beauty,11,4c9d8d0676d8be2a,v2,86001,JMW,,,,,,,
11_beauty-demo-000462,11_beauty,11,2b6751e84dfcadec,v2,430000,루비이통,,,,,,,
11_beauty-demo-000463,11_beauty,11,4c9d8d0676d8be2a,v2,78389,JMW,,,,,,,
11_beauty-demo-000464,11_beauty,11,b50ebb33b9f0c9f1,v2,83731,러쉬,,,,,,,
11_beauty-demo-000465,11_beauty,11,b50ebb33b9f0c9f1,v2,87346,러쉬,,,,,,,
11_beauty-demo-000466,11_beauty,11,2b585babd7ab5683,v2,17461,유닉스,,,,,,,
11_beauty-demo-000467,11_beauty,11,4c9d8d0676d8be2a,v2,54135,JMW,,,,,,,
11_beauty-demo-000468,11_beauty,11,9d8dd79c61bb7964,v2,40000,유닉스,,,,,,,
11_beauty-demo-000469,11_beauty,11,e900e22157002d83,v2,42000,Dani Mackenzie,,,,,,,
11_beauty-demo-000470,11_beauty,11,6218c17f6747a5b3,v2,85000,지미추,,,,,,,
11_beauty-demo-000471,11_beauty,11,ee0961d704a69aff,v2,20000,애터미,,,,,,,
11_beauty-demo-000472,11_beauty,11,168469fbf89f793a,v2,81000,샤오미 ROIDMI,,,,,,,
11_beauty-demo-000473,11_beauty,11,93a0829141cde041,v2,5000,라멜린,,,,,,,
11_beauty-demo-000474,11_beauty,11,6dc065dff929711c,v2,55000,골드필드앤뱅크스,,,,,,,
11_beauty-demo-000475,11_beauty,11,2ee5f7e0865c69ca,v2,70000,입생로랑,,,,,,,
11_beauty-demo-000476,11_beauty,11,44a4b7a6390877a6,v2,15000,지미추,,,,,,,
11_beauty-demo-000477,11_beauty,11,e900e22157002d83,v2,42000,Dani Mackenzie,,,,,,,
11_beauty-demo-000478,11_beauty,11,85718bd33f4ae827,v2,35000,비비앙,,,,,,,
11_beauty-demo-000479,11_beauty,11,4c9d8d0676d8be2a,v2,74359,JMW,,,,,,,
11_beauty-demo-000480,11_beauty,11,52a39471b8b8e544,v2,93000,리네이처,,,,,,,
11_beauty-demo-000481,11_beauty,11,4c9d8d0676d8be2a,v2,89786,JMW,,,,,,,
11_beauty-demo-000482,11_beauty,11,b6ea0224e50b18ad,v2,260000,르라보,,,,,,,
11_beauty-demo-000483,11_beauty,11,342c0c3c7c9665d4,v2,12000,끌로에,,,,,,,
11_beauty-demo-000484,11_beauty,11,4c9d8d0676d8be2a,v2,78921,JMW,,,,,,,
11_beauty-demo-000485,11_beauty,11,87ea35e1b8bb7396,v2,46000,이세이미야케,,,,,,,
11_beauty-demo-000486,11_beauty,11,30aa86e1a64475ff,v2,55000,디올,,,,,,,
11_beauty-demo-000487,11_beauty,11,ee0961d704a69aff,v2,20000,애터미,,,,,,,
11_beauty-demo-000488,11_beauty,11,b93a92587b2d5094,v2,250000,구찌,,,,,,,
11_beauty-demo-000489,11_beauty,11,5ff0af966a817afc,v2,62000,벤하임,,,,,,,
11_beauty-demo-000490,11_beauty,11,b93a92587b2d5094,v2,87000,구찌,,,,,,,
11_beauty-demo-000491,11_beauty,11,d74216da3ce27d6e,v2,130000,루킨스,,,,,,,
11_beauty-demo-000492,11_beauty,11,df8207f1e97db2c0,v2,200000,에이딕트,,,,,,,
11_beauty-demo-000493,11_beauty,11,3878071f0e179af8,v2,43000,겔랑,,,,,,,
11_beauty-demo-000494,11_beauty,11,b50ebb33b9f0c9f1,v2,85043,러쉬,,,,,,,
11_beauty-demo-000495,11_beauty,11,4bd08d8c5a2c0753,v2,30000,JMW,,,,,,,
11_beauty-demo-000496,11_beauty,11,e9304829da0ea704,v2,115000,비달사순,,,,,,,
11_beauty-demo-000497,11_beauty,11,43a683e0439c33a2,v2,45000,몽블랑,,,,,,,
11_beauty-demo-000498,11_beauty,11,ee0961d704a69aff,v2,20000,애터미,,,,,,,
11_beauty-demo-000499,11_beauty,11,2ecd558c02680368,v2,354256,다이슨,,,,,,,
11_beauty-demo-000500,11_beauty,11,2a46d968eeaa2804,v2,195000,AERIN,,,,,,,
11_beauty-demo-000501,11_beauty,11,168469fbf89f793a,v2,81000,샤오미 ROIDMI,,,,,,,
11_beauty-demo-000502,11_beauty,11,556b4854d0f80c4e,v2,70000,무아스,,,,,,,
11_beauty-demo-000503,11_beauty,11,34f3e9214fbc2143,v2,15000,크리드,,,,,,,
11_beauty-demo-000504,11_beauty,11,06ffa7f53271b59e,v2,53928,유닉스,,,,,,,
11_beauty-demo-000505,11_beauty,11,87ea35e1b8bb7396,v2,46000,루킨스,,,,,,,
11_beauty-demo-000506,11_beauty,11,06ffa7f53271b59e,v2,47000,베르사체,,,,,,,
11_beauty-demo-000507,11_beauty,11,f683697adaa218e5,v2,45000,딩동펫,,,,,,,
11_beauty-demo-000508,11_beauty,11,4c9d8d0676d8be2a,v2,84378,JMW,,,,,,,
11_beauty-demo-000509,11_beauty,11,93a0829141cde041,v2,5000,라멜린,,,,,,,
11_beauty-demo-000510,11_beauty,11,4c9d8d0676d8be2a,v2,60174,JMW,,,,,,,
11_beauty-demo-000511,11_beauty,11,a2697e962d6819fc,v2,36000,겐조,,,,,,,
11_beauty-demo-000512,11_beauty,11,06ffa7f53271b59e,v2,47000,베르사체,,,,,,,
11_beauty-demo-000513,11_beauty,11,9ff1cec5cc882c2b,v2,95001,샤크,,,,,,,
11_beauty-demo-000514,11_beauty,11,933164cd2619ea4c,v2,32000,미쿠,,,,,,,
11_beauty-demo-000515,11_beauty,11,4c9d8d0676d8be2a,v2,54976,JMW,,,,,,,
11_beauty-demo-000516,11_beauty,11,2ecd558c02680368,v2,309209,다이슨,,,,,,,
11_beauty-demo-000517,11_beauty,11,2ee5f7e0865c69ca,v2,70000,입생로랑,,,,,,,
11_beauty-demo-000518,11_beauty,11,2ecd558c02680368,v2,318051,디올,,,,,,,
11_beauty-demo-000519,11_beauty,11,93a0829141cde041,v2,5000,라멜린,,,,,,,
11_beauty-demo-000520,11_beauty,11,8fcf1f8898622ae6,v2,35346,차이슨,,,,,,,
11_beauty-demo-000521,11_beauty,11,5f6c63d89b0056a9,v2,18000,W.dressroom,,,,,,,
11_beauty-demo-000522,11_beauty,11,d046146efa8b02c9,v2,8000,파테크,,,,,,,
11_beauty-demo-000523,11_beauty,11,712c7bda9c1d6f13,v2,62000,랄프로렌,,,,,,,
11_beauty-demo-000524,11_beauty,11,397a1d5286d4eaa5,v2,60000,페르난다,,,,,,,
11_beauty-demo-000525,11_beauty,11,ff7e1f545f62e301,v2,30000,딥티크,,,,,,,
11_beauty-demo-000526,11_beauty,11,1fba36815b761f9e,v2,162000,산타마리아노벨라,,,,,,,
11_beauty-demo-000527,11_beauty,11,06ffa7f53271b59e,v2,47000,베르사체,,,,,,,
11_beauty-demo-000528,11_beauty,11,e9304829da0ea704,v2,999999,비달사순,,,,,,,
11_beauty-demo-000529,11_beauty,11,c8bf3a09557f1f7d,v2,10000,와디즈 더퍼퓸,,,,,,,
11_beauty-demo-000530,11_beauty,11,712c7bda9c1d6f13,v2,82000,랄프로렌,,,,,,,
11_beauty-demo-000531,11_beauty,11,5ff0af966a817afc,v2,62000,벤하임,,,,,,,
11_beauty-demo-000532,11_beauty,11,8be07d6ef22174de,v2,23000,무신사스탠다드,,,,,,,
11_beauty-demo-000533,11_beauty,11,4c9d8d0676d8be2a,v2,74582,JMW,,,,,,,
11_beauty-demo-000534,11_beauty,11,a0e1c345c4b42f66,v2,40000,VTT,,,,,,,
11_beauty-demo-000535,11_beauty,11,4c9d8d0676d8be2a,v2,54645,JMW,,,,,,,
11_beauty-demo-000536,11_beauty,11,2b585babd7ab5683,v2,88385,유닉스,,,,,,,
11_beauty-demo-000537,11_beauty,11,5b78a7c0bd2b13ec,v2,60000,딥디크,,,,,,,
11_beauty-demo-000538,11_beauty,11,9ff1cec5cc882c2b,v2,95000,크리드,,,,,,,
11_beauty-demo-000539,11_beauty,11,4c9d8d0676d8be2a,v2,60832,JMW,,,,,,,
11_beauty-demo-000540,11_beauty,11,e9304829da0ea704,v2,115000,비달사순,,,,,,,
11_beauty-demo-000541,11_beauty,11,8fcf1f8898622ae6,v2,38319,차이슨,,,,,,,
11_beauty-demo-000542,11_beauty,11,0eabb15f8e784f60,v2,38000,리히텐,,,,,,,
11_beauty-demo-000543,11_beauty,11,8fcf1f8898622ae6,v2,43904,라코스테,,,,,,,
11_beauty-demo-000544,11_beauty,11,36fe0509135aa8be,v2,10000,몽클레르,,,,,,,
11_beauty-demo-000545,11_beauty,11,85718bd33f4ae827,v2,35000,비비앙,,,,,,,
11_beauty-demo-000546,11_beauty,11,b50ebb33b9f0c9f1,v2,50373,러쉬,,,,,,,
11_beauty-demo-000547,11_beauty,11,e22f7360542aab82,v2,70000,마르세이유,,,,,,,
11_beauty-demo-000548,11_beauty,11,e47a5fbd8e592dbf,v2,59000,까르띠에,,,,,,,
11_beauty-demo-000549,11_beauty,11,7effc079681b18dc,v2,65000,필립스,,,,,,,
11_beauty-demo-000550,11_beauty,11,7effc079681b18dc,v2,150000,필립스,,,,,,,
11_beauty-demo-000551,11_beauty,11,f683697adaa218e5,v2,45000,지미추,,,,,,,
11_beauty-demo-000552,11_beauty,11,4c9d8d0676d8be2a,v2,40016,JMW,,,,,,,
11_beauty-demo-000553,11_beauty,11,e98493fe760189cf,v2,18681,샤넬,,,,,,,
11_beauty-demo-000554,11_beauty,11,c8bf3a09557f1f7d,v2,10000,와디즈 더퍼퓸,,,,,,,
11_beauty-demo-000555,11_beauty,11,342c0c3c7c9665d4,v2,12000,끌로에,,,,,,,
11_beauty-demo-000556,11_beauty,11,6a24e666b2ae3a35,v2,70000,레가토,,,,,,,
11_beauty-demo-000557,11_beauty,11,b50ebb33b9f0c9f1,v2,38182,러쉬,,,,,,,
11_beauty-demo-000558,11_beauty,11,c2434060154fe210,v2,70000000,OOM Studio,,,,,,,
11_beauty-demo-000559,11_beauty,11,744fd9aa4799fab1,v2,5000,엘라,,,,,,,
11_beauty-demo-000560,11_beauty,11,4c9d8d0676d8be2a,v2,69719,JMW,,,,,,,
11_beauty-demo-000561,11_beauty,11,8fcf1f8898622ae6,v2,39704,차이슨,,,,,,,
11_beauty-demo-000562,11_beauty,11,50670bbc228f1e2f,v2,37000,베르사체,,,,,,,
11_beauty-demo-000563,11_beauty,11,43a683e0439c33a2,v2,63000,몽블랑,,,,,,,
11_beauty-demo-000564,11_beauty,11,bf07d49a245f12b6,v2,70043,조말론,,,,,,,
11_beauty-demo-000565,11_beauty,11,e5189427eb704ff4,v2,95000,이솝,,,,,,,
11_beauty-demo-000566,11_beauty,11,168469fbf89f793a,v2,81000,샤오미 ROIDMI,,,,,,,
11_beauty-demo-000567,11_beauty,11,2ee5f7e0865c69ca,v2,70000,입생로랑,,,,,,,
11_beauty-demo-000568,11_beauty,11,7effc079681b18dc,v2,65000,필립스,,,,,,,
11_beauty-demo-000569,11_beauty,11,bf07d49a245f12b6,v2,52297,조말론,,,,,,,
11_beauty-demo-000570,11_beauty,11,f4b464dccabfe323,v2,4000,레카,,,,,,,
11_beauty-demo-000571,11_beauty,11,f5fd57585c28a1d5,v2,77000,비버리힐즈 폴로클럽,,,,,,,
11_beauty-demo-000572,11_beauty,11,a2697e962d6819fc,v2,36000,겐조,,,,,,,
11_beauty-demo-000573,11_beauty,11,2a46d968eeaa2804,v2,195000,AERIN,,,,,,,
11_beauty-demo-000574,11_beauty,11,f493146f1bc5bb68,v2,18000,헉슬리,,,,,,,
11_beauty-demo-000575,11_beauty,11,76fdd7459ec98ff3,v2,32000,다슈,,,,,,,
11_beauty-demo-000576,11_beauty,11,1a32e86bfa2a8f0d,v2,57000,SHIRO,,,,,,,
11_beauty-demo-000577,11_beauty,11,a9860679fff83c15,v2,230000,바툼,,,,,,,
11_beauty-demo-000578,11_beauty,11,87ea35e1b8bb7396,v2,46000,이세이미야케,,,,,,,
11_beauty-demo-000579,11_beauty,11,f7a2a5ce2753523c,v2,25000,이수전자,,,,,,,
11_beauty-demo-000580,11_beauty,11,f493146f1bc5bb68,v2,18000,헉슬리,,,,,,,
11_beauty-demo-000581,11_beauty,11,4c9d8d0676d8be2a,v2,67635,JMW,,,,,,,
11_beauty-demo-000582,11_beauty,11,52a39471b8b8e544,v2,93000,리네이처,,,,,,,
11_beauty-demo-000583,11_beauty,11,b93a92587b2d5094,v2,250000,구찌,,,,,,,
11_beauty-demo-000584,11_beauty,11,4c9d8d0676d8be2a,v2,49763,JMW,,,,,,,
11_beauty-demo-000585,11_beauty,11,2ecd558c02680368,v2,401281,다이슨,,,,,,,
11_beauty-demo-000586,11_beauty,11,52a39471b8b8e544,v2,93000,리네이처,,,,,,,
11_beauty-demo-000587,11_beauty,11,4bc7a74707f0d1ea,v2,18000,불리,,,,,,,
11_beauty-demo-000588,11_beauty,11,88af50101cde7927,v2,150000,JRL,,,,,,,
11_beauty-demo-000589,11_beauty,11,28bb9d8b4679b6d4,v2,95000,오아,,,,,,,
11_beauty-demo-000590,11_beauty,11,2b585babd7ab5683,v2,47709,유닉스,,,,,,,
11_beauty-demo-000591,11_beauty,11,bff3144d4c53c55f,v2,14500,르꽁떼,,,,,,,
11_beauty-demo-000592,11_beauty,11,4c9d8d0676d8be2a,v2,93524,JMW,,,,,,,
11_beauty-demo-000593,11_beauty,11,8fcf1f8898622ae6,v2,41458,차이슨,,,,,,,
11_beauty-demo-000594,11_beauty,11,cc4fe476d1d29b6f,v2,79000,Boral,,,,,,,
11_beauty-demo-000595,11_beauty,11,4c9d8d0676d8be2a,v2,36509,바이레도,,,,,,,
11_beauty-demo-000596,11_beauty,11,baaafcc3d6dfbf78,v2,130000,에르메스,,,,,,,
11_beauty-demo-000597,11_beauty,11,e9dc1b7662870c11,v2,150000,끌로에,,,,,,,
11_beauty-demo-000598,11_beauty,11,788eb9644a32dec3,v2,40000,에이딕트,,,,,,,
11_beauty-demo-000599,11_beauty,11,43a683e0439c33a2,v2,45000,몽블랑,,,,,,,
11_beauty-demo-000600,11_beauty,11,342c0c3c7c9665d4,v2,12000,끌로에,,,,,,,
11_beauty-demo-000601,11_beauty,11,4c9d8d0676d8be2a,v2,93685,JMW,,,,,,,
11_beauty-demo-000602,11_beauty,11,2b585babd7ab5683,v2,46856,유닉스,,,,,,,
11_beauty-demo-000603,11_beauty,11,2ee5f7e0865c69ca,v2,16000,입생로랑,,,,,,,
11_beauty-demo-000604,11_beauty,11,556b4854d0f80c4e,v2,40000,무아스,,,,,,,
11_beauty-demo-000605,11_beauty,11,a2697e962d6819fc,v2,42000,겐조,,,,,,,
11_beauty-demo-000606,11_beauty,11,4c9d8d0676d8be2a,v2,82646,JMW,,,,,,,
11_beauty-demo-000607,11_beauty,11,879a4e408bb59d4c,v2,6000,예스뷰티,,,,,,,
11_beauty-demo-000608,11_beauty,11,4c88095ad540f5be,v2,270000,오르메,,,,,,,
11_beauty-demo-000609,11_beauty,11,0eabb15f8e784f60,v2,38000,바이레도,,,,,,,
11_beauty-demo-000610,11_beauty,11,8a9515f63839f978,v2,20000,테팔,,,,,,,
11_beauty-demo-000611,11_beauty,11,4bd08d8c5a2c0753,v2,30000,BSW,,,,,,,
11_beauty-demo-000612,11_beauty,11,88af50101cde7927,v2,150000,JRL,,,,,,,
11_beauty-demo-000613,11_beauty,11,e47a5fbd8e592dbf,v2,59000,까르띠에,,,,,,,
11_beauty-demo-000614,11_beauty,11,8a9515f63839f978,v2,10000,테팔,,,,,,,
11_beauty-demo-000615,11_beauty,11,397a1d5286d4eaa5,v2,60000,페르난다,,,,,,,
11_beauty-demo-000616,11_beauty,11,52a39471b8b8e544,v2,93000,리네이처,,,,,,,
11_beauty-demo-000617,11_beauty,11,30aa86e1a64475ff,v2,50000,유닉스,,,,,,,
11_beauty-demo-000618,11_beauty,11,2b585babd7ab5683,v2,50313,유닉스,,,,,,,
11_beauty-demo-000619,11_beauty,11,88af50101cde7927,v2,150000,JRL,,,,,,,
11_beauty-demo-000620,11_beauty,11,8fcf1f8898622ae6,v2,39516,차이슨,,,,,,,
11_beauty-demo-000621,11_beauty,11,f493146f1bc5bb68,v2,18000,헉슬리,,,,,,,
11_beauty-demo-000622,11_beauty,11,e98493fe760189cf,v2,13408,샤넬,,,,,,,
11_beauty-demo-000623,11_beauty,11,d74216da3ce27d6e,v2,130000,루킨스,,,,,,,
11_beauty-demo-000624,11_beauty,11,1fba36815b761f9e,v2,162000,산타마리아노벨라,,,,,,,
11_beauty-demo-000625,11_beauty,11,342c0c3c7c9665d4,v2,12000,끌로에,,,,,,,
11_beauty-demo-000626,11_beauty,11,baaafcc3d6dfbf78,v2,130000,에르메스,,,,,,,
11_beauty-demo-000627,11_beauty,11,a0e1c345c4b42f66,v2,40000,VTT,,,,,,,
11_beauty-demo-000628,11_beauty,11,8fcf1f8898622ae6,v2,42516,비달사순,,,,,,,
11_beauty-demo-000629,11_beauty,11,7effc079681b18dc,v2,65000,필립스,,,,,,,
11_beauty-demo-000630,11_beauty,11,4c9d8d0676d8be2a,v2,92517,JMW,,,,,,,
11_beauty-demo-000631,11_beauty,11,5f6c63d89b0056a9,v2,18000,W.dressroom,,,,,,,
11_beauty-demo-000632,11_beauty,11,712c7bda9c1d6f13,v2,62000,랄프로렌,,,,,,,
11_beauty-demo-000633,11_beauty,11,f493146f1bc5bb68,v2,18000,무아스,,,,,,,
11_beauty-demo-000634,11_beauty,11,4c88095ad540f5be,v2,270000,아르마니,,,,,,,
11_beauty-demo-000635,11_beauty,11,ee0961d704a69aff,v2,20000,애터미,,,,,,,
11_beauty-demo-000636,11_beauty,11,9ff1cec5cc882c2b,v2,95000,샤크,,,,,,,
11_beauty-demo-000637,11_beauty,11,e5189427eb704ff4,v2,95000,끌로에,,,,,,,
11_beauty-demo-000638,11_beauty,11,2ee5f7e0865c69ca,v2,70000,입생로랑,,,,,,,
11_beauty-demo-000639,11_beauty,11,6218c17f6747a5b3,v2,45000,지미추,,,,,,,
11_beauty-demo-000640,11_beauty,11,38a4e2e7a139e4fc,v2,70000,메종마르지엘라,,,,,,,
11_beauty-demo-000641,11_beauty,11,85718bd33f4ae827,v2,35000,비비앙,,,,,,,
11_beauty-demo-000642,11_beauty,11,6218c17f6747a5b3,v2,85000,조말론,,,,,,,
11_beauty-demo-000643,11_beauty,11,36fe0509135aa8be,v2,10000,몽클레르,,,,,,,
11_beauty-demo-000644,11_beauty,11,e9304829da0ea704,v2,999999,비달사순,,,,,,,
11_beauty-demo-000645,11_beauty,11,93a0829141cde041,v2,5000,라멜린,,,,,,,
11_beauty-demo-000646,11_beauty,11,2b6751e84dfcadec,v2,430000,루비이통,,,,,,,
11_beauty-demo-000647,11_beauty,11,4c9d8d0676d8be2a,v2,51013,JMW,,,,,,,
11_beauty-demo-000648,11_beauty,11,4c9d8d0676d8be2a,v2,91561,JMW,,,,,,,
11_beauty-demo-000649,11_beauty,11,a5cb7777628c3b61,v2,110000,두즈,,,,,,,
11_beauty-demo-000650,11_beauty,11,2b6751e84dfcadec,v2,430000,루비이통,,,,,,,
11_beauty-demo-000651,11_beauty,11,b6ea0224e50b18ad,v2,260000,르라보,,,,,,,
11_beauty-demo-000652,11_beauty,11,b93a92587b2d5094,v2,115000,구찌,,,,,,,
11_beauty-demo-000653,11_beauty,11,2b585babd7ab5683,v2,82356,유닉스,,,,,,,
11_beauty-demo-000654,11_beauty,11,8a8780bff00d01f4,v2,15000,탬버린즈,,,,,,,
11_beauty-demo-000655,11_beauty,11,06ffa7f53271b59e,v2,52618,베르사체,,,,,,,
11_beauty-demo-000656,11_beauty,11,8fcf1f8898622ae6,v2,43413,차이슨,,,,,,,
11_beauty-demo-000657,11_beauty,11,e98493fe760189cf,v2,18327,샤넬,,,,,,,
11_beauty-demo-000658,11_beauty,11,6218c17f6747a5b3,v2,45000,지미추,,,,,,,
11_beauty-demo-000659,11_beauty,11,4c9d8d0676d8be2a,v2,71534,JMW,,,,,,,
11_beauty-demo-000660,11_beauty,11,8a9515f63839f978,v2,20000,테팔,,,,,,,
11_beauty-demo-000661,11_beauty,11,4c9d8d0676d8be2a,v2,43587,JMW,,,,,,,
11_beauty-demo-000662,11_beauty,11,4c9d8d0676d8be2a,v2,75238,JMW,,,,,,,
11_beauty-demo-000663,11_beauty,11,e900e22157002d83,v2,42000,르꽁떼,,,,,,,
11_beauty-demo-000664,11_beauty,11,f13195b70d5a7eba,v2,30000,클린,,,,,,,
11_beauty-demo-000665,11_beauty,11,85718bd33f4ae827,v2,35000,비비앙,,,,,,,
11_beauty-demo-000666,11_beauty,11,8555e0e8607bcf46,v2,15000,CK 이노베이션,,,,,,,
11_beauty-demo-000667,11_beauty,11,b50ebb33b9f0c9f1,v2,17000,러쉬,,,,,,,
11_beauty-demo-000668,11_beauty,11,88af50101cde7927,v2,150000,JRL,,,,,,,
11_beauty-demo-000669,11_beauty,11,7a5a99ebf4794c1a,v2,200000,마르세이유,,,,,,,
11_beauty-demo-000670,11_beauty,11,f493146f1bc5bb68,v2,18000,헉슬리,,,,,,,
11_beauty-demo-000671,11_beauty,11,2ee5f7e0865c69ca,v2,16000,입생로랑,,,,,,,
11_beauty-demo-000672,11_beauty,11,4c9d8d0676d8be2a,v2,70952,JMW,,,,,,,
11_beauty-demo-000673,11_beauty,11,7a5a99ebf4794c1a,v2,200000,마르세이유,,,,,,,
11_beauty-demo-000674,11_beauty,11,34f3e9214fbc2143,v2,15000,크리드,,,,,,,
11_beauty-demo-000675,11_beauty,11,e900e22157002d83,v2,42000,Dani Mackenzie,,,,,,,
11_beauty-demo-000676,11_beauty,11,b6ea0224e50b18ad,v2,260000,르라보,,,,,,,
11_beauty-demo-000677,11_beauty,11,4c9d8d0676d8be2a,v2,52564,JMW,,,,,,,
11_beauty-demo-000678,11_beauty,11,2ecd558c02680368,v2,373345,다이슨,,,,,,,
11_beauty-demo-000679,11_beauty,11,e9304829da0ea704,v2,999999,비달사순,,,,,,,
11_beauty-demo-000680,11_beauty,11,f493146f1bc5bb68,v2,18000,헉슬리,,,,,,,
11_beauty-demo-000681,11_beauty,11,5b78a7c0bd2b13ec,v2,60000,딥디크,,,,,,,
11_beauty-demo-000682,11_beauty,11,2ecd558c02680368,v2,356506,다이슨,,,,,,,
11_beauty-demo-000683,11_beauty,11,744fd9aa4799fab1,v2,5000,엘라,,,,,,,
11_beauty-demo-000684,11_beauty,11,2ecd558c02680368,v2,310401,다이슨,,,,,,,
11_beauty-demo-000685,11_beauty,11,2b6751e84dfcadec,v2,430000,루비이통,,,,,,,
11_beauty-demo-000686,11_beauty,11,8f07581115f58390,v2,8000,레가토,,,,,,,
11_beauty-demo-000687,11_beauty,11,788eb9644a32dec3,v2,40000,에이딕트,,,,,,,
11_beauty-demo-000688,11_beauty,11,e47c056cf6a0e68b,v2,15000,펫다움,,,,,,,
11_beauty-demo-000689,11_beauty,11,c8bf3a09557f1f7d,v2,10000,와디즈 더퍼퓸,,,,,,,
11_beauty-demo-000690,11_beauty,11,06ffa7f53271b59e,v2,47000,베르사체,,,,,,,
11_beauty-demo-000691,11_beauty,11,4c9d8d0676d8be2a,v2,80140,JMW,,,,,,,
11_beauty-demo-000692,11_beauty,11,e98493fe760189cf,v2,16242,샤넬,,,,,,,
11_beauty-demo-000693,11_beauty,11,3878071f0e179af8,v2,43000,겔랑,,,,,,,
11_beauty-demo-000694,11_beauty,11,4c9d8d0676d8be2a,v2,48059,JMW,,,,,,,
11_beauty-demo-000695,11_beauty,11,7a5a99ebf4794c1a,v2,200000,마르세이유,,,,,,,
11_beauty-demo-000696,11_beauty,11,168469fbf89f793a,v2,81000,샤오미 ROIDMI,,,,,,,
11_beauty-demo-000697,11_beauty,11,2ee5f7e0865c69ca,v2,70000,입생로랑,,,,,,,
11_beauty-demo-000698,11_beauty,11,e22f7360542aab82,v2,70000,논픽션,,,,,,,
11_beauty-demo-000699,11_beauty,11,f4b464dccabfe323,v2,4000,레카,,,,,,,
11_beauty-demo-000700,11_beauty,11,d17f52f08f7cd0ba,v2,16000,CRASTS,,,,,,,
11_beauty-demo-000701,11_beauty,11,8a8780bff00d01f4,v2,15000,탬버린즈,,,,,,,
11_beauty-demo-000702,11_beauty,11,e9304829da0ea704,v2,115000,비달사순,,,,,,,
11_beauty-demo-000703,11_beauty,11,4c9d8d0676d8be2a,v2,43351,JMW,,,,,,,
11_beauty-demo-000704,11_beauty,11,06ffa7f53271b59e,v2,52479,몽블랑,,,,,,,
11_beauty-demo-000705,11_beauty,11,b93a92587b2d5094,v2,87000,구찌,,,,,,,
11_beauty-demo-000706,11_beauty,11,788eb9644a32dec3,v2,40000,에이딕트,,,,,,,
11_beauty-demo-000707,11_beauty,11,93a0829141cde041,v2,5000,라멜린,,,,,,,
11_beauty-demo-000708,11_beauty,11,76fdd7459ec98ff3,v2,32000,다슈,,,,,,,
11_beauty-demo-000709,11_beauty,11,34f3e9214fbc2143,v2,15000,아르마니,,,,,,,
11_beauty-demo-000710,11_beauty,11,4bd08d8c5a2c0753,v2,30000,BSW,,,,,,,
11_beauty-demo-000711,11_beauty,11,c2434060154fe210,v2,70000000,유닉스,,,,,,,
11_beauty-demo-000712,11_beauty,11,e900e22157002d83,v2,42000,Dani Mackenzie,,,,,,,
11_beauty-demo-000713,11_beauty,11,34f3e9214fbc2143,v2,15000,크리드,,,,,,,
11_beauty-demo-000714,11_beauty,11,34f3e9214fbc2143,v2,15000,크리드,,,,,,,
11_beauty-demo-000715,11_beauty,11,3878071f0e179af8,v2,43000,겔랑,,,,,,,
11_beauty-demo-000716,11_beauty,11,4c9d8d0676d8be2a,v2,50308,JMW,,,,,,,
11_beauty-demo-000717,11_beauty,11,744fd9aa4799fab1,v2,5000,엘라,,,,,,,
11_beauty-demo-000718,11_beauty,11,f683697adaa218e5,v2,45000,딩동펫,,,,,,,
11_beauty-demo-000719,11_beauty,11,4c88095ad540f5be,v2,270000,오르메,,,,,,,
11_beauty-demo-000720,11_beauty,11,556b4854d0f80c4e,v2,70000,무아스,,,,,,,
11_beauty-demo-000721,11_beauty,11,f5fd57585c28a1d5,v2,77000,비버리힐즈 폴로클럽,,,,,,,
11_beauty-demo-000722,11_beauty,11,2ecd558c02680368,v2,342322,다이슨,,,,,,,
11_beauty-demo-000723,11_beauty,11,dd2fec521b684a54,v2,16600,블라우풍트,,,,,,,
11_beauty-demo-000724,11_beauty,11,ff2973a79b2b17b2,v2,34000,블랙하비,,,,,,,
11_beauty-demo-000725,11_beauty,11,342c0c3c7c9665d4,v2,90000,끌로에,,,,,,,
11_beauty-demo-000726,11_beauty,11,2ee5f7e0865c69ca,v2,130000,입생로랑,,,,,,,
11_beauty-demo-000727,11_beauty,11,2ecd558c02680368,v2,370910,다이슨,,,,,,,
11_beauty-demo-000728,11_beauty,11,06ffa7f53271b59e,v2,47000,베르사체,,,,,,,
11_beauty-demo-000729,11_beauty,11,2b6751e84dfcadec,v2,430000,루비이통,,,,,,,
11_beauty-demo-000730,11_beauty,11,4c9d8d0676d8be2a,v2,69749,JMW,,,,,,,
11_beauty-demo-000731,11_beauty,11,268a4d5eb692119f,v2,6900,Dior,,,,,,,
11_beauty-demo-000732,11_beauty,11,556b4854d0f80c4e,v2,70000,무아스,,,,,,,
11_beauty-demo-000733,11_beauty,11,a2697e962d6819fc,v2,36000,겐조,,,,,,,
11_beauty-demo-000734,11_beauty,11,9ff1cec5cc882c2b,v2,95000,샤크,,,,,,,
11_beauty-demo-000735,11_beauty,11,e47a5fbd8e592dbf,v2,59000,까르띠에,,,,,,,
11_beauty-demo-000736,11_beauty,11,268a4d5eb692119f,v2,6900,Dior,,,,,,,
11_beauty-demo-000737,11_beauty,11,933164cd2619ea4c,v2,32000,미쿠,,,,,,,
11_beauty-demo-000738,11_beauty,11,d046146efa8b02c9,v2,10000,파테크,,,,,,,
11_beauty-demo-000739,11_beauty,11,2ecd558c02680368,v2,336743,다이슨,,,,,,,
11_beauty-demo-000740,11_beauty,11,2ecd558c02680368,v2,361074,다이슨,,,,,,,
11_beauty-demo-000741,11_beauty,11,3fc2acbbe57c00cc,v2,125000,스테판움베르루카,,,,,,,
11_beauty-demo-000742,11_beauty,11,4c9d8d0676d8be2a,v2,57225,JMW,,,,,,,
11_beauty-demo-000743,11_beauty,11,e98493fe760189cf,v2,17928,샤넬,,,,,,,
11_beauty-demo-000744,11_beauty,11,933164cd2619ea4c,v2,32000,미쿠,,,,,,,
11_beauty-demo-000745,11_beauty,11,8fcf1f8898622ae6,v2,37196,차이슨,,,,,,,
11_beauty-demo-000746,11_beauty,11,06ffa7f53271b59e,v2,54391,베르사체,,,,,,,
11_beauty-demo-000747,11_beauty,11,85718bd33f4ae827,v2,35000,비비앙,,,,,,,
11_beauty-demo-000748,11_beauty,11,712c7bda9c1d6f13,v2,82000,해피,,,,,,,
11_beauty-demo-000749,11_beauty,11,712c7bda9c1d6f13,v2,62000,랄프로렌,,,,,,,
11_beauty-demo-000750,11_beauty,11,e9304829da0ea704,v2,115000,비달사순,,,,,,,
11_beauty-demo-000751,11_beauty,11,2ee5f7e0865c69ca,v2,70000,입생로랑,,,,,,,
11_beauty-demo-000752,11_beauty,11,43a683e0439c33a2,v2,45000,몽블랑,,,,,,,
11_beauty-demo-000753,11_beauty,11,4c9d8d0676d8be2a,v2,93797,JMW,,,,,,,
11_beauty-demo-000754,11_beauty,11,712c7bda9c1d6f13,v2,82000,랄프로렌,,,,,,,
11_beauty-demo-000755,11_beauty,11,4c9d8d0676d8be2a,v2,54303,JMW,,,,,,,
11_beauty-demo-000756,11_beauty,11,2b585babd7ab5683,v2,19213,유닉스,,,,,,,
11_beauty-demo-000757,11_beauty,11,c2434060154fe210,v2,70000000,OOM Studio,,,,,,,
11_beauty-demo-000758,11_beauty,11,b50ebb33b9f0c9f1,v2,27205,러쉬,,,,,,,
11_beauty-demo-000759,11_beauty,11,4c9d8d0676d8be2a,v2,62470,JMW,,,,,,,
11_beauty-demo-000760,11_beauty,11,ff2973a79b2b17b2,v2,34000,블랙하비,,,,,,,
11_beauty-demo-000761,11_beauty,11,7effc079681b18dc,v2,150000,필립스,,,,,,,
11_beauty-demo-000762,11_beauty,11,4c9d8d0676d8be2a,v2,58009,JMW,,,,,,,
11_beauty-demo-000763,11_beauty,11,4c9d8d0676d8be2a,v2,67969,JMW,,,,,,,
11_beauty-demo-000764,11_beauty,11,3878071f0e179af8,v2,43000,겔랑,,,,,,,
11_beauty-demo-000765,11_beauty,11,168469fbf89f793a,v2,81000,샤오미 ROIDMI,,,,,,,
11_beauty-demo-000766,11_beauty,11,342c0c3c7c9665d4,v2,12000,끌로에,,,,,,,
11_beauty-demo-000767,11_beauty,11,8a9515f63839f978,v2,10000,테팔,,,,,,,
11_beauty-demo-000768,11_beauty,11,4c9d8d0676d8be2a,v2,65865,JMW,,,,,,,
11_beauty-demo-000769,11_beauty,11,8a8780bff00d01f4,v2,15000,탬버린즈,,,,,,,
11_beauty-demo-000770,11_beauty,11,3878071f0e179af8,v2,43000,겔랑,,,,,,,
11_beauty-demo-000771,11_beauty,11,f13195b70d5a7eba,v2,30000,클린,,,,,,,
11_beauty-demo-000772,11_beauty,11,8fcf1f8898622ae6,v2,39468,차이슨,,,,,,,
11_beauty-demo-000773,11_beauty,11,1fba36815b761f9e,v2,162000,유닉스,,,,,,,
11_beauty-demo-000774,11_beauty,11,f13195b70d5a7eba,v2,30000,클린,,,,,,,
11_beauty-demo-000775,11_beauty,11,8a9515f63839f978,v2,10000,테팔,,,,,,,
11_beauty-demo-000776,11_beauty,11,9ff1cec5cc882c2b,v2,95001,샤크,,,,,,,
11_beauty-demo-000777,11_beauty,11,5f6c63d89b0056a9,v2,18000,W.dressroom,,,,,,,
11_beauty-demo-000778,11_beauty,11,4c9d8d0676d8be2a,v2,70592,JMW,,,,,,,
11_beauty-demo-000779,11_beauty,11,2b585babd7ab5683,v2,105230,유닉스,,,,,,,
11_beauty-demo-000780,11_beauty,11,85718bd33f4ae827,v2,35000,비비앙,,,,,,,
11_beauty-demo-000781,11_beauty,11,50670bbc228f1e2f,v2,40000,보랄,,,,,,,
11_beauty-demo-000782,11_beauty,11,712c7bda9c1d6f13,v2,82000,랄프로렌,,,,,,,
11_beauty-demo-000783,11_beauty,11,d046146efa8b02c9,v2,10000,파테크,,,,,,,
11_beauty-demo-000784,11_beauty,11,c8bf3a09557f1f7d,v2,10000,와디즈 더퍼퓸,,,,,,,
11_beauty-demo-000785,11_beauty,11,d17f52f08f7cd0ba,v2,16000,CRASTS,,,,,,,
11_beauty-demo-000786,11_beauty,11,2ecd558c02680368,v2,306053,다이슨,,,,,,,
11_beauty-demo-000787,11_beauty,11,2ecd558c02680368,v2,313871,다이슨,,,,,,,
11_beauty-demo-000788,11_beauty,11,8555e0e8607bcf46,v2,15000,CK 이노베이션,,,,,,,
11_beauty-demo-000789,11_beauty,11,93a0829141cde041,v2,5000,라멜린,,,,,,,
11_beauty-demo-000790,11_beauty,11,0f329e38a4b6b6ac,v2,150000,FHI,,,,,,,
11_beauty-demo-000791,11_beauty,11,8a9515f63839f978,v2,20000,테팔,,,,,,,
11_beauty-demo-000792,11_beauty,11,788eb9644a32dec3,v2,40000,에이딕트,,,,,,,
11_beauty-demo-000793,11_beauty,11,44a4b7a6390877a6,v2,15000,해피,,,,,,,
11_beauty-demo-000794,11_beauty,11,744fd9aa4799fab1,v2,5000,엘라,,,,,,,
11_beauty-demo-000795,11_beauty,11,6218c17f6747a5b3,v2,45000,지미추,,,,,,,
11_beauty-demo-000796,11_beauty,11,aafc9d452b6fdee1,v2,65000,메튜장,,,,,,,
11_beauty-demo-000797,11_beauty,11,1a3886aae69773be,v2,46000,비컴프,,,,,,,
11_beauty-demo-000798,11_beauty,11,06ffa7f53271b59e,v2,47000,베르사체,,,,,,,
11_beauty-demo-000799,11_beauty,11,4c9d8d0676d8be2a,v2,79957,JMW,,,,,,,
11_beauty-demo-000800,11_beauty,11,9d8dd79c61bb7964,v2,40000,다니엘트루스,,,,,,,
11_beauty-demo-000801,11_beauty,11,4c9d8d0676d8be2a,v2,58361,JMW,,,,,,,
11_beauty-demo-000802,11_beauty,11,f493146f1bc5bb68,v2,18000,헉슬리,,,,,,,
11_beauty-demo-000803,11_beauty,11,9d8dd79c61bb7964,v2,40000,다니엘트루스,,,,,,,
11_beauty-demo-000804,11_beauty,11,e9dc1b7662870c11,v2,150000,마르지엘라,,,,,,,
11_beauty-demo-000805,11_beauty,11,e5189427eb704ff4,v2,95000,이솝,,,,,,,
11_beauty-demo-000806,11_beauty,11,4c9d8d0676d8be2a,v2,55408,JMW,,,,,,,
11_beauty-demo-000807,11_beauty,11,a2697e962d6819fc,v2,36000,겐조,,,,,,,
11_beauty-demo-000808,11_beauty,11,712c7bda9c1d6f13,v2,82000,랄프로렌,,,,,,,
11_beauty-demo-000809,11_beauty,11,b93a92587b2d5094,v2,87000,구찌,,,,,,,
11_beauty-demo-000810,11_beauty,11,4c9d8d0676d8be2a,v2,86339,JMW,,,,,,,
11_beauty-demo-000811,11_beauty,11,2b585babd7ab5683,v2,63409,유닉스,,,,,,,
11_beauty-demo-000812,11_beauty,11,c8bf3a09557f1f7d,v2,10000,와디즈 더퍼퓸,,,,,,,
11_beauty-demo-000813,11_beauty,11,baaafcc3d6dfbf78,v2,130000,에르메스,,,,,,,
11_beauty-demo-000814,11_beauty,11,dd2fec521b684a54,v2,16600,블라우풍트,,,,,,,
11_beauty-demo-000815,11_beauty,11,6218c17f6747a5b3,v2,45000,지미추,,,,,,,
11_beauty-demo-000816,11_beauty,11,4c9d8d0676d8be2a,v2,38064,차이슨,,,,,,,
11_beauty-demo-000817,11_beauty,11,8fcf1f8898622ae6,v2,37842,차이슨,,,,,,,
11_beauty-demo-000818,11_beauty,11,f7a2a5ce2753523c,v2,25000,이수전자,,,,,,,
11_beauty-demo-000819,11_beauty,11,2b585babd7ab5683,v2,26661,유닉스,,,,,,,
11_beauty-demo-000820,11_beauty,11,2ecd558c02680368,v2,337658,다이슨,,,,,,,
11_beauty-demo-000821,11_beauty,11,6dc065dff929711c,v2,55000,골드필드앤뱅크스,,,,,,,
11_beauty-demo-000822,11_beauty,11,87ea35e1b8bb7396,v2,46000,유닉스,,,,,,,
11_beauty-demo-000823,11_beauty,11,0eabb15f8e784f60,v2,38000,디올,,,,,,,
11_beauty-demo-000824,11_beauty,11,2a46d968eeaa2804,v2,195000,AERIN,,,,,,,
11_beauty-demo-000825,11_beauty,11,9ff1cec5cc882c2b,v2,95000,샤크,,,,,,,
11_beauty-demo-000826,11_beauty,11,06ffa7f53271b59e,v2,54714,베르사체,,,,,,,
11_beauty-demo-000827,11_beauty,11,e98493fe760189cf,v2,17431,샤넬,,,,,,,
11_beauty-demo-000828,11_beauty,11,2ecd558c02680368,v2,316854,무아스,,,,,,,
11_beauty-demo-000829,11_beauty,11,2ecd558c02680368,v2,402571,동네꽃집,,,,,,,
11_beauty-demo-000830,11_beauty,11,e98493fe760189cf,v2,13442,샤넬,,,,,,,
11_beauty-demo-000831,11_beauty,11,9d8dd79c61bb7964,v2,40000,다니엘트루스,,,,,,,
11_beauty-demo-000832,11_beauty,11,df8207f1e97db2c0,v2,200000,르 라보,,,,,,,
11_beauty-demo-000833,11_beauty,11,44a4b7a6390877a6,v2,15000,루이비통,,,,,,,
11_beauty-demo-000834,11_beauty,11,ff2973a79b2b17b2,v2,34000,블랙하비,,,,,,,
11_beauty-demo-000835,11_beauty,11,2ecd558c02680368,v2,393556,다이슨,,,,,,,
11_beauty-demo-000836,11_beauty,11,712c7bda9c1d6f13,v2,82000,랄프로렌,,,,,,,
11_beauty-demo-000837,11_beauty,11,744fd9aa4799fab1,v2,5000,엘라,,,,,,,
11_beauty-demo-000838,11_beauty,11,8a8780bff00d01f4,v2,15000,유닉스,,,,,,,
11_beauty-demo-000839,11_beauty,11,e98493fe760189cf,v2,15240,샤넬,,,,,,,
11_beauty-demo-000840,11_beauty,11,e22f7360542aab82,v2,70000,비달사순,,,,,,,
11_beauty-demo-000841,11_beauty,11,2b585babd7ab5683,v2,51308,유닉스,,,,,,,
11_beauty-demo-000842,11_beauty,11,bf07d49a245f12b6,v2,40000,조말론,,,,,,,
11_beauty-demo-000843,11_beauty,11,aafc9d452b6fdee1,v2,65000,메튜장,,,,,,,
11_beauty-demo-000844,11_beauty,11,b93a92587b2d5094,v2,87000,구찌,,,,,,,
11_beauty-demo-000845,11_beauty,11,30aa86e1a64475ff,v2,55000,디올,,,,,,,
11_beauty-demo-000846,11_beauty,11,b93a92587b2d5094,v2,250000,구찌,,,,,,,
11_beauty-demo-000847,11_beauty,11,f83b25e9e5b2bf3d,v2,30000,이프아이,,,,,,,
11_beauty-demo-000848,11_beauty,11,f4b464dccabfe323,v2,4000,레카,,,,,,,
11_beauty-demo-000849,11_beauty,11,a2697e962d6819fc,v2,36000,겐조,,,,,,,
11_beauty-demo-000850,11_beauty,11,a0e1c345c4b42f66,v2,40000,VTT,,,,,,,
11_beauty-demo-000851,11_beauty,11,2b585babd7ab5683,v2,34455,유닉스,,,,,,,
11_beauty-demo-000852,11_beauty,11,38a4e2e7a139e4fc,v2,70000,메종마르지엘라,,,,,,,
11_beauty-demo-000853,11_beauty,11,2ee5f7e0865c69ca,v2,130000,입생로랑,,,,,,,
11_beauty-demo-000854,11_beauty,11,4c9d8d0676d8be2a,v2,70004,JMW,,,,,,,
11_beauty-demo-000855,11_beauty,11,7a5a99ebf4794c1a,v2,200000,마르세이유,,,,,,,
11_beauty-demo-000856,11_beauty,11,e5189427eb704ff4,v2,95000,샤넬,,,,,,,
11_beauty-demo-000857,11_beauty,11,b50ebb33b9f0c9f1,v2,52152,러쉬,,,,,,,
11_beauty-demo-000858,11_beauty,11,6218c17f6747a5b3,v2,55000,지미추,,,,,,,
11_beauty-demo-000859,11_beauty,11,d17f52f08f7cd0ba,v2,16000,CRASTS,,,,,,,
11_beauty-demo-000860,11_beauty,11,556b4854d0f80c4e,v2,90000,JMW,,,,,,,
11_beauty-demo-000861,11_beauty,11,d74216da3ce27d6e,v2,130000,루킨스,,,,,,,
11_beauty-demo-000862,11_beauty,11,e4b29ed53f6ee9cc,v2,59000,라코스테,,,,,,,
11_beauty-demo-000863,11_beauty,11,0eabb15f8e784f60,v2,38000,바이레도,,,,,,,
11_beauty-demo-000864,11_beauty,11,712c7bda9c1d6f13,v2,62000,랄프로렌,,,,,,,
11_beauty-demo-000865,11_beauty,11,b50ebb33b9f0c9f1,v2,17000,러쉬,,,,,,,
11_beauty-demo-000866,11_beauty,11,68b98d9390d5d1a9,v2,220000,이니시오,,,,,,,
11_beauty-demo-000867,11_beauty,11,e47c056cf6a0e68b,v2,15000,펫다움,,,,,,,
11_beauty-demo-000868,11_beauty,11,5b78a7c0bd2b13ec,v2,60000,딥디크,,,,,,,
11_beauty-demo-000869,11_beauty,11,e556374660d1310f,v2,70000,베르니엘,,,,,,,
11_beauty-demo-000870,11_beauty,11,9ff1cec5cc882c2b,v2,95000,샤크,,,,,,,
11_beauty-demo-000871,11_beauty,11,34f3e9214fbc2143,v2,15000,크리드,,,,,,,
11_beauty-demo-000872,11_beauty,11,87ea35e1b8bb7396,v2,46000,이세이미야케,,,,,,,
11_beauty-demo-000873,11_beauty,11,f4b464dccabfe323,v2,4000,레카,,,,,,,
11_beauty-demo-000874,11_beauty,11,06ffa7f53271b59e,v2,47000,베르사체,,,,,,,
11_beauty-demo-000875,11_beauty,11,556b4854d0f80c4e,v2,40000,무아스,,,,,,,
11_beauty-demo-000876,11_beauty,11,2ee5f7e0865c69ca,v2,130000,입생로랑,,,,,,,
11_beauty-demo-000877,11_beauty,11,baaafcc3d6dfbf78,v2,130000,에르메스,,,,,,,
11_beauty-demo-000878,11_beauty,11,9ff1cec5cc882c2b,v2,95000,샤크,,,,,,,
11_beauty-demo-000879,11_beauty,11,b50ebb33b9f0c9f1,v2,51644,러쉬,,,,,,,
11_beauty-demo-000880,11_beauty,11,2ecd558c02680368,v2,403172,다이슨,,,,,,,
11_beauty-demo-000881,11_beauty,11,b50ebb33b9f0c9f1,v2,82388,러쉬,,,,,,,
11_beauty-demo-000882,11_beauty,11,36fe0509135aa8be,v2,10000,몽클레르,,,,,,,
11_beauty-demo-000883,11_beauty,11,e98493fe760189cf,v2,13938,샤넬,,,,,,,
11_beauty-demo-000884,11_beauty,11,2ee5f7e0865c69ca,v2,130000,입생로랑,,,,,,,
11_beauty-demo-000885,11_beauty,11,e98493fe760189cf,v2,15307,샤넬,,,,,,,
11_beauty-demo-000886,11_beauty,11,9ff1cec5cc882c2b,v2,95000,샤크,,,,,,,
11_beauty-demo-000887,11_beauty,11,30aa86e1a64475ff,v2,15000,디올,,,,,,,
11_beauty-demo-000888,11_beauty,11,e9304829da0ea704,v2,115000,러쉬,,,,,,,
11_beauty-demo-000889,11_beauty,11,2b585babd7ab5683,v2,65374,유닉스,,,,,,,
11_beauty-demo-000890,11_beauty,11,30aa86e1a64475ff,v2,50000,구찌,,,,,,,
11_beauty-demo-000891,11_beauty,11,e4b29ed53f6ee9cc,v2,59000,라코스테,,,,,,,
11_beauty-demo-000892,11_beauty,11,712c7bda9c1d6f13,v2,62000,랄프로렌,,,,,,,
11_beauty-demo-000893,11_beauty,11,a2697e962d6819fc,v2,42000,겐조,,,,,,,
11_beauty-demo-000894,11_beauty,11,f4b464dccabfe323,v2,4000,레카,,,,,,,
11_beauty-demo-000895,11_beauty,11,8555e0e8607bcf46,v2,15000,CK 이노베이션,,,,,,,
11_beauty-demo-000896,11_beauty,11,87ea35e1b8bb7396,v2,46000,이세이미야케,,,,,,,
11_beauty-demo-000897,11_beauty,11,30aa86e1a64475ff,v2,55000,디올,,,,,,,
11_beauty-demo-000898,11_beauty,11,cc4fe476d1d29b6f,v2,79000,Boral,,,,,,,
11_beauty-demo-000899,11_beauty,11,9ff1cec5cc882c2b,v2,95000,샤크,,,,,,,
11_beauty-demo-000900,11_beauty,11,e9304829da0ea704,v2,999999,비달사순,,,,,,,
11_beauty-demo-000901,11_beauty,11,9ff1cec5cc882c2b,v2,95000,샤크,,,,,,,
11_beauty-demo-000902,11_beauty,11,50670bbc228f1e2f,v2,37000,보랄,,,,,,,
11_beauty-demo-000903,11_beauty,11,b93a92587b2d5094,v2,250000,구찌,,,,,,,
11_beauty-demo-000904,11_beauty,11,30aa86e1a64475ff,v2,15000,디올,,,,,,,
11_beauty-demo-000905,11_beauty,11,2ee5f7e0865c69ca,v2,70000,입생로랑,,,,,,,
11_beauty-demo-000906,11_beauty,11,a5cb7777628c3b61,v2,110000,두즈,,,,,,,
11_beauty-demo-000907,11_beauty,11,bff3144d4c53c55f,v2,14500,르꽁떼,,,,,,,
11_beauty-demo-000908,11_beauty,11,2ecd558c02680368,v2,392009,다이슨,,,,,,,
11_beauty-demo-000909,11_beauty,11,0eabb15f8e784f60,v2,38000,바이레도,,,,,,,
11_beauty-demo-000910,11_beauty,11,dd2fec521b684a54,v2,16600,블라우풍트,,,,,,,
11_beauty-demo-000911,11_beauty,11,f13195b70d5a7eba,v2,30000,클린,,,,,,,
11_beauty-demo-000912,11_beauty,11,4c9d8d0676d8be2a,v2,80760,JMW,,,,,,,
11_beauty-demo-000913,11_beauty,11,6218c17f6747a5b3,v2,85000,지미추,,,,,,,
11_beauty-demo-000914,11_beauty,11,bff3144d4c53c55f,v2,14500,르꽁떼,,,,,,,
11_beauty-demo-000915,11_beauty,11,2ee5f7e0865c69ca,v2,16000,입생로랑,,,,,,,
11_beauty-demo-000916,11_beauty,11,4c9d8d0676d8be2a,v2,74077,JMW,,,,,,,
11_beauty-demo-000917,11_beauty,11,3870bca04e898023,v2,270000,Parfums de Marly,,,,,,,
11_beauty-demo-000918,11_beauty,11,e5189427eb704ff4,v2,95000,이솝,,,,,,,
11_beauty-demo-000919,11_beauty,11,8fcf1f8898622ae6,v2,35623,차이슨,,,,,,,
11_beauty-demo-000920,11_beauty,11,d17f52f08f7cd0ba,v2,16000,CRASTS,,,,,,,
11_beauty-demo-000921,11_beauty,11,d74216da3ce27d6e,v2,130000,루킨스,,,,,,,
11_beauty-demo-000922,11_beauty,11,8a9515f63839f978,v2,10000,테팔,,,,,,,
11_beauty-demo-000923,11_beauty,11,556b4854d0f80c4e,v2,90000,무아스,,,,,,,
11_beauty-demo-000924,11_beauty,11,8fcf1f8898622ae6,v2,36487,차이슨,,,,,,,
11_beauty-demo-000925,11_beauty,11,2b585babd7ab5683,v2,98534,파테크,,,,,,,
11_beauty-demo-000926,11_beauty,11,3878071f0e179af8,v2,43000,겔랑,,,,,,,
11_beauty-demo-000927,11_beauty,11,168469fbf89f793a,v2,81000,샤오미 ROIDMI,,,,,,,
11_beauty-demo-000928,11_beauty,11,ee0961d704a69aff,v2,20000,애터미,,,,,,,
11_beauty-demo-000929,11_beauty,11,2ee5f7e0865c69ca,v2,130000,입생로랑,,,,,,,
11_beauty-demo-000930,11_beauty,11,06ffa7f53271b59e,v2,52281,베르사체,,,,,,,
11_beauty-demo-000931,11_beauty,11,4c9d8d0676d8be2a,v2,92274,JMW,,,,,,,
11_beauty-demo-000932,11_beauty,11,1fba36815b761f9e,v2,162000,산타마리아노벨라,,,,,,,
11_beauty-demo-000933,11_beauty,11,ff2973a79b2b17b2,v2,34000,블랙하비,,,,,,,
11_beauty-demo-000934,11_beauty,11,30aa86e1a64475ff,v2,55000,디올,,,,,,,
11_beauty-demo-000935,11_beauty,11,6a24e666b2ae3a35,v2,70000,레가토,,,,,,,
11_beauty-demo-000936,11_beauty,11,e98493fe760189cf,v2,15133,샤넬,,,,,,,
11_beauty-demo-000937,11_beauty,11,7effc079681b18dc,v2,65000,필립스,,,,,,,
11_beauty-demo-000938,11_beauty,11,4c9d8d0676d8be2a,v2,60313,JMW,,,,,,,
11_beauty-demo-000939,11_beauty,11,43a683e0439c33a2,v2,63000,몽블랑,,,,,,,
11_beauty-demo-000940,11_beauty,11,5b78a7c0bd2b13ec,v2,30000,딥디크,,,,,,,
11_beauty-demo-000941,11_beauty,11,85718bd33f4ae827,v2,35000,딥디크,,,,,,,
11_beauty-demo-000942,11_beauty,11,06ffa7f53271b59e,v2,49226,베르사체,,,,,,,
11_beauty-demo-000943,11_beauty,11,b50ebb33b9f0c9f1,v2,51187,러쉬,,,,,,,
11_beauty-demo-000944,11_beauty,11,44a4b7a6390877a6,v2,15000,해피,,,,,,,
11_beauty-demo-000945,11_beauty,11,4c9d8d0676d8be2a,v2,42312,JMW,,,,,,,
11_beauty-demo-000946,11_beauty,11,50670bbc228f1e2f,v2,37000,보랄,,,,,,,
11_beauty-demo-000947,11_beauty,11,2b585babd7ab5683,v2,86858,유닉스,,,,,,,
11_beauty-demo-000948,11_beauty,11,5b78a7c0bd2b13ec,v2,30000,딥디크,,,,,,,
11_beauty-demo-000949,11_beauty,11,38a4e2e7a139e4fc,v2,70000,메종마르지엘라,,,,,,,
11_beauty-demo-000950,11_beauty,11,9d8dd79c61bb7964,v2,40000,다니엘트루스,,,,,,,
11_beauty-demo-000951,11_beauty,11,d046146efa8b02c9,v2,8000,파테크,,,,,,,
11_beauty-demo-000952,11_beauty,11,e556374660d1310f,v2,70000,JMW,,,,,,,
11_beauty-demo-000953,11_beauty,11,8be07d6ef22174de,v2,24000,무신사스탠다드,,,,,,,
11_beauty-demo-000954,11_beauty,11,4c9d8d0676d8be2a,v2,91284,JMW,,,,,,,
11_beauty-demo-000955,11_beauty,11,3870bca04e898023,v2,270000,Parfums de Marly,,,,,,,
11_beauty-demo-000956,11_beauty,11,8fcf1f8898622ae6,v2,38888,차이슨,,,,,,,
11_beauty-demo-000957,11_beauty,11,e22f7360542aab82,v2,70000,논픽션,,,,,,,
11_beauty-demo-000958,11_beauty,11,c8bf3a09557f1f7d,v2,10000,와디즈 더퍼퓸,,,,,,,
11_beauty-demo-000959,11_beauty,11,2a46d968eeaa2804,v2,195000,AERIN,,,,,,,
11_beauty-demo-000960,11_beauty,11,7effc079681b18dc,v2,150000,필립스,,,,,,,
11_beauty-demo-000961,11_beauty,11,2b585babd7ab5683,v2,60560,루비이통,,,,,,,
11_beauty-demo-000962,11_beauty,11,712c7bda9c1d6f13,v2,82000,베르사체,,,,,,,
11_beauty-demo-000963,11_beauty,11,dd2fec521b684a54,v2,16600,블라우풍트,,,,,,,
11_beauty-demo-000964,11_beauty,11,68b98d9390d5d1a9,v2,220000,이니시오,,,,,,,
11_beauty-demo-000965,11_beauty,11,28bb9d8b4679b6d4,v2,95000,오아,,,,,,,
11_beauty-demo-000966,11_beauty,11,68b98d9390d5d1a9,v2,220000,이니시오,,,,,,,
11_beauty-demo-000967,11_beauty,11,d74216da3ce27d6e,v2,130000,루킨스,,,,,,,
11_beauty-demo-000968,11_beauty,11,2ecd558c02680368,v2,406831,다이슨,,,,,,,
11_beauty-demo-000969,11_beauty,11,4c9d8d0676d8be2a,v2,42747,JMW,,,,,,,
11_beauty-demo-000970,11_beauty,11,64a6c91d28fafd44,v2,140000,아르마니,,,,,,,
11_beauty-demo-000971,11_beauty,11,06ffa7f53271b59e,v2,52702,베르사체,,,,,,,
11_beauty-demo-000972,11_beauty,11,b50ebb33b9f0c9f1,v2,56537,러쉬,,,,,,,
11_beauty-demo-000973,11_beauty,11,8f07581115f58390,v2,8000,천해인,,,,,,,
11_beauty-demo-000974,11_beauty,11,b6ea0224e50b18ad,v2,380000,SHIRO,,,,,,,
11_beauty-demo-000975,11_beauty,11,9ff1cec5cc882c2b,v2,95000,샤크,,,,,,,
11_beauty-demo-000976,11_beauty,11,4c9d8d0676d8be2a,v2,74705,JMW,,,,,,,
11_beauty-demo-000977,11_beauty,11,52a39471b8b8e544,v2,93000,보랄,,,,,,,
11_beauty-demo-000978,11_beauty,11,4c9d8d0676d8be2a,v2,56648,JMW,,,,,,,
11_beauty-demo-000979,11_beauty,11,b93a92587b2d5094,v2,250000,구찌,,,,,,,
11_beauty-demo-000980,11_beauty,11,6a24e666b2ae3a35,v2,70000,레가토,,,,,,,
11_beauty-demo-000981,11_beauty,11,2ecd558c02680368,v2,322097,다이슨,,,,,,,
11_beauty-demo-000982,11_beauty,11,2ee5f7e0865c69ca,v2,130000,샤크,,,,,,,
11_beauty-demo-000983,11_beauty,11,712c7bda9c1d6f13,v2,82000,랄프로렌,,,,,,,
11_beauty-demo-000984,11_beauty,11,2b6751e84dfcadec,v2,430000,유닉스,,,,,,,
11_beauty-demo-000985,11_beauty,11,5ff0af966a817afc,v2,62000,벤하임,,,,,,,
11_beauty-demo-000986,11_beauty,11,04aed5e2cf573475,v2,19000,루이비통,,,,,,,
11_beauty-demo-000987,11_beauty,11,2ecd558c02680368,v2,390834,다이슨,,,,,,,
11_beauty-demo-000988,11_beauty,11,ff2973a79b2b17b2,v2,34000,블랙하비,,,,,,,
11_beauty-demo-000989,11_beauty,11,a5cb7777628c3b61,v2,110000,두즈,,,,,,,
11_beauty-demo-000990,11_beauty,11,879a4e408bb59d4c,v2,6000,예스뷰티,,,,,,,
11_beauty-demo-000991,11_beauty,11,8fcf1f8898622ae6,v2,39347,차이슨,,,,,,,
11_beauty-demo-000992,11_beauty,11,b6ea0224e50b18ad,v2,260000,몽클레르,,,,,,,
11_beauty-demo-000993,11_beauty,11,556b4854d0f80c4e,v2,90000,무아스,,,,,,,
11_beauty-demo-000994,11_beauty,11,3870bca04e898023,v2,270000,Parfums de Marly,,,,,,,
11_beauty-demo-000995,11_beauty,11,e47a5fbd8e592dbf,v2,59000,까르띠에,,,,,,,
11_beauty-demo-000996,11_beauty,11,6a24e666b2ae3a35,v2,70000,레가토,,,,,,,
11_beauty-demo-000997,11_beauty,11,8a9515f63839f978,v2,10000,테팔,,,,,,,
11_beauty-demo-000998,11_beauty,11,5b78a7c0bd2b13ec,v2,30000,딥디크,,,,,,,
11_beauty-demo-000999,11_beauty,11,a2697e962d6819fc,v2,42000,겐조,,,,,,,
