item_id,category_name,category_code,spec_key_hash,hash_version,used_price,species,main_item_type,brand,product_name,size_label,material_main,color_main,dimensions_cm
12_pet_supplies-demo-000000,12_pet_supplies,12,4df87dd75d364f74,v2,200000,,,밀리옹,,,,,
12_pet_supplies-demo-000001,12_pet_supplies,12,d79dfdc6440fa2f3,v2,12345,,,포펫츠온리,,,,,
12_pet_supplies-demo-000002,12_pet_supplies,12,390eb22565c2212c,v2,10000,,,우아지오,,,,,
12_pet_supplies-demo-000003,12_pet_supplies,12,7415cce91599d63a,v2,220000,,,러프웨어,,,,,
12_pet_supplies-demo-000004,12_pet_supplies,12,9900351b99b7eb15,v2,50000,,,수잔랜시,,,,,
12_pet_supplies-demo-000005,12_pet_supplies,12,390eb22565c2212c,v2,10000,,,우아지오,,,,,
12_pet_supplies-demo-000006,12_pet_supplies,12,70f5e9761464c327,v2,70000,,,크레용펫,,,,,
12_pet_supplies-demo-000007,12_pet_supplies,12,ba6638343d2fce95,v2,30000,,,칸독,,,,,
12_pet_supplies-demo-000008,12_pet_supplies,12,96d8b2758e6d5b59,v2,200000,,,FOR PETS ONLY,,,,,
12_pet_supplies-demo-000009,12_pet_supplies,12,32ef7300ccd0449f,v2,14000,,,지독,,,,,
12_pet_supplies-demo-000010,12_pet_supplies,12,9dc64cc49e30364f,v2,200000,,,BPF,,,,,
12_pet_supplies-demo-000011,12_pet_supplies,12,c75626c44b1c51c0,v2,15000,,,펫502,,,,,
12_pet_supplies-demo-000012,12_pet_supplies,12,2de9e0fe04ce7c90,v2,30000,,,일로,,,,,
12_pet_supplies-demo-000013,12_pet_supplies,12,bc1608af9129abf7,v2,200000,,,트릴로,,,,,
12_pet_supplies-demo-000014,12_pet_supplies,12,77a2139f92a65e02,v2,290126,,,일룸,,,,,
12_pet_supplies-demo-000015,12_pet_supplies,12,bb1a379fb9db2de4,v2,20000,,,버디부,,,,,
12_pet_supplies-demo-000016,12_pet_supplies,12,9be487745fecefc3,v2,8000,,,보들랑,,,,,
12_pet_supplies-demo-000017,12_pet_supplies,12,3f61c892bbd831da,v2,150000,,,인히어런트,,,,,
12_pet_supplies-demo-000018,12_pet_supplies,12,f1aa20f26a005a0f,v2,150000,,,펫코본,,,,,
12_pet_supplies-demo-000019,12_pet_supplies,12,850415066900a8b3,v2,18000,,,밀크앤페퍼,,,,,
12_pet_supplies-demo-000020,12_pet_supplies,12,3f61c892bbd831da,v2,5900,,,인히어런트,,,,,
12_pet_supplies-demo-000021,12_pet_supplies,12,4084ebd08c6061aa,v2,25000,,,펫랑,,,,,
12_pet_supplies-demo-000022,12_pet_supplies,12,9be487745fecefc3,v2,8000,,,보들랑,,,,,
12_pet_supplies-demo-000023,12_pet_supplies,12,9175ae438bcaf3bc,v2,12000,,,리플렉트,,,,,
12_pet_supplies-demo-000024,12_pet_supplies,12,77a2139f92a65e02,v2,339580,,,일룸,,,,,
12_pet_supplies-demo-000025,12_pet_supplies,12,2728b79b54145d2c,v2,27467,,,러프웨어,,,,,
12_pet_supplies-demo-000026,12_pet_supplies,12,1f5fbee3d61ab16f,v2,177063,,,그린웨일,,,,,
12_pet_supplies-demo-000027,12_pet_supplies,12,3587d2ab7924c8ed,v2,100000,,,가또블랑코,,,,,
12_pet_supplies-demo-000028,12_pet_supplies,12,a2020031a0fcab1f,v2,330000,,,키튼박스,,,,,
12_pet_supplies-demo-000029,12_pet_supplies,12,cb4fe6a77fa2d54f,v2,45000,,,펫랑,,,,,
12_pet_supplies-demo-000030,12_pet_supplies,12,f2ac006df34274f0,v2,24000,,,꼬순내,,,,,
12_pet_supplies-demo-000031,12_pet_supplies,12,a5fc2faa924bd8b4,v2,10000,,,Monello,,,,,
12_pet_supplies-demo-000032,12_pet_supplies,12,429813e1a30bc9c5,v2,17000,,,분독,,,,,
12_pet_supplies-demo-000033,12_pet_supplies,12,2aeb1c2f408c5014,v2,40000,,,젠에보,,,,,
12_pet_supplies-demo-000034,12_pet_supplies,12,f8a9ea7e742d0847,v2,150000,,,캣네스트,,,,,
12_pet_supplies-demo-000035,12_pet_supplies,12,3f61c892bbd831da,v2,9000,,,인히어런트,,,,,
12_pet_supplies-demo-000036,12_pet_supplies,12,1f5fbee3d61ab16f,v2,177579,,,그린웨일,,,,,
12_pet_supplies-demo-000037,12_pet_supplies,12,669da6c77299478c,v2,30000,,,KONG,,,,,
12_pet_supplies-demo-000038,12_pet_supplies,12,177df9b3ecdd3dcf,v2,90000,,,스포티앤리치,,,,,
12_pet_supplies-demo-000039,12_pet_supplies,12,d79dfdc6440fa2f3,v2,180000,,,포펫츠온리,,,,,
12_pet_supplies-demo-000040,12_pet_supplies,12,438bf49c4b9fd607,v2,50000,,,HAY,,,,,
12_pet_supplies-demo-000041,12_pet_supplies,12,1c01512c0f4100f7,v2,450000,,,가리모쿠,,,,,
12_pet_supplies-demo-000042,12_pet_supplies,12,38fd7d39cd140876,v2,30000,,,고아웃클럽,,,,,
12_pet_supplies-demo-000043,12_pet_supplies,12,a2020031a0fcab1f,v2,330000,,,키튼박스,,,,,
12_pet_supplies-demo-000044,12_pet_supplies,12,21f685ad9ced5213,v2,80000,,,하울팟,,,,,
12_pet_supplies-demo-000045,12_pet_supplies,12,575e7da8cf2d88b9,v2,200000,,,크로노,,,,,
12_pet_supplies-demo-000046,12_pet_supplies,12,d79dfdc6440fa2f3,v2,12345,,,포펫츠온리,,,,,
12_pet_supplies-demo-000047,12_pet_supplies,12,f1aa20f26a005a0f,v2,150000,,,펫코본,,,,,
12_pet_supplies-demo-000048,12_pet_supplies,12,786c5f80f8955143,v2,6000,,,cocodog,,,,,
12_pet_supplies-demo-000049,12_pet_supplies,12,bc1608af9129abf7,v2,200000,,,트릴로,,,,,
12_pet_supplies-demo-000050,12_pet_supplies,12,b04a468297ab5059,v2,50000,,,마르디메크르디,,,,,
12_pet_supplies-demo-000051,12_pet_supplies,12,9175ae438bcaf3bc,v2,12000,,,리플렉트,,,,,
12_pet_supplies-demo-000052,12_pet_supplies,12,77a2139f92a65e02,v2,321144,,,일룸,,,,,
12_pet_supplies-demo-000053,12_pet_supplies,12,1c01512c0f4100f7,v2,450000,,,가리모쿠,,,,,
12_pet_supplies-demo-000054,12_pet_supplies,12,ad115f3289efbe4d,v2,400000,,,파이피,,,,,
12_pet_supplies-demo-000055,12_pet_supplies,12,2728b79b54145d2c,v2,27961,,,러프웨어,,,,,
12_pet_supplies-demo-000056,12_pet_supplies,12,2728b79b54145d2c,v2,24891,,,러프웨어,,,,,
12_pet_supplies-demo-000057,12_pet_supplies,12,77a2139f92a65e02,v2,248193,,,일룸,,,,,
12_pet_supplies-demo-000058,12_pet_supplies,12,4084ebd08c6061aa,v2,25000,,,메이킷,,,,,
12_pet_supplies-demo-000059,12_pet_supplies,12,bc1608af9129abf7,v2,200000,,,트릴로,,,,,
12_pet_supplies-demo-000060,12_pet_supplies,12,2de9e0fe04ce7c90,v2,30000,,,일로,,,,,
12_pet_supplies-demo-000061,12_pet_supplies,12,2728b79b54145d2c,v2,24027,,,펫502,,,,,
12_pet_supplies-demo-000062,12_pet_supplies,12,ee7610abeceb1540,v2,35000,,,고프,,,,,
12_pet_supplies-demo-000063,12_pet_supplies,12,9be487745fecefc3,v2,8000,,,보들랑,,,,,
12_pet_supplies-demo-000064,12_pet_supplies,12,c11ad2e65211e33f,v2,30000,,,바잇미,,,,,
12_pet_supplies-demo-000065,12_pet_supplies,12,77a2139f92a65e02,v2,247242,,,일룸,,,,,
12_pet_supplies-demo-000066,12_pet_supplies,12,1c01512c0f4100f7,v2,450000,,,가리모쿠,,,,,
12_pet_supplies-demo-000067,12_pet_supplies,12,32d9d858f5a9893d,v2,100000,,,베리마치,,,,,
12_pet_supplies-demo-000068,12_pet_supplies,12,2728b79b54145d2c,v2,25505,,,러프웨어,,,,,
12_pet_supplies-demo-000069,12_pet_supplies,12,1c01512c0f4100f7,v2,450000,,,가리모쿠,,,,,
12_pet_supplies-demo-000070,12_pet_supplies,12,43c0089a9bbb2d76,v2,230000,,,윈팩토리,,,,,
12_pet_supplies-demo-000071,12_pet_supplies,12,96d8b2758e6d5b59,v2,200000,,,FOR PETS ONLY,,,,,
12_pet_supplies-demo-000072,12_pet_supplies,12,cb4fe6a77fa2d54f,v2,45000,,,펫랑,,,,,
12_pet_supplies-demo-000073,12_pet_supplies,12,901d539e89aed120,v2,100000,,,모노케츠,,,,,
12_pet_supplies-demo-000074,12_pet_supplies,12,e110752c6496e8c0,v2,20000,,,kmmmm,,,,,
12_pet_supplies-demo-000075,12_pet_supplies,12,bc1608af9129abf7,v2,200000,,,트릴로,,,,,
12_pet_supplies-demo-000076,12_pet_supplies,12,901d539e89aed120,v2,100000,,,모노케츠,,,,,
12_pet_supplies-demo-000077,12_pet_supplies,12,9dc64cc49e30364f,v2,200000,,,위드어스,,,,,
12_pet_supplies-demo-000078,12_pet_supplies,12,f6f7c3e20fda4458,v2,90000,,,Sporty & Rich,,,,,
12_pet_supplies-demo-000079,12_pet_supplies,12,4be26ed1c9188f77,v2,45000,,,테일하이,,,,,
12_pet_supplies-demo-000080,12_pet_supplies,12,9175ae438bcaf3bc,v2,12000,,,리플렉트,,,,,
12_pet_supplies-demo-000081,12_pet_supplies,12,177df9b3ecdd3dcf,v2,90000,,,스포티앤리치,,,,,
12_pet_supplies-demo-000082,12_pet_supplies,12,2728b79b54145d2c,v2,24557,,,러프웨어,,,,,
12_pet_supplies-demo-000083,12_pet_supplies,12,1f5fbee3d61ab16f,v2,207902,,,그린웨일,,,,,
12_pet_supplies-demo-000084,12_pet_supplies,12,2728b79b54145d2c,v2,29211,,,러프웨어,,,,,
12_pet_supplies-demo-000085,12_pet_supplies,12,91382fd0e4bad0ad,v2,5000,,,캐스키드슨,,,,,
12_pet_supplies-demo-000086,12_pet_supplies,12,38fd7d39cd140876,v2,30000,,,고아웃클럽,,,,,
12_pet_supplies-demo-000087,12_pet_supplies,12,177df9b3ecdd3dcf,v2,90000,,,스포티앤리치,,,,,
12_pet_supplies-demo-000088,12_pet_supplies,12,4df87dd75d364f74,v2,200000,,,밀리옹,,,,,
12_pet_supplies-demo-000089,12_pet_supplies,12,2aeb1c2f408c5014,v2,40000,,,아카디아 트레일,,,,,
12_pet_supplies-demo-000090,12_pet_supplies,12,77a2139f92a65e02,v2,416012,,,일룸,,,,,
12_pet_supplies-demo-000091,12_pet_supplies,12,295272906f2be41c,v2,40000,,,텔레팟,,,,,
12_pet_supplies-demo-000092,12_pet_supplies,12,1f5fbee3d61ab16f,v2,214816,,,그린웨일,,,,,
12_pet_supplies-demo-000093,12_pet_supplies,12,1f5fbee3d61ab16f,v2,173802,,,그린웨일,,,,,
12_pet_supplies-demo-000094,12_pet_supplies,12,1f5fbee3d61ab16f,v2,192550,,,그린웨일,,,,,
12_pet_supplies-demo-000095,12_pet_supplies,12,77a2139f92a65e02,v2,326217,,,디바피스,,,,,
12_pet_supplies-demo-000096,12_pet_supplies,12,ba6638343d2fce95,v2,40000,,,일로,,,,,
12_pet_supplies-demo-000097,12_pet_supplies,12,2b3aa49fa5719ecf,v2,21000,,,우아지오,,,,,
12_pet_supplies-demo-000098,12_pet_supplies,12,3587d2ab7924c8ed,v2,200000,,,가또블랑코,,,,,
12_pet_supplies-demo-000099,12_pet_supplies,12,4c61d0e63c771631,v2,16000,,,아이캔더,,,,,
12_pet_supplies-demo-000100,12_pet_supplies,12,ee7610abeceb1540,v2,35000,,,고프,,,,,
12_pet_supplies-demo-000101,12_pet_supplies,12,98a0dbba59f626ed,v2,80000,,,개과천선 어몽드,,,,,
12_pet_supplies-demo-000102,12_pet_supplies,12,77a2139f92a65e02,v2,252525,,,일룸,,,,,
12_pet_supplies-demo-000103,12_pet_supplies,12,ad3fe3911d069786,v2,310000,,,퍼르르펙트,,,,,
12_pet_supplies-demo-000104,12_pet_supplies,12,3587d2ab7924c8ed,v2,300000,,,가또블랑코,,,,,
12_pet_supplies-demo-000105,12_pet_supplies,12,429813e1a30bc9c5,v2,17000,,,분독,,,,,
12_pet_supplies-demo-000106,12_pet_supplies,12,2728b79b54145d2c,v2,24557,,,러프웨어,,,,,
12_pet_supplies-demo-000107,12_pet_supplies,12,ad115f3289efbe4d,v2,400000,,,찰리스백야드,,,,,
12_pet_supplies-demo-000108,12_pet_supplies,12,2728b79b54145d2c,v2,24652,,,러프웨어,,,,,
12_pet_supplies-demo-000109,12_pet_supplies,12,77a2139f92a65e02,v2,274903,,,일룸,,,,,
12_pet_supplies-demo-000110,12_pet_supplies,12,e1816f73574b127e,v2,20000,,,Monello,,,,,
12_pet_supplies-demo-000111,12_pet_supplies,12,4be26ed1c9188f77,v2,45000,,,테일하이,,,,,
12_pet_supplies-demo-000112,12_pet_supplies,12,438bf49c4b9fd607,v2,27000,,,HAY,,,,,
12_pet_supplies-demo-000113,12_pet_supplies,12,91382fd0e4bad0ad,v2,5000,,,캐스키드슨,,,,,
12_pet_supplies-demo-000114,12_pet_supplies,12,177df9b3ecdd3dcf,v2,90000,,,스포티앤리치,,,,,
12_pet_supplies-demo-000115,12_pet_supplies,12,12d3c058b993724e,v2,8000,,,Seiwa Pro,,,,,
12_pet_supplies-demo-000116,12_pet_supplies,12,1f5fbee3d61ab16f,v2,181120,,,그린웨일,,,,,
12_pet_supplies-demo-000117,12_pet_supplies,12,2de9e0fe04ce7c90,v2,30000,,,일로,,,,,
12_pet_supplies-demo-000118,12_pet_supplies,12,1f5fbee3d61ab16f,v2,189679,,,그린웨일,,,,,
12_pet_supplies-demo-000119,12_pet_supplies,12,f8a9ea7e742d0847,v2,150000,,,캣네스트,,,,,
12_pet_supplies-demo-000120,12_pet_supplies,12,a7964d5ee9ebcdc7,v2,300000,,,와우캣,,,,,
12_pet_supplies-demo-000121,12_pet_supplies,12,a7964d5ee9ebcdc7,v2,300001,,,와우캣,,,,,
12_pet_supplies-demo-000122,12_pet_supplies,12,3f61c892bbd831da,v2,150000,,,인히어런트,,,,,
12_pet_supplies-demo-000123,12_pet_supplies,12,38fd7d39cd140876,v2,30000,,,고아웃클럽,,,,,
12_pet_supplies-demo-000124,12_pet_supplies,12,2728b79b54145d2c,v2,26514,,,러프웨어,,,,,
12_pet_supplies-demo-000125,12_pet_supplies,12,e110752c6496e8c0,v2,20000,,,kmmmm,,,,,
12_pet_supplies-demo-000126,12_pet_supplies,12,390eb22565c2212c,v2,10000,,,우아지오,,,,,
12_pet_supplies-demo-000127,12_pet_supplies,12,429813e1a30bc9c5,v2,17000,,,분독,,,,,
12_pet_supplies-demo-000128,12_pet_supplies,12,cba0b073d7e1dec6,v2,50000,,,텔레팟,,,,,
12_pet_supplies-demo-000129,12_pet_supplies,12,2aeb1c2f408c5014,v2,40000,,,아카디아 트레일,,,,,
12_pet_supplies-demo-000130,12_pet_supplies,12,e1816f73574b127e,v2,20000,,,Monello,,,,,
12_pet_supplies-demo-000131,12_pet_supplies,12,1f5fbee3d61ab16f,v2,217032,,,인히어런트,,,,,
12_pet_supplies-demo-000132,12_pet_supplies,12,957fd554333ad9b8,v2,120000,,,이나모라다,,,,,
12_pet_supplies-demo-000133,12_pet_supplies,12,4b8b6ba83d9026d5,v2,100000,,,캣츠드림,,,,,
12_pet_supplies-demo-000134,12_pet_supplies,12,77a2139f92a65e02,v2,247624,,,와우캣,,,,,
12_pet_supplies-demo-000135,12_pet_supplies,12,901d539e89aed120,v2,100000,,,모노케츠,,,,,
12_pet_supplies-demo-000136,12_pet_supplies,12,9dc64cc49e30364f,v2,200000,,,BPF,,,,,
12_pet_supplies-demo-000137,12_pet_supplies,12,77a2139f92a65e02,v2,260421,,,일룸,,,,,
12_pet_supplies-demo-000138,12_pet_supplies,12,7415cce91599d63a,v2,150000,,,디어캣,,,,,
12_pet_supplies-demo-000139,12_pet_supplies,12,3f61c892bbd831da,v2,9000,,,인히어런트,,,,,
12_pet_supplies-demo-000140,12_pet_supplies,12,43c0089a9bbb2d76,v2,230000,,,오브바이포,,,,,
12_pet_supplies-demo-000141,12_pet_supplies,12,1f5fbee3d61ab16f,v2,189702,,,그린웨일,,,,,
12_pet_supplies-demo-000142,12_pet_supplies,12,f1aa20f26a005a0f,v2,150000,,,펫코본,,,,,
12_pet_supplies-demo-000143,12_pet_supplies,12,786c5f80f8955143,v2,6000,,,cocodog,,,,,
12_pet_supplies-demo-000144,12_pet_supplies,12,528dad5b5b55044a,v2,35000,,,몰소,,,,,
12_pet_supplies-demo-000145,12_pet_supplies,12,77a2139f92a65e02,v2,248183,,,일룸,,,,,
12_pet_supplies-demo-000146,12_pet_supplies,12,4df87dd75d364f74,v2,920000,,,밀리옹,,,,,
12_pet_supplies-demo-000147,12_pet_supplies,12,2728b79b54145d2c,v2,28186,,,Sporty & Rich,,,,,
12_pet_supplies-demo-000148,12_pet_supplies,12,cb4fe6a77fa2d54f,v2,45000,,,펫랑,,,,,
12_pet_supplies-demo-000149,12_pet_supplies,12,2ee6e8543ff3dec6,v2,180000,,,큐베리,,,,,
12_pet_supplies-demo-000150,12_pet_supplies,12,316c62696aa940b2,v2,20000,,,스트롤,,,,,
12_pet_supplies-demo-000151,12_pet_supplies,12,2728b79b54145d2c,v2,24302,,,러프웨어,,,,,
12_pet_supplies-demo-000152,12_pet_supplies,12,d5f809c121922dc1,v2,960000,,,아이캣유,,,,,
12_pet_supplies-demo-000153,12_pet_supplies,12,1f5fbee3d61ab16f,v2,216414,,,그린웨일,,,,,
12_pet_supplies-demo-000154,12_pet_supplies,12,669da6c77299478c,v2,30000,,,KONG,,,,,
12_pet_supplies-demo-000155,12_pet_supplies,12,96d8b2758e6d5b59,v2,200000,,,FOR PETS ONLY,,,,,
12_pet_supplies-demo-000156,12_pet_supplies,12,77a2139f92a65e02,v2,351552,,,일룸,,,,,
12_pet_supplies-demo-000157,12_pet_supplies,12,70f5e9761464c327,v2,70000,,,크레용펫,,,,,
12_pet_supplies-demo-000158,12_pet_supplies,12,ee7610abeceb1540,v2,35000,,,고아웃클럽,,,,,
12_pet_supplies-demo-000159,12_pet_supplies,12,9c1258145fa5064b,v2,160000,,,바버,,,,,
12_pet_supplies-demo-000160,12_pet_supplies,12,ad115f3289efbe4d,v2,400000,,,파이피,,,,,
12_pet_supplies-demo-000161,12_pet_supplies,12,2728b79b54145d2c,v2,28042,,,러프웨어,,,,,
12_pet_supplies-demo-000162,12_pet_supplies,12,528dad5b5b55044a,v2,35000,,,몰소,,,,,
12_pet_supplies-demo-000163,12_pet_supplies,12,8f16f8a7ce2ca0e6,v2,5000,,,페페통,,,,,
12_pet_supplies-demo-000164,12_pet_supplies,12,ee7610abeceb1540,v2,35000,,,고프,,,,,
12_pet_supplies-demo-000165,12_pet_supplies,12,55251e91ce82e0f2,v2,38000,,,위시캣,,,,,
12_pet_supplies-demo-000166,12_pet_supplies,12,e4d0444aeb274465,v2,88000,,,CATRY,,,,,
12_pet_supplies-demo-000167,12_pet_supplies,12,98a0dbba59f626ed,v2,80000,,,개과천선 어몽드,,,,,
12_pet_supplies-demo-000168,12_pet_supplies,12,77a2139f92a65e02,v2,265310,,,일룸,,,,,
12_pet_supplies-demo-000169,12_pet_supplies,12,438bf49c4b9fd607,v2,50000,,,hay,,,,,
12_pet_supplies-demo-000170,12_pet_supplies,12,e05c63ad485c8b16,v2,300000,,,마스코티안,,,,,
12_pet_supplies-demo-000171,12_pet_supplies,12,91382fd0e4bad0ad,v2,5000,,,캐스키드슨,,,,,
12_pet_supplies-demo-000172,12_pet_supplies,12,c75626c44b1c51c0,v2,15000,,,펫502,,,,,
12_pet_supplies-demo-000173,12_pet_supplies,12,4be26ed1c9188f77,v2,40000,,,테일하이,,,,,
12_pet_supplies-demo-000174,12_pet_supplies,12,177df9b3ecdd3dcf,v2,90000,,,스포티앤리치,,,,,
12_pet_supplies-demo-000175,12_pet_supplies,12,9a513cd194a7e695,v2,30000,,,윌더독,,,,,
12_pet_supplies-demo-000176,12_pet_supplies,12,147480e27dcc1e9b,v2,8000,,,트루러브,,,,,
12_pet_supplies-demo-000177,12_pet_supplies,12,4be26ed1c9188f77,v2,40000,,,테일하이,,,,,
12_pet_supplies-demo-000178,12_pet_supplies,12,32ef7300ccd0449f,v2,14000,,,지독,,,,,
12_pet_supplies-demo-000179,12_pet_supplies,12,8f16f8a7ce2ca0e6,v2,5000,,,페페통,,,,,
12_pet_supplies-demo-000180,12_pet_supplies,12,1c01512c0f4100f7,v2,450000,,,가리모쿠,,,,,
12_pet_supplies-demo-000181,12_pet_supplies,12,2728b79b54145d2c,v2,27787,,,러프웨어,,,,,
12_pet_supplies-demo-000182,12_pet_supplies,12,ad115f3289efbe4d,v2,400000,,,파이피,,,,,
12_pet_supplies-demo-000183,12_pet_supplies,12,8f16f8a7ce2ca0e6,v2,5000,,,페페통,,,,,
12_pet_supplies-demo-000184,12_pet_supplies,12,2728b79b54145d2c,v2,27241,,,러프웨어,,,,,
12_pet_supplies-demo-000185,12_pet_supplies,12,e4d0444aeb274465,v2,88000,,,CATRY,,,,,
12_pet_supplies-demo-000186,12_pet_supplies,12,127d2891b8c6389e,v2,700000,,,플레이캣,,,,,
12_pet_supplies-demo-000187,12_pet_supplies,12,2b3aa49fa5719ecf,v2,21000,,,호지,,,,,
12_pet_supplies-demo-000188,12_pet_supplies,12,91382fd0e4bad0ad,v2,5000,,,캐스키드슨,,,,,
12_pet_supplies-demo-000189,12_pet_supplies,12,66fc5148df4d7a18,v2,250000,,,프라다,,,,,
12_pet_supplies-demo-000190,12_pet_supplies,12,9c1258145fa5064b,v2,160000,,,바버,,,,,
12_pet_supplies-demo-000191,12_pet_supplies,12,2ee6e8543ff3dec6,v2,180000,,,큐베리,,,,,
12_pet_supplies-demo-000192,12_pet_supplies,12,a7964d5ee9ebcdc7,v2,300001,,,지독,,,,,
12_pet_supplies-demo-000193,12_pet_supplies,12,55251e91ce82e0f2,v2,38000,,,위시캣,,,,,
12_pet_supplies-demo-000194,12_pet_supplies,12,177df9b3ecdd3dcf,v2,90000,,,스포티앤리치,,,,,
12_pet_supplies-demo-000195,12_pet_supplies,12,147480e27dcc1e9b,v2,8000,,,트루러브,,,,,
12_pet_supplies-demo-000196,12_pet_supplies,12,3587d2ab7924c8ed,v2,300000,,,가또블랑코,,,,,
12_pet_supplies-demo-000197,12_pet_supplies,12,77a2139f92a65e02,v2,341512,,,포펫츠온리,,,,,
12_pet_supplies-demo-000198,12_pet_supplies,12,77a2139f92a65e02,v2,302255,,,일룸,,,,,
12_pet_supplies-demo-000199,12_pet_supplies,12,1808e245f48a8d2b,v2,28000,,,Ruffwear,,,,,
12_pet_supplies-demo-000200,12_pet_supplies,12,24545d2815967336,v2,7000,,,멍템,,,,,
12_pet_supplies-demo-000201,12_pet_supplies,12,2de9e0fe04ce7c90,v2,30000,,,일로,,,,,
12_pet_supplies-demo-000202,12_pet_supplies,12,b04a468297ab5059,v2,50000,,,마르디메크르디,,,,,
12_pet_supplies-demo-000203,12_pet_supplies,12,cb4fe6a77fa2d54f,v2,45000,,,키튼박스,,,,,
12_pet_supplies-demo-000204,12_pet_supplies,12,2728b79b54145d2c,v2,27400,,,러프웨어,,,,,
12_pet_supplies-demo-000205,12_pet_supplies,12,77a2139f92a65e02,v2,388236,,,칸독,,,,,
12_pet_supplies-demo-000206,12_pet_supplies,12,a7964d5ee9ebcdc7,v2,300000,,,와우캣,,,,,
12_pet_supplies-demo-000207,12_pet_supplies,12,24545d2815967336,v2,7000,,,멍템,,,,,
12_pet_supplies-demo-000208,12_pet_supplies,12,9dc64cc49e30364f,v2,200000,,,BPF,,,,,
12_pet_supplies-demo-000209,12_pet_supplies,12,cba0b073d7e1dec6,v2,50000,,,위드어스,,,,,
12_pet_supplies-demo-000210,12_pet_supplies,12,d5f809c121922dc1,v2,580000,,,아이캣유,,,,,
12_pet_supplies-demo-000211,12_pet_supplies,12,77a2139f92a65e02,v2,363780,,,일룸,,,,,
12_pet_supplies-demo-000212,12_pet_supplies,12,d79dfdc6440fa2f3,v2,12345,,,포펫츠온리,,,,,
12_pet_supplies-demo-000213,12_pet_supplies,12,429813e1a30bc9c5,v2,17000,,,분독,,,,,
12_pet_supplies-demo-000214,12_pet_supplies,12,2728b79b54145d2c,v2,25283,,,러프웨어,,,,,
12_pet_supplies-demo-000215,12_pet_supplies,12,c11ad2e65211e33f,v2,30000,,,바잇미,,,,,
12_pet_supplies-demo-000216,12_pet_supplies,12,2aeb1c2f408c5014,v2,40000,,,아카디아 트레일,,,,,
12_pet_supplies-demo-000217,12_pet_supplies,12,429813e1a30bc9c5,v2,18000,,,분독,,,,,
12_pet_supplies-demo-000218,12_pet_supplies,12,55251e91ce82e0f2,v2,38000,,,위시캣,,,,,
12_pet_supplies-demo-000219,12_pet_supplies,12,9be487745fecefc3,v2,8000,,,보들랑,,,,,
12_pet_supplies-demo-000220,12_pet_supplies,12,77a2139f92a65e02,v2,367826,,,일룸,,,,,
12_pet_supplies-demo-000221,12_pet_supplies,12,f6f7c3e20fda4458,v2,90000,,,Sporty & Rich,,,,,
12_pet_supplies-demo-000222,12_pet_supplies,12,d5f809c121922dc1,v2,580000,,,아이캣유,,,,,
12_pet_supplies-demo-000223,12_pet_supplies,12,dd9e1c0d9bd228ee,v2,4444,,,윈팩토리,,,,,
12_pet_supplies-demo-000224,12_pet_supplies,12,e1816f73574b127e,v2,20000,,,Monello,,,,,
12_pet_supplies-demo-000225,12_pet_supplies,12,1f5fbee3d61ab16f,v2,226216,,,그린웨일,,,,,
12_pet_supplies-demo-000226,12_pet_supplies,12,a7964d5ee9ebcdc7,v2,300000,,,와우캣,,,,,
12_pet_supplies-demo-000227,12_pet_supplies,12,438bf49c4b9fd607,v2,27000,,,hay,,,,,
12_pet_supplies-demo-000228,12_pet_supplies,12,ba6638343d2fce95,v2,40000,,,칸독,,,,,
12_pet_supplies-demo-000229,12_pet_supplies,12,cba0b073d7e1dec6,v2,50000,,,위드어스,,,,,
12_pet_supplies-demo-000230,12_pet_supplies,12,77a2139f92a65e02,v2,268437,,,일룸,,,,,
12_pet_supplies-demo-000231,12_pet_supplies,12,177df9b3ecdd3dcf,v2,90000,,,스포티앤리치,,,,,
12_pet_supplies-demo-000232,12_pet_supplies,12,2de9e0fe04ce7c90,v2,15000,,,일로,,,,,
12_pet_supplies-demo-000233,12_pet_supplies,12,501de275b2453b4b,v2,8000,,,몰소,,,,,
12_pet_supplies-demo-000234,12_pet_supplies,12,7415cce91599d63a,v2,80000,,,디어캣,,,,,
12_pet_supplies-demo-000235,12_pet_supplies,12,32ef7300ccd0449f,v2,14000,,,지독,,,,,
12_pet_supplies-demo-000236,12_pet_supplies,12,2de9e0fe04ce7c90,v2,15000,,,일로,,,,,
12_pet_supplies-demo-000237,12_pet_supplies,12,d5f809c121922dc1,v2,960000,,,아이캣유,,,,,
12_pet_supplies-demo-000238,12_pet_supplies,12,4df87dd75d364f74,v2,200000,,,밀리옹,,,,,
12_pet_supplies-demo-000239,12_pet_supplies,12,2aeb1c2f408c5014,v2,40000,,,아카디아 트레일,,,,,
12_pet_supplies-demo-000240,12_pet_supplies,12,830f8091ef55223f,v2,100000,,,젠에보,,,,,
12_pet_supplies-demo-000241,12_pet_supplies,12,2de9e0fe04ce7c90,v2,15000,,,일로,,,,,
12_pet_supplies-demo-000242,12_pet_supplies,12,2728b79b54145d2c,v2,28233,,,일로,,,,,
12_pet_supplies-demo-000243,12_pet_supplies,12,429813e1a30bc9c5,v2,18000,,,분독,,,,,
12_pet_supplies-demo-000244,12_pet_supplies,12,7415cce91599d63a,v2,150000,,,디어캣,,,,,
12_pet_supplies-demo-000245,12_pet_supplies,12,96d8b2758e6d5b59,v2,200000,,,FOR PETS ONLY,,,,,
12_pet_supplies-demo-000246,12_pet_supplies,12,12d3c058b993724e,v2,8000,,,Seiwa Pro,,,,,
12_pet_supplies-demo-000247,12_pet_supplies,12,9900351b99b7eb15,v2,50000,,,수잔랜시,,,,,
12_pet_supplies-demo-000248,12_pet_supplies,12,9dc64cc49e30364f,v2,200000,,,BPF,,,,,
12_pet_supplies-demo-000249,12_pet_supplies,12,ad3fe3911d069786,v2,310000,,,퍼르르펙트,,,,,
12_pet_supplies-demo-000250,12_pet_supplies,12,127d2891b8c6389e,v2,700000,,,플레이캣,,,,,
12_pet_supplies-demo-000251,12_pet_supplies,12,b04a468297ab5059,v2,50000,,,마르디메크르디,,,,,
12_pet_supplies-demo-000252,12_pet_supplies,12,390eb22565c2212c,v2,10000,,,우아지오,,,,,
12_pet_supplies-demo-000253,12_pet_supplies,12,8f16f8a7ce2ca0e6,v2,5000,,,페페통,,,,,
12_pet_supplies-demo-000254,12_pet_supplies,12,28c8958a675edd17,v2,100000,,,디바피스,,,,,
12_pet_supplies-demo-000255,12_pet_supplies,12,bb15fa0c0eb6a49f,v2,150000,,,레토,,,,,
12_pet_supplies-demo-000256,12_pet_supplies,12,4f8a1762aa664d22,v2,11111111,,,LG,,,,,
12_pet_supplies-demo-000257,12_pet_supplies,12,1808e245f48a8d2b,v2,24000,,,그린웨일,,,,,
12_pet_supplies-demo-000258,12_pet_supplies,12,77a2139f92a65e02,v2,385600,,,일룸,,,,,
12_pet_supplies-demo-000259,12_pet_supplies,12,786c5f80f8955143,v2,6000,,,cocodog,,,,,
12_pet_supplies-demo-000260,12_pet_supplies,12,2728b79b54145d2c,v2,24914,,,러프웨어,,,,,
12_pet_supplies-demo-000261,12_pet_supplies,12,38fd7d39cd140876,v2,30000,,,고아웃클럽,,,,,
12_pet_supplies-demo-000262,12_pet_supplies,12,d5f809c121922dc1,v2,960000,,,아이캣유,,,,,
12_pet_supplies-demo-000263,12_pet_supplies,12,4084ebd08c6061aa,v2,25000,,,메이킷,,,,,
12_pet_supplies-demo-000264,12_pet_supplies,12,4c0609b104b87e32,v2,100000,,,바우뮤,,,,,
12_pet_supplies-demo-000265,12_pet_supplies,12,55251e91ce82e0f2,v2,38000,,,위시캣,,,,,
12_pet_supplies-demo-000266,12_pet_supplies,12,4be26ed1c9188f77,v2,45000,,,테일하이,,,,,
12_pet_supplies-demo-000267,12_pet_supplies,12,4be26ed1c9188f77,v2,45000,,,테일하이,,,,,
12_pet_supplies-demo-000268,12_pet_supplies,12,2ee6e8543ff3dec6,v2,180000,,,큐베리,,,,,
12_pet_supplies-demo-000269,12_pet_supplies,12,4be26ed1c9188f77,v2,30000,,,테일하이,,,,,
12_pet_supplies-demo-000270,12_pet_supplies,12,4be26ed1c9188f77,v2,45000,,,테일하이,,,,,
12_pet_supplies-demo-000271,12_pet_supplies,12,d79dfdc6440fa2f3,v2,180000,,,포펫츠온리,,,,,
12_pet_supplies-demo-000272,12_pet_supplies,12,a7964d5ee9ebcdc7,v2,300000,,,와우캣,,,,,
12_pet_supplies-demo-000273,12_pet_supplies,12,7415cce91599d63a,v2,220000,,,디어캣,,,,,
12_pet_supplies-demo-000274,12_pet_supplies,12,9900351b99b7eb15,v2,50000,,,수잔랜시,,,,,
12_pet_supplies-demo-000275,12_pet_supplies,12,d5f809c121922dc1,v2,580000,,,아이캣유,,,,,
12_pet_supplies-demo-000276,12_pet_supplies,12,1808e245f48a8d2b,v2,28000,,,Ruffwear,,,,,
12_pet_supplies-demo-000277,12_pet_supplies,12,77a2139f92a65e02,v2,270750,,,일룸,,,,,
12_pet_supplies-demo-000278,12_pet_supplies,12,2728b79b54145d2c,v2,25571,,,러프웨어,,,,,
12_pet_supplies-demo-000279,12_pet_supplies,12,2b3aa49fa5719ecf,v2,21000,,,호지,,,,,
12_pet_supplies-demo-000280,12_pet_supplies,12,a7964d5ee9ebcdc7,v2,300001,,,와우캣,,,,,
12_pet_supplies-demo-000281,12_pet_supplies,12,77a2139f92a65e02,v2,351649,,,일룸,,,,,
12_pet_supplies-demo-000282,12_pet_supplies,12,429813e1a30bc9c5,v2,17000,,,분독,,,,,
12_pet_supplies-demo-000283,12_pet_supplies,12,0c81380a00909167,v2,45000,,,호우디자인,,,,,
12_pet_supplies-demo-000284,12_pet_supplies,12,1f5fbee3d61ab16f,v2,178704,,,그린웨일,,,,,
12_pet_supplies-demo-000285,12_pet_supplies,12,28c8958a675edd17,v2,100000,,,디바피스,,,,,
12_pet_supplies-demo-000286,12_pet_supplies,12,04aed5e2cf573475,v2,700000,,,루이비통,,,,,
12_pet_supplies-demo-000287,12_pet_supplies,12,438bf49c4b9fd607,v2,50000,,,HAY,,,,,
12_pet_supplies-demo-000288,12_pet_supplies,12,77a2139f92a65e02,v2,268615,,,일룸,,,,,
12_pet_supplies-demo-000289,12_pet_supplies,12,438bf49c4b9fd607,v2,50000,,,HAY,,,,,
12_pet_supplies-demo-000290,12_pet_supplies,12,d4aa9ff0cc32956b,v2,130000,,,MCM,,,,,
12_pet_supplies-demo-000291,12_pet_supplies,12,4be26ed1c9188f77,v2,30000,,,테일하이,,,,,
12_pet_supplies-demo-000292,12_pet_supplies,12,bb15fa0c0eb6a49f,v2,150000,,,레토,,,,,
12_pet_supplies-demo-000293,12_pet_supplies,12,957fd554333ad9b8,v2,120000,,,러프웨어,,,,,
12_pet_supplies-demo-000294,12_pet_supplies,12,bb15fa0c0eb6a49f,v2,150000,,,레토,,,,,
12_pet_supplies-demo-000295,12_pet_supplies,12,77a2139f92a65e02,v2,367997,,,일룸,,,,,
12_pet_supplies-demo-000296,12_pet_supplies,12,3587d2ab7924c8ed,v2,100000,,,가또블랑코,,,,,
12_pet_supplies-demo-000297,12_pet_supplies,12,7415cce91599d63a,v2,150000,,,디어캣,,,,,
12_pet_supplies-demo-000298,12_pet_supplies,12,7415cce91599d63a,v2,220000,,,디어캣,,,,,
12_pet_supplies-demo-000299,12_pet_supplies,12,4be26ed1c9188f77,v2,30000,,,테일하이,,,,,
12_pet_supplies-demo-000300,12_pet_supplies,12,19b93378211d2c3e,v2,37000,,,루파인펫,,,,,
12_pet_supplies-demo-000301,12_pet_supplies,12,9c1258145fa5064b,v2,160000,,,바버,,,,,
12_pet_supplies-demo-000302,12_pet_supplies,12,dd9e1c0d9bd228ee,v2,4444,,,윈팩토리,,,,,
12_pet_supplies-demo-000303,12_pet_supplies,12,2728b79b54145d2c,v2,26337,,,러프웨어,,,,,
12_pet_supplies-demo-000304,12_pet_supplies,12,850415066900a8b3,v2,18000,,,밀크앤페퍼,,,,,
12_pet_supplies-demo-000305,12_pet_supplies,12,e05c63ad485c8b16,v2,300000,,,마스코티안,,,,,
12_pet_supplies-demo-000306,12_pet_supplies,12,c11ad2e65211e33f,v2,20000,,,바잇미,,,,,
12_pet_supplies-demo-000307,12_pet_supplies,12,d79dfdc6440fa2f3,v2,12345,,,포펫츠온리,,,,,
12_pet_supplies-demo-000308,12_pet_supplies,12,77a2139f92a65e02,v2,365135,,,마스코티안,,,,,
12_pet_supplies-demo-000309,12_pet_supplies,12,cba0b073d7e1dec6,v2,50000,,,위드어스,,,,,
12_pet_supplies-demo-000310,12_pet_supplies,12,2728b79b54145d2c,v2,26847,,,러프웨어,,,,,
12_pet_supplies-demo-000311,12_pet_supplies,12,55251e91ce82e0f2,v2,28000,,,위시캣,,,,,
12_pet_supplies-demo-000312,12_pet_supplies,12,7415cce91599d63a,v2,150000,,,디어캣,,,,,
12_pet_supplies-demo-000313,12_pet_supplies,12,295272906f2be41c,v2,40000,,,텔레팟,,,,,
12_pet_supplies-demo-000314,12_pet_supplies,12,9dc64cc49e30364f,v2,200000,,,BPF,,,,,
12_pet_supplies-demo-000315,12_pet_supplies,12,1f5fbee3d61ab16f,v2,199064,,,그린웨일,,,,,
12_pet_supplies-demo-000316,12_pet_supplies,12,77a2139f92a65e02,v2,405672,,,일룸,,,,,
12_pet_supplies-demo-000317,12_pet_supplies,12,429813e1a30bc9c5,v2,17000,,,분독,,,,,
12_pet_supplies-demo-000318,12_pet_supplies,12,81e85e01bcdfab44,v2,80000,,,나비나무,,,,,
12_pet_supplies-demo-000319,12_pet_supplies,12,70f5e9761464c327,v2,70000,,,크레용펫,,,,,
12_pet_supplies-demo-000320,12_pet_supplies,12,4f8a1762aa664d22,v2,11111111,,,LG,,,,,
12_pet_supplies-demo-000321,12_pet_supplies,12,177df9b3ecdd3dcf,v2,90000,,,칸독,,,,,
12_pet_supplies-demo-000322,12_pet_supplies,12,3587d2ab7924c8ed,v2,300000,,,가또블랑코,,,,,
12_pet_supplies-demo-000323,12_pet_supplies,12,77a2139f92a65e02,v2,333957,,,일룸,,,,,
12_pet_supplies-demo-000324,12_pet_supplies,12,390eb22565c2212c,v2,10000,,,우아지오,,,,,
12_pet_supplies-demo-000325,12_pet_supplies,12,d79dfdc6440fa2f3,v2,180000,,,포펫츠온리,,,,,
12_pet_supplies-demo-000326,12_pet_supplies,12,77a2139f92a65e02,v2,405809,,,일룸,,,,,
12_pet_supplies-demo-000327,12_pet_supplies,12,4be26ed1c9188f77,v2,45000,,,테일하이,,,,,
12_pet_supplies-demo-000328,12_pet_supplies,12,55251e91ce82e0f2,v2,38000,,,위시캣,,,,,
12_pet_supplies-demo-000329,12_pet_supplies,12,70f5e9761464c327,v2,70000,,,크레용펫,,,,,
12_pet_supplies-demo-000330,12_pet_supplies,12,0efad49505b91b90,v2,17000,,,독스랩,,,,,
12_pet_supplies-demo-000331,12_pet_supplies,12,e4d0444aeb274465,v2,88000,,,루이비통,,,,,
12_pet_supplies-demo-000332,12_pet_supplies,12,04aed5e2cf573475,v2,700000,,,루이비통,,,,,
12_pet_supplies-demo-000333,12_pet_supplies,12,ad3fe3911d069786,v2,310000,,,퍼르르펙트,,,,,
12_pet_supplies-demo-000334,12_pet_supplies,12,bc1608af9129abf7,v2,200000,,,트릴로,,,,,
12_pet_supplies-demo-000335,12_pet_supplies,12,1c01512c0f4100f7,v2,450000,,,가리모쿠,,,,,
12_pet_supplies-demo-000336,12_pet_supplies,12,12d3c058b993724e,v2,8000,,,Seiwa Pro,,,,,
12_pet_supplies-demo-000337,12_pet_supplies,12,77a2139f92a65e02,v2,333709,,,일룸,,,,,
12_pet_supplies-demo-000338,12_pet_supplies,12,1f5fbee3d61ab16f,v2,201647,,,포펫츠온리,,,,,
12_pet_supplies-demo-000339,12_pet_supplies,12,f1aa20f26a005a0f,v2,150000,,,펫코본,,,,,
12_pet_supplies-demo-000340,12_pet_supplies,12,55251e91ce82e0f2,v2,28000,,,위시캣,,,,,
12_pet_supplies-demo-000341,12_pet_supplies,12,2728b79b54145d2c,v2,24435,,,LG,,,,,
12_pet_supplies-demo-000342,12_pet_supplies,12,a7964d5ee9ebcdc7,v2,300000,,,와우캣,,,,,
12_pet_supplies-demo-000343,12_pet_supplies,12,7415cce91599d63a,v2,220000,,,디어캣,,,,,
12_pet_supplies-demo-000344,12_pet_supplies,12,ba6638343d2fce95,v2,30000,,,칸독,,,,,
12_pet_supplies-demo-000345,12_pet_supplies,12,19b93378211d2c3e,v2,37000,,,루파인펫,,,,,
12_pet_supplies-demo-000346,12_pet_supplies,12,32ef7300ccd0449f,v2,14000,,,지독,,,,,
12_pet_supplies-demo-000347,12_pet_supplies,12,9dc64cc49e30364f,v2,200000,,,BPF,,,,,
12_pet_supplies-demo-000348,12_pet_supplies,12,d79dfdc6440fa2f3,v2,12345,,,포펫츠온리,,,,,
12_pet_supplies-demo-000349,12_pet_supplies,12,bb15fa0c0eb6a49f,v2,150000,,,레토,,,,,
12_pet_supplies-demo-000350,12_pet_supplies,12,1808e245f48a8d2b,v2,28000,,,Ruffwear,,,,,
12_pet_supplies-demo-000351,12_pet_supplies,12,9dc64cc49e30364f,v2,200000,,,BPF,,,,,
12_pet_supplies-demo-000352,12_pet_supplies,12,9c1258145fa5064b,v2,160000,,,바버,,,,,
12_pet_supplies-demo-000353,12_pet_supplies,12,2728b79b54145d2c,v2,23164,,,러프웨어,,,,,
12_pet_supplies-demo-000354,12_pet_supplies,12,2728b79b54145d2c,v2,26575,,,러프웨어,,,,,
12_pet_supplies-demo-000355,12_pet_supplies,12,ba6638343d2fce95,v2,30000,,,칸독,,,,,
12_pet_supplies-demo-000356,12_pet_supplies,12,7415cce91599d63a,v2,150000,,,디어캣,,,,,
12_pet_supplies-demo-000357,12_pet_supplies,12,2aeb1c2f408c5014,v2,40000,,,아카디아 트레일,,,,,
12_pet_supplies-demo-000358,12_pet_supplies,12,147480e27dcc1e9b,v2,8000,,,트루러브,,,,,
12_pet_supplies-demo-000359,12_pet_supplies,12,24545d2815967336,v2,7000,,,멍템,,,,,
12_pet_supplies-demo-000360,12_pet_supplies,12,295272906f2be41c,v2,40000,,,텔레팟,,,,,
12_pet_supplies-demo-000361,12_pet_supplies,12,a5fc2faa924bd8b4,v2,22222,,,멘도타,,,,,
12_pet_supplies-demo-000362,12_pet_supplies,12,77a2139f92a65e02,v2,326700,,,일룸,,,,,
12_pet_supplies-demo-000363,12_pet_supplies,12,d79dfdc6440fa2f3,v2,130000,,,포펫츠온리,,,,,
12_pet_supplies-demo-000364,12_pet_supplies,12,77a2139f92a65e02,v2,257334,,,일룸,,,,,
12_pet_supplies-demo-000365,12_pet_supplies,12,957fd554333ad9b8,v2,120000,,,이나모라다,,,,,
12_pet_supplies-demo-000366,12_pet_supplies,12,b72dd8a6c5590ebf,v2,30000,,,테틈 떼아몽,,,,,
12_pet_supplies-demo-000367,12_pet_supplies,12,9be487745fecefc3,v2,8000,,,보들랑,,,,,
12_pet_supplies-demo-000368,12_pet_supplies,12,77a2139f92a65e02,v2,287035,,,일룸,,,,,
12_pet_supplies-demo-000369,12_pet_supplies,12,21f685ad9ced5213,v2,80000,,,하울팟,,,,,
12_pet_supplies-demo-000370,12_pet_supplies,12,2728b79b54145d2c,v2,29735,,,러프웨어,,,,,
12_pet_supplies-demo-000371,12_pet_supplies,12,1808e245f48a8d2b,v2,24000,,,Ruffwear,,,,,
12_pet_supplies-demo-000372,12_pet_supplies,12,9c1258145fa5064b,v2,160000,,,바버,,,,,
12_pet_supplies-demo-000373,12_pet_supplies,12,43c0089a9bbb2d76,v2,230000,,,오브바이포,,,,,
12_pet_supplies-demo-000374,12_pet_supplies,12,1f5fbee3d61ab16f,v2,215102,,,그린웨일,,,,,
12_pet_supplies-demo-000375,12_pet_supplies,12,19b93378211d2c3e,v2,37000,,,브리스캣,,,,,
12_pet_supplies-demo-000376,12_pet_supplies,12,bc1608af9129abf7,v2,200000,,,트릴로,,,,,
12_pet_supplies-demo-000377,12_pet_supplies,12,9a513cd194a7e695,v2,30000,,,윌더독,,,,,
12_pet_supplies-demo-000378,12_pet_supplies,12,c75626c44b1c51c0,v2,15000,,,펫502,,,,,
12_pet_supplies-demo-000379,12_pet_supplies,12,1f5fbee3d61ab16f,v2,223295,,,호우디자인,,,,,
12_pet_supplies-demo-000380,12_pet_supplies,12,957fd554333ad9b8,v2,120000,,,이나모라다,,,,,
12_pet_supplies-demo-000381,12_pet_supplies,12,e4d0444aeb274465,v2,88000,,,CATRY,,,,,
12_pet_supplies-demo-000382,12_pet_supplies,12,77a2139f92a65e02,v2,272917,,,일룸,,,,,
12_pet_supplies-demo-000383,12_pet_supplies,12,4c0609b104b87e32,v2,100000,,,바우뮤,,,,,
12_pet_supplies-demo-000384,12_pet_supplies,12,177df9b3ecdd3dcf,v2,90000,,,스포티앤리치,,,,,
12_pet_supplies-demo-000385,12_pet_supplies,12,3f61c892bbd831da,v2,9000,,,인히어런트,,,,,
12_pet_supplies-demo-000386,12_pet_supplies,12,2728b79b54145d2c,v2,24312,,,러프웨어,,,,,
12_pet_supplies-demo-000387,12_pet_supplies,12,1f5fbee3d61ab16f,v2,215408,,,그린웨일,,,,,
12_pet_supplies-demo-000388,12_pet_supplies,12,2728b79b54145d2c,v2,24770,,,테일하이,,,,,
12_pet_supplies-demo-000389,12_pet_supplies,12,295272906f2be41c,v2,40000,,,텔레팟,,,,,
12_pet_supplies-demo-000390,12_pet_supplies,12,19b93378211d2c3e,v2,37000,,,일룸,,,,,
12_pet_supplies-demo-000391,12_pet_supplies,12,cba0b073d7e1dec6,v2,50000,,,위드어스,,,,,
12_pet_supplies-demo-000392,12_pet_supplies,12,3587d2ab7924c8ed,v2,300000,,,가또블랑코,,,,,
12_pet_supplies-demo-000393,12_pet_supplies,12,390eb22565c2212c,v2,10000,,,플레이캣,,,,,
12_pet_supplies-demo-000394,12_pet_supplies,12,2728b79b54145d2c,v2,24128,,,러프웨어,,,,,
12_pet_supplies-demo-000395,12_pet_supplies,12,12d3c058b993724e,v2,8000,,,Seiwa Pro,,,,,
12_pet_supplies-demo-000396,12_pet_supplies,12,77a2139f92a65e02,v2,384847,,,일룸,,,,,
12_pet_supplies-demo-000397,12_pet_supplies,12,f6f7c3e20fda4458,v2,90000,,,테틈 떼아몽,,,,,
12_pet_supplies-demo-000398,12_pet_supplies,12,f8a9ea7e742d0847,v2,150000,,,캣네스트,,,,,
12_pet_supplies-demo-000399,12_pet_supplies,12,ba6638343d2fce95,v2,40000,,,칸독,,,,,
12_pet_supplies-demo-000400,12_pet_supplies,12,2728b79b54145d2c,v2,27384,,,러프웨어,,,,,
12_pet_supplies-demo-000401,12_pet_supplies,12,3f61c892bbd831da,v2,5900,,,LG,,,,,
12_pet_supplies-demo-000402,12_pet_supplies,12,316c62696aa940b2,v2,20000,,,스트롤,,,,,
12_pet_supplies-demo-000403,12_pet_supplies,12,4084ebd08c6061aa,v2,25000,,,메이킷,,,,,
12_pet_supplies-demo-000404,12_pet_supplies,12,2b3aa49fa5719ecf,v2,21000,,,호지,,,,,
12_pet_supplies-demo-000405,12_pet_supplies,12,127d2891b8c6389e,v2,580000,,,플레이캣,,,,,
12_pet_supplies-demo-000406,12_pet_supplies,12,81e85e01bcdfab44,v2,80000,,,나비나무,,,,,
12_pet_supplies-demo-000407,12_pet_supplies,12,a7964d5ee9ebcdc7,v2,300000,,,와우캣,,,,,
12_pet_supplies-demo-000408,12_pet_supplies,12,4df87dd75d364f74,v2,920000,,,밀리옹,,,,,
12_pet_supplies-demo-000409,12_pet_supplies,12,295272906f2be41c,v2,40000,,,텔레팟,,,,,
12_pet_supplies-demo-000410,12_pet_supplies,12,7415cce91599d63a,v2,150000,,,디어캣,,,,,
12_pet_supplies-demo-000411,12_pet_supplies,12,850415066900a8b3,v2,18000,,,밀크앤페퍼,,,,,
12_pet_supplies-demo-000412,12_pet_supplies,12,3f61c892bbd831da,v2,5900,,,인히어런트,,,,,
12_pet_supplies-demo-000413,12_pet_supplies,12,4be26ed1c9188f77,v2,40000,,,일룸,,,,,
12_pet_supplies-demo-000414,12_pet_supplies,12,d79dfdc6440fa2f3,v2,180000,,,포펫츠온리,,,,,
12_pet_supplies-demo-000415,12_pet_supplies,12,4b8b6ba83d9026d5,v2,100000,,,일룸,,,,,
12_pet_supplies-demo-000416,12_pet_supplies,12,1808e245f48a8d2b,v2,24000,,,Ruffwear,,,,,
12_pet_supplies-demo-000417,12_pet_supplies,12,4c0609b104b87e32,v2,100000,,,바우뮤,,,,,
12_pet_supplies-demo-000418,12_pet_supplies,12,127d2891b8c6389e,v2,580000,,,플레이캣,,,,,
12_pet_supplies-demo-000419,12_pet_supplies,12,147480e27dcc1e9b,v2,8000,,,트루러브,,,,,
12_pet_supplies-demo-000420,12_pet_supplies,12,850415066900a8b3,v2,18000,,,밀크앤페퍼,,,,,
12_pet_supplies-demo-000421,12_pet_supplies,12,1808e245f48a8d2b,v2,24000,,,Ruffwear,,,,,
12_pet_supplies-demo-000422,12_pet_supplies,12,7415cce91599d63a,v2,80000,,,디어캣,,,,,
12_pet_supplies-demo-000423,12_pet_supplies,12,7415cce91599d63a,v2,80000,,,디어캣,,,,,
12_pet_supplies-demo-000424,12_pet_supplies,12,4b8b6ba83d9026d5,v2,100000,,,테틈 떼아몽,,,,,
12_pet_supplies-demo-000425,12_pet_supplies,12,4f8a1762aa664d22,v2,11111111,,,LG,,,,,
12_pet_supplies-demo-000426,12_pet_supplies,12,ba6638343d2fce95,v2,30000,,,칸독,,,,,
12_pet_supplies-demo-000427,12_pet_supplies,12,8f16f8a7ce2ca0e6,v2,5000,,,페페통,,,,,
12_pet_supplies-demo-000428,12_pet_supplies,12,4c0609b104b87e32,v2,100000,,,바우뮤,,,,,
12_pet_supplies-demo-000429,12_pet_supplies,12,f2ac006df34274f0,v2,24000,,,꼬순내,,,,,
12_pet_supplies-demo-000430,12_pet_supplies,12,2728b79b54145d2c,v2,23918,,,러프웨어,,,,,
12_pet_supplies-demo-000431,12_pet_supplies,12,390eb22565c2212c,v2,10000,,,우아지오,,,,,
12_pet_supplies-demo-000432,12_pet_supplies,12,a7964d5ee9ebcdc7,v2,300000,,,와우캣,,,,,
12_pet_supplies-demo-000433,12_pet_supplies,12,575e7da8cf2d88b9,v2,200000,,,크로노,,,,,
12_pet_supplies-demo-000434,12_pet_supplies,12,2728b79b54145d2c,v2,29946,,,러프웨어,,,,,
12_pet_supplies-demo-000435,12_pet_supplies,12,2728b79b54145d2c,v2,29360,,,러프웨어,,,,,
12_pet_supplies-demo-000436,12_pet_supplies,12,a7964d5ee9ebcdc7,v2,300000,,,와우캣,,,,,
12_pet_supplies-demo-000437,12_pet_supplies,12,77a2139f92a65e02,v2,334285,,,일룸,,,,,
12_pet_supplies-demo-000438,12_pet_supplies,12,38fd7d39cd140876,v2,30000,,,고아웃클럽,,,,,
12_pet_supplies-demo-000439,12_pet_supplies,12,7415cce91599d63a,v2,80000,,,디어캣,,,,,
12_pet_supplies-demo-000440,12_pet_supplies,12,b04a468297ab5059,v2,50000,,,마르디메크르디,,,,,
12_pet_supplies-demo-000441,12_pet_supplies,12,a7964d5ee9ebcdc7,v2,300000,,,와우캣,,,,,
12_pet_supplies-demo-000442,12_pet_supplies,12,ee7610abeceb1540,v2,35000,,,고프,,,,,
12_pet_supplies-demo-000443,12_pet_supplies,12,901d539e89aed120,v2,100000,,,모노케츠,,,,,
12_pet_supplies-demo-000444,12_pet_supplies,12,77a2139f92a65e02,v2,419251,,,일룸,,,,,
12_pet_supplies-demo-000445,12_pet_supplies,12,669da6c77299478c,v2,30000,,,KONG,,,,,
12_pet_supplies-demo-000446,12_pet_supplies,12,9c1258145fa5064b,v2,160000,,,바버,,,,,
12_pet_supplies-demo-000447,12_pet_supplies,12,28c8958a675edd17,v2,100000,,,스포티앤리치,,,,,
12_pet_supplies-demo-000448,12_pet_supplies,12,7415cce91599d63a,v2,80000,,,디어캣,,,,,
12_pet_supplies-demo-000449,12_pet_supplies,12,2b3aa49fa5719ecf,v2,21000,,,호지,,,,,
12_pet_supplies-demo-000450,12_pet_supplies,12,9be487745fecefc3,v2,8000,,,보들랑,,,,,
12_pet_supplies-demo-000451,12_pet_supplies,12,177df9b3ecdd3dcf,v2,90000,,,스포티앤리치,,,,,
12_pet_supplies-demo-000452,12_pet_supplies,12,2728b79b54145d2c,v2,23134,,,러프웨어,,,,,
12_pet_supplies-demo-000453,12_pet_supplies,12,77a2139f92a65e02,v2,381715,,,본독,,,,,
12_pet_supplies-demo-000454,12_pet_supplies,12,4be26ed1c9188f77,v2,30000,,,바우뮤,,,,,
12_pet_supplies-demo-000455,12_pet_supplies,12,2728b79b54145d2c,v2,29951,,,러프웨어,,,,,
12_pet_supplies-demo-000456,12_pet_supplies,12,32ef7300ccd0449f,v2,14000,,,지독,,,,,
12_pet_supplies-demo-000457,12_pet_supplies,12,127d2891b8c6389e,v2,580000,,,플레이캣,,,,,
12_pet_supplies-demo-000458,12_pet_supplies,12,9c1258145fa5064b,v2,160000,,,바버,,,,,
12_pet_supplies-demo-000459,12_pet_supplies,12,e05c63ad485c8b16,v2,300000,,,마스코티안,,,,,
12_pet_supplies-demo-000460,12_pet_supplies,12,0c81380a00909167,v2,45000,,,호우디자인,,,,,
12_pet_supplies-demo-000461,12_pet_supplies,12,9c1258145fa5064b,v2,160000,,,바버,,,,,
12_pet_supplies-demo-000462,12_pet_supplies,12,1f5fbee3d61ab16f,v2,194037,,,그린웨일,,,,,
12_pet_supplies-demo-000463,12_pet_supplies,12,77a2139f92a65e02,v2,294417,,,본독,,,,,
12_pet_supplies-demo-000464,12_pet_supplies,12,429813e1a30bc9c5,v2,18000,,,분독,,,,,
12_pet_supplies-demo-000465,12_pet_supplies,12,e1816f73574b127e,v2,20000,,,Monello,,,,,
12_pet_supplies-demo-000466,12_pet_supplies,12,850415066900a8b3,v2,18000,,,바버,,,,,
12_pet_supplies-demo-000467,12_pet_supplies,12,4df87dd75d364f74,v2,200000,,,밀리옹,,,,,
12_pet_supplies-demo-000468,12_pet_supplies,12,9dc64cc49e30364f,v2,200000,,,BPF,,,,,
12_pet_supplies-demo-000469,12_pet_supplies,12,d5f809c121922dc1,v2,960000,,,아이캣유,,,,,
12_pet_supplies-demo-000470,12_pet_supplies,12,77a2139f92a65e02,v2,256725,,,일룸,,,,,
12_pet_supplies-demo-000471,12_pet_supplies,12,1f5fbee3d61ab16f,v2,206315,,,그린웨일,,,,,
12_pet_supplies-demo-000472,12_pet_supplies,12,55251e91ce82e0f2,v2,38000,,,위시캣,,,,,
12_pet_supplies-demo-000473,12_pet_supplies,12,9c1258145fa5064b,v2,160000,,,바버,,,,,
12_pet_supplies-demo-000474,12_pet_supplies,12,1f5fbee3d61ab16f,v2,210479,,,그린웨일,,,,,
12_pet_supplies-demo-000475,12_pet_supplies,12,c11ad2e65211e33f,v2,20000,,,바잇미,,,,,
12_pet_supplies-demo-000476,12_pet_supplies,12,77a2139f92a65e02,v2,387576,,,일룸,,,,,
12_pet_supplies-demo-000477,12_pet_supplies,12,66fc5148df4d7a18,v2,250000,,,프라다,,,,,
12_pet_supplies-demo-000478,12_pet_supplies,12,2aeb1c2f408c5014,v2,40000,,,아카디아 트레일,,,,,
12_pet_supplies-demo-000479,12_pet_supplies,12,dd9e1c0d9bd228ee,v2,4444,,,윈팩토리,,,,,
12_pet_supplies-demo-000480,12_pet_supplies,12,429813e1a30bc9c5,v2,17000,,,분독,,,,,
12_pet_supplies-demo-000481,12_pet_supplies,12,957fd554333ad9b8,v2,120000,,,이나모라다,,,,,
12_pet_supplies-demo-000482,12_pet_supplies,12,04aed5e2cf573475,v2,700000,,,루이비통,,,,,
12_pet_supplies-demo-000483,12_pet_supplies,12,77a2139f92a65e02,v2,282615,,,일룸,,,,,
12_pet_supplies-demo-000484,12_pet_supplies,12,0efad49505b91b90,v2,17000,,,Seiwa Pro,,,,,
12_pet_supplies-demo-000485,12_pet_supplies,12,9c1258145fa5064b,v2,160000,,,바버,,,,,
12_pet_supplies-demo-000486,12_pet_supplies,12,77a2139f92a65e02,v2,293031,,,일룸,,,,,
12_pet_supplies-demo-000487,12_pet_supplies,12,4be26ed1c9188f77,v2,40000,,,테일하이,,,,,
12_pet_supplies-demo-000488,12_pet_supplies,12,1f5fbee3d61ab16f,v2,186876,,,그린웨일,,,,,
12_pet_supplies-demo-000489,12_pet_supplies,12,ad3fe3911d069786,v2,310000,,,퍼르르펙트,,,,,
12_pet_supplies-demo-000490,12_pet_supplies,12,9a513cd194a7e695,v2,30000,,,윌더독,,,,,
12_pet_supplies-demo-000491,12_pet_supplies,12,d79dfdc6440fa2f3,v2,180000,,,포펫츠온리,,,,,
12_pet_supplies-demo-000492,12_pet_supplies,12,e110752c6496e8c0,v2,20000,,,kmmmm,,,,,
12_pet_supplies-demo-000493,12_pet_supplies,12,1808e245f48a8d2b,v2,28000,,,Ruffwear,,,,,
12_pet_supplies-demo-000494,12_pet_supplies,12,9c1258145fa5064b,v2,160000,,,바버,,,,,
12_pet_supplies-demo-000495,12_pet_supplies,12,9175ae438bcaf3bc,v2,12000,,,리플렉트,,,,,
12_pet_supplies-demo-000496,12_pet_supplies,12,f8a9ea7e742d0847,v2,150000,,,캣네스트,,,,,
12_pet_supplies-demo-000497,12_pet_supplies,12,e05c63ad485c8b16,v2,300000,,,스포티앤리치,,,,,
12_pet_supplies-demo-000498,12_pet_supplies,12,f2ac006df34274f0,v2,24000,,,꼬순내,,,,,
12_pet_supplies-demo-000499,12_pet_supplies,12,77a2139f92a65e02,v2,246275,,,일룸,,,,,
12_pet_supplies-demo-000500,12_pet_supplies,12,4c61d0e63c771631,v2,36000,,,아이캔더,,,,,
12_pet_supplies-demo-000501,12_pet_supplies,12,a2020031a0fcab1f,v2,330000,,,키튼박스,,,,,
12_pet_supplies-demo-000502,12_pet_supplies,12,2b3aa49fa5719ecf,v2,21000,,,호지,,,,,
12_pet_supplies-demo-000503,12_pet_supplies,12,21f685ad9ced5213,v2,80000,,,하울팟,,,,,
12_pet_supplies-demo-000504,12_pet_supplies,12,3587d2ab7924c8ed,v2,100000,,,가또블랑코,,,,,
12_pet_supplies-demo-000505,12_pet_supplies,12,24545d2815967336,v2,7000,,,멍템,,,,,
12_pet_supplies-demo-000506,12_pet_supplies,12,1f5fbee3d61ab16f,v2,185581,,,그린웨일,,,,,
12_pet_supplies-demo-000507,12_pet_supplies,12,4c61d0e63c771631,v2,36000,,,아이캔더,,,,,
12_pet_supplies-demo-000508,12_pet_supplies,12,1f5fbee3d61ab16f,v2,216440,,,그린웨일,,,,,
12_pet_supplies-demo-000509,12_pet_supplies,12,c11ad2e65211e33f,v2,30000,,,바잇미,,,,,
12_pet_supplies-demo-000510,12_pet_supplies,12,4c61d0e63c771631,v2,36000,,,아이캔더,,,,,
12_pet_supplies-demo-000511,12_pet_supplies,12,28c8958a675edd17,v2,100000,,,플레이캣,,,,,
12_pet_supplies-demo-000512,12_pet_supplies,12,e05c63ad485c8b16,v2,300000,,,마스코티안,,,,,
12_pet_supplies-demo-000513,12_pet_supplies,12,77a2139f92a65e02,v2,337150,,,일룸,,,,,
12_pet_supplies-demo-000514,12_pet_supplies,12,d79dfdc6440fa2f3,v2,180000,,,포펫츠온리,,,,,
12_pet_supplies-demo-000515,12_pet_supplies,12,830f8091ef55223f,v2,100000,,,젠에보,,,,,
12_pet_supplies-demo-000516,12_pet_supplies,12,f2ac006df34274f0,v2,24000,,,꼬순내,,,,,
12_pet_supplies-demo-000517,12_pet_supplies,12,e110752c6496e8c0,v2,20000,,,kmmmm,,,,,
12_pet_supplies-demo-000518,12_pet_supplies,12,04aed5e2cf573475,v2,700000,,,루이비통,,,,,
12_pet_supplies-demo-000519,12_pet_supplies,12,2728b79b54145d2c,v2,27303,,,러프웨어,,,,,
12_pet_supplies-demo-000520,12_pet_supplies,12,4be26ed1c9188f77,v2,45000,,,테일하이,,,,,
12_pet_supplies-demo-000521,12_pet_supplies,12,c11ad2e65211e33f,v2,20000,,,바잇미,,,,,
12_pet_supplies-demo-000522,12_pet_supplies,12,12d3c058b993724e,v2,8000,,,Seiwa Pro,,,,,
12_pet_supplies-demo-000523,12_pet_supplies,12,ad115f3289efbe4d,v2,400000,,,파이피,,,,,
12_pet_supplies-demo-000524,12_pet_supplies,12,0efcaf21061a4c0e,v2,100000,,,브리스캣,,,,,
12_pet_supplies-demo-000525,12_pet_supplies,12,cb4fe6a77fa2d54f,v2,45000,,,펫랑,,,,,
12_pet_supplies-demo-000526,12_pet_supplies,12,1f5fbee3d61ab16f,v2,198129,,,그린웨일,,,,,
12_pet_supplies-demo-000527,12_pet_supplies,12,12d3c058b993724e,v2,8000,,,브리스캣,,,,,
12_pet_supplies-demo-000528,12_pet_supplies,12,1c01512c0f4100f7,v2,450000,,,가리모쿠,,,,,
12_pet_supplies-demo-000529,12_pet_supplies,12,9c1258145fa5064b,v2,160000,,,바버,,,,,
12_pet_supplies-demo-000530,12_pet_supplies,12,2de9e0fe04ce7c90,v2,15000,,,일로,,,,,
12_pet_supplies-demo-000531,12_pet_supplies,12,2728b79b54145d2c,v2,28912,,,러프웨어,,,,,
12_pet_supplies-demo-000532,12_pet_supplies,12,669da6c77299478c,v2,30000,,,KONG,,,,,
12_pet_supplies-demo-000533,12_pet_supplies,12,77a2139f92a65e02,v2,269945,,,일룸,,,,,
12_pet_supplies-demo-000534,12_pet_supplies,12,830f8091ef55223f,v2,100000,,,젠에보,,,,,
12_pet_supplies-demo-000535,12_pet_supplies,12,f6f7c3e20fda4458,v2,90000,,,hay,,,,,
12_pet_supplies-demo-000536,12_pet_supplies,12,ba6638343d2fce95,v2,40000,,,칸독,,,,,
12_pet_supplies-demo-000537,12_pet_supplies,12,957fd554333ad9b8,v2,120000,,,이나모라다,,,,,
12_pet_supplies-demo-000538,12_pet_supplies,12,7415cce91599d63a,v2,220000,,,디어캣,,,,,
12_pet_supplies-demo-000539,12_pet_supplies,12,3f61c892bbd831da,v2,150000,,,인히어런트,,,,,
12_pet_supplies-demo-000540,12_pet_supplies,12,ba6638343d2fce95,v2,40000,,,칸독,,,,,
12_pet_supplies-demo-000541,12_pet_supplies,12,9175ae438bcaf3bc,v2,12000,,,리플렉트,,,,,
12_pet_supplies-demo-000542,12_pet_supplies,12,4be26ed1c9188f77,v2,45000,,,테일하이,,,,,
12_pet_supplies-demo-000543,12_pet_supplies,12,dd9e1c0d9bd228ee,v2,4444,,,윈팩토리,,,,,
12_pet_supplies-demo-000544,12_pet_supplies,12,3f61c892bbd831da,v2,5900,,,인히어런트,,,,,
12_pet_supplies-demo-000545,12_pet_supplies,12,cc99831b26c512d0,v2,40000,,,캐니언,,,,,
12_pet_supplies-demo-000546,12_pet_supplies,12,a5fc2faa924bd8b4,v2,10000,,,멘도타,,,,,
12_pet_supplies-demo-000547,12_pet_supplies,12,147480e27dcc1e9b,v2,8000,,,프라다,,,,,
12_pet_supplies-demo-000548,12_pet_supplies,12,d4aa9ff0cc32956b,v2,130000,,,MCM,,,,,
12_pet_supplies-demo-000549,12_pet_supplies,12,1f5fbee3d61ab16f,v2,188197,,,그린웨일,,,,,
12_pet_supplies-demo-000550,12_pet_supplies,12,28c8958a675edd17,v2,100000,,,디바피스,,,,,
12_pet_supplies-demo-000551,12_pet_supplies,12,97b7bc0b1210141f,v2,22000,,,루파인펫,,,,,
12_pet_supplies-demo-000552,12_pet_supplies,12,4be26ed1c9188f77,v2,30000,,,테일하이,,,,,
12_pet_supplies-demo-000553,12_pet_supplies,12,9be487745fecefc3,v2,8000,,,보들랑,,,,,
12_pet_supplies-demo-000554,12_pet_supplies,12,55251e91ce82e0f2,v2,38000,,,위시캣,,,,,
12_pet_supplies-demo-000555,12_pet_supplies,12,a5fc2faa924bd8b4,v2,10000,,,멘도타,,,,,
12_pet_supplies-demo-000556,12_pet_supplies,12,1808e245f48a8d2b,v2,28000,,,Ruffwear,,,,,
12_pet_supplies-demo-000557,12_pet_supplies,12,91382fd0e4bad0ad,v2,5000,,,캐스키드슨,,,,,
12_pet_supplies-demo-000558,12_pet_supplies,12,786c5f80f8955143,v2,6000,,,cocodog,,,,,
12_pet_supplies-demo-000559,12_pet_supplies,12,77a2139f92a65e02,v2,384439,,,일룸,,,,,
12_pet_supplies-demo-000560,12_pet_supplies,12,127d2891b8c6389e,v2,700000,,,플레이캣,,,,,
12_pet_supplies-demo-000561,12_pet_supplies,12,e05c63ad485c8b16,v2,300000,,,마스코티안,,,,,
12_pet_supplies-demo-000562,12_pet_supplies,12,70f5e9761464c327,v2,70000,,,크레용펫,,,,,
12_pet_supplies-demo-000563,12_pet_supplies,12,dd9e1c0d9bd228ee,v2,4444,,,윈팩토리,,,,,
12_pet_supplies-demo-000564,12_pet_supplies,12,316c62696aa940b2,v2,20000,,,스트롤,,,,,
12_pet_supplies-demo-000565,12_pet_supplies,12,1f5fbee3d61ab16f,v2,226498,,,그린웨일,,,,,
12_pet_supplies-demo-000566,12_pet_supplies,12,3587d2ab7924c8ed,v2,300000,,,가또블랑코,,,,,
12_pet_supplies-demo-000567,12_pet_supplies,12,4be26ed1c9188f77,v2,40000,,,테일하이,,,,,
12_pet_supplies-demo-000568,12_pet_supplies,12,77a2139f92a65e02,v2,245066,,,일룸,,,,,
12_pet_supplies-demo-000569,12_pet_supplies,12,12d3c058b993724e,v2,8000,,,가또블랑코,,,,,
12_pet_supplies-demo-000570,12_pet_supplies,12,2728b79b54145d2c,v2,26990,,,러프웨어,,,,,
12_pet_supplies-demo-000571,12_pet_supplies,12,a2020031a0fcab1f,v2,330000,,,hay,,,,,
12_pet_supplies-demo-000572,12_pet_supplies,12,32d9d858f5a9893d,v2,100000,,,베리마치,,,,,
12_pet_supplies-demo-000573,12_pet_supplies,12,2728b79b54145d2c,v2,24868,,,러프웨어,,,,,
12_pet_supplies-demo-000574,12_pet_supplies,12,77a2139f92a65e02,v2,276014,,,일룸,,,,,
12_pet_supplies-demo-000575,12_pet_supplies,12,ba6638343d2fce95,v2,40000,,,칸독,,,,,
12_pet_supplies-demo-000576,12_pet_supplies,12,2728b79b54145d2c,v2,24631,,,러프웨어,,,,,
12_pet_supplies-demo-000577,12_pet_supplies,12,4b8b6ba83d9026d5,v2,100000,,,캣츠드림,,,,,
12_pet_supplies-demo-000578,12_pet_supplies,12,2728b79b54145d2c,v2,25939,,,러프웨어,,,,,
12_pet_supplies-demo-000579,12_pet_supplies,12,55251e91ce82e0f2,v2,38000,,,위시캣,,,,,
12_pet_supplies-demo-000580,12_pet_supplies,12,28c8958a675edd17,v2,100000,,,디바피스,,,,,
12_pet_supplies-demo-000581,12_pet_supplies,12,ba6638343d2fce95,v2,40000,,,칸독,,,,,
12_pet_supplies-demo-000582,12_pet_supplies,12,3587d2ab7924c8ed,v2,100000,,,가또블랑코,,,,,
12_pet_supplies-demo-000583,12_pet_supplies,12,04aed5e2cf573475,v2,700000,,,루이비통,,,,,
12_pet_supplies-demo-000584,12_pet_supplies,12,957fd554333ad9b8,v2,120000,,,이나모라다,,,,,
12_pet_supplies-demo-000585,12_pet_supplies,12,70f5e9761464c327,v2,70000,,,크레용펫,,,,,
12_pet_supplies-demo-000586,12_pet_supplies,12,21f685ad9ced5213,v2,80000,,,하울팟,,,,,
12_pet_supplies-demo-000587,12_pet_supplies,12,2728b79b54145d2c,v2,29672,,,러프웨어,,,,,
12_pet_supplies-demo-000588,12_pet_supplies,12,9c1258145fa5064b,v2,160000,,,바버,,,,,
12_pet_supplies-demo-000589,12_pet_supplies,12,77a2139f92a65e02,v2,353093,,,MCM,,,,,
12_pet_supplies-demo-000590,12_pet_supplies,12,438bf49c4b9fd607,v2,50000,,,hay,,,,,
12_pet_supplies-demo-000591,12_pet_supplies,12,177df9b3ecdd3dcf,v2,90000,,,스포티앤리치,,,,,
12_pet_supplies-demo-000592,12_pet_supplies,12,a5fc2faa924bd8b4,v2,22222,,,멘도타,,,,,
12_pet_supplies-demo-000593,12_pet_supplies,12,77a2139f92a65e02,v2,321667,,,일룸,,,,,
12_pet_supplies-demo-000594,12_pet_supplies,12,a7964d5ee9ebcdc7,v2,300000,,,와우캣,,,,,
12_pet_supplies-demo-000595,12_pet_supplies,12,d79dfdc6440fa2f3,v2,12345,,,포펫츠온리,,,,,
12_pet_supplies-demo-000596,12_pet_supplies,12,91382fd0e4bad0ad,v2,5000,,,캐스키드슨,,,,,
12_pet_supplies-demo-000597,12_pet_supplies,12,4c61d0e63c771631,v2,16000,,,아이캔더,,,,,
12_pet_supplies-demo-000598,12_pet_supplies,12,850415066900a8b3,v2,18000,,,밀크앤페퍼,,,,,
12_pet_supplies-demo-000599,12_pet_supplies,12,e4d0444aeb274465,v2,88000,,,CATRY,,,,,
12_pet_supplies-demo-000600,12_pet_supplies,12,4b8b6ba83d9026d5,v2,100000,,,캣츠드림,,,,,
12_pet_supplies-demo-000601,12_pet_supplies,12,4c0609b104b87e32,v2,100000,,,바우뮤,,,,,
12_pet_supplies-demo-000602,12_pet_supplies,12,0efcaf21061a4c0e,v2,100000,,,브리스캣,,,,,
12_pet_supplies-demo-000603,12_pet_supplies,12,786c5f80f8955143,v2,6000,,,cocodog,,,,,
12_pet_supplies-demo-000604,12_pet_supplies,12,b72dd8a6c5590ebf,v2,30000,,,테틈 떼아몽,,,,,
12_pet_supplies-demo-000605,12_pet_supplies,12,147480e27dcc1e9b,v2,8000,,,그린웨일,,,,,
12_pet_supplies-demo-000606,12_pet_supplies,12,a7964d5ee9ebcdc7,v2,300000,,,와우캣,,,,,
12_pet_supplies-demo-000607,12_pet_supplies,12,4084ebd08c6061aa,v2,25000,,,러프웨어,,,,,
12_pet_supplies-demo-000608,12_pet_supplies,12,28c8958a675edd17,v2,100000,,,디바피스,,,,,
12_pet_supplies-demo-000609,12_pet_supplies,12,295272906f2be41c,v2,40000,,,텔레팟,,,,,
12_pet_supplies-demo-000610,12_pet_supplies,12,77a2139f92a65e02,v2,334910,,,일룸,,,,,
12_pet_supplies-demo-000611,12_pet_supplies,12,4df87dd75d364f74,v2,920000,,,밀리옹,,,,,
12_pet_supplies-demo-000612,12_pet_supplies,12,2728b79b54145d2c,v2,25459,,,러프웨어,,,,,
12_pet_supplies-demo-000613,12_pet_supplies,12,77a2139f92a65e02,v2,296510,,,일룸,,,,,
12_pet_supplies-demo-000614,12_pet_supplies,12,7415cce91599d63a,v2,150000,,,디어캣,,,,,
12_pet_supplies-demo-000615,12_pet_supplies,12,901d539e89aed120,v2,100000,,,모노케츠,,,,,
12_pet_supplies-demo-000616,12_pet_supplies,12,2728b79b54145d2c,v2,23014,,,러프웨어,,,,,
12_pet_supplies-demo-000617,12_pet_supplies,12,4f8a1762aa664d22,v2,11111111,,,LG,,,,,
12_pet_supplies-demo-000618,12_pet_supplies,12,04aed5e2cf573475,v2,700000,,,루이비통,,,,,
12_pet_supplies-demo-000619,12_pet_supplies,12,2728b79b54145d2c,v2,26891,,,러프웨어,,,,,
12_pet_supplies-demo-000620,12_pet_supplies,12,2728b79b54145d2c,v2,23037,,,러프웨어,,,,,
12_pet_supplies-demo-000621,12_pet_supplies,12,77a2139f92a65e02,v2,243745,,,일룸,,,,,
12_pet_supplies-demo-000622,12_pet_supplies,12,2728b79b54145d2c,v2,26273,,,러프웨어,,,,,
12_pet_supplies-demo-000623,12_pet_supplies,12,3587d2ab7924c8ed,v2,300000,,,가또블랑코,,,,,
12_pet_supplies-demo-000624,12_pet_supplies,12,d79dfdc6440fa2f3,v2,130000,,,포펫츠온리,,,,,
12_pet_supplies-demo-000625,12_pet_supplies,12,e110752c6496e8c0,v2,20000,,,kmmmm,,,,,
12_pet_supplies-demo-000626,12_pet_supplies,12,c11ad2e65211e33f,v2,20000,,,바잇미,,,,,
12_pet_supplies-demo-000627,12_pet_supplies,12,bb15fa0c0eb6a49f,v2,150000,,,레토,,,,,
12_pet_supplies-demo-000628,12_pet_supplies,12,1f5fbee3d61ab16f,v2,199913,,,그린웨일,,,,,
12_pet_supplies-demo-000629,12_pet_supplies,12,901d539e89aed120,v2,100000,,,모노케츠,,,,,
12_pet_supplies-demo-000630,12_pet_supplies,12,9a513cd194a7e695,v2,30000,,,윌더독,,,,,
12_pet_supplies-demo-000631,12_pet_supplies,12,38fd7d39cd140876,v2,30000,,,고아웃클럽,,,,,
12_pet_supplies-demo-000632,12_pet_supplies,12,7415cce91599d63a,v2,220000,,,디어캣,,,,,
12_pet_supplies-demo-000633,12_pet_supplies,12,cc99831b26c512d0,v2,40000,,,캐니언,,,,,
12_pet_supplies-demo-000634,12_pet_supplies,12,7415cce91599d63a,v2,220000,,,디어캣,,,,,
12_pet_supplies-demo-000635,12_pet_supplies,12,77a2139f92a65e02,v2,300209,,,일룸,,,,,
12_pet_supplies-demo-000636,12_pet_supplies,12,7415cce91599d63a,v2,80000,,,디어캣,,,,,
12_pet_supplies-demo-000637,12_pet_supplies,12,a5fc2faa924bd8b4,v2,22222,,,멘도타,,,,,
12_pet_supplies-demo-000638,12_pet_supplies,12,786c5f80f8955143,v2,6000,,,몰소,,,,,
12_pet_supplies-demo-000639,12_pet_supplies,12,528dad5b5b55044a,v2,35000,,,몰소,,,,,
12_pet_supplies-demo-000640,12_pet_supplies,12,1f5fbee3d61ab16f,v2,177216,,,그린웨일,,,,,
12_pet_supplies-demo-000641,12_pet_supplies,12,a7964d5ee9ebcdc7,v2,300000,,,와우캣,,,,,
12_pet_supplies-demo-000642,12_pet_supplies,12,81e85e01bcdfab44,v2,80000,,,나비나무,,,,,
12_pet_supplies-demo-000643,12_pet_supplies,12,a5fc2faa924bd8b4,v2,10000,,,멘도타,,,,,
12_pet_supplies-demo-000644,12_pet_supplies,12,429813e1a30bc9c5,v2,18000,,,분독,,,,,
12_pet_supplies-demo-000645,12_pet_supplies,12,d79dfdc6440fa2f3,v2,130000,,,포펫츠온리,,,,,
12_pet_supplies-demo-000646,12_pet_supplies,12,957fd554333ad9b8,v2,120000,,,이나모라다,,,,,
12_pet_supplies-demo-000647,12_pet_supplies,12,2aeb1c2f408c5014,v2,40000,,,아카디아 트레일,,,,,
12_pet_supplies-demo-000648,12_pet_supplies,12,77a2139f92a65e02,v2,330475,,,일룸,,,,,
12_pet_supplies-demo-000649,12_pet_supplies,12,89d74a8831f60d24,v2,20000,,,찰리스백야드,,,,,
12_pet_supplies-demo-000650,12_pet_supplies,12,ba6638343d2fce95,v2,30000,,,칸독,,,,,
12_pet_supplies-demo-000651,12_pet_supplies,12,d5f809c121922dc1,v2,580000,,,러프웨어,,,,,
12_pet_supplies-demo-000652,12_pet_supplies,12,2728b79b54145d2c,v2,27119,,,러프웨어,,,,,
12_pet_supplies-demo-000653,12_pet_supplies,12,24545d2815967336,v2,7000,,,멍템,,,,,
12_pet_supplies-demo-000654,12_pet_supplies,12,2728b79b54145d2c,v2,24365,,,러프웨어,,,,,
12_pet_supplies-demo-000655,12_pet_supplies,12,4f8a1762aa664d22,v2,11111111,,,LG,,,,,
12_pet_supplies-demo-000656,12_pet_supplies,12,a7964d5ee9ebcdc7,v2,300000,,,와우캣,,,,,
12_pet_supplies-demo-000657,12_pet_supplies,12,96d8b2758e6d5b59,v2,200000,,,Ruffwear,,,,,
12_pet_supplies-demo-000658,12_pet_supplies,12,77a2139f92a65e02,v2,277912,,,일룸,,,,,
12_pet_supplies-demo-000659,12_pet_supplies,12,9dc64cc49e30364f,v2,200000,,,BPF,,,,,
12_pet_supplies-demo-000660,12_pet_supplies,12,c75626c44b1c51c0,v2,15000,,,멘도타,,,,,
12_pet_supplies-demo-000661,12_pet_supplies,12,2aeb1c2f408c5014,v2,40000,,,아카디아 트레일,,,,,
12_pet_supplies-demo-000662,12_pet_supplies,12,1808e245f48a8d2b,v2,24000,,,Ruffwear,,,,,
12_pet_supplies-demo-000663,12_pet_supplies,12,3f61c892bbd831da,v2,150000,,,인히어런트,,,,,
12_pet_supplies-demo-000664,12_pet_supplies,12,4be26ed1c9188f77,v2,45000,,,테일하이,,,,,
12_pet_supplies-demo-000665,12_pet_supplies,12,a5fc2faa924bd8b4,v2,22222,,,바잇미,,,,,
12_pet_supplies-demo-000666,12_pet_supplies,12,2728b79b54145d2c,v2,22937,,,러프웨어,,,,,
12_pet_supplies-demo-000667,12_pet_supplies,12,3f61c892bbd831da,v2,9000,,,인히어런트,,,,,
12_pet_supplies-demo-000668,12_pet_supplies,12,2728b79b54145d2c,v2,28894,,,그린웨일,,,,,
12_pet_supplies-demo-000669,12_pet_supplies,12,1f5fbee3d61ab16f,v2,176277,,,그린웨일,,,,,
12_pet_supplies-demo-000670,12_pet_supplies,12,a5fc2faa924bd8b4,v2,10000,,,멘도타,,,,,
12_pet_supplies-demo-000671,12_pet_supplies,12,a7964d5ee9ebcdc7,v2,300000,,,와우캣,,,,,
12_pet_supplies-demo-000672,12_pet_supplies,12,9c1258145fa5064b,v2,160000,,,바버,,,,,
12_pet_supplies-demo-000673,12_pet_supplies,12,9175ae438bcaf3bc,v2,12000,,,리플렉트,,,,,
12_pet_supplies-demo-000674,12_pet_supplies,12,8f16f8a7ce2ca0e6,v2,5000,,,페페통,,,,,
12_pet_supplies-demo-000675,12_pet_supplies,12,9c1258145fa5064b,v2,160000,,,바버,,,,,
12_pet_supplies-demo-000676,12_pet_supplies,12,9be487745fecefc3,v2,8000,,,보들랑,,,,,
12_pet_supplies-demo-000677,12_pet_supplies,12,bb15fa0c0eb6a49f,v2,150000,,,레토,,,,,
12_pet_supplies-demo-000678,12_pet_supplies,12,e05c63ad485c8b16,v2,300000,,,마스코티안,,,,,
12_pet_supplies-demo-000679,12_pet_supplies,12,295272906f2be41c,v2,40000,,,텔레팟,,,,,
12_pet_supplies-demo-000680,12_pet_supplies,12,3f61c892bbd831da,v2,5900,,,인히어런트,,,,,
12_pet_supplies-demo-000681,12_pet_supplies,12,a5fc2faa924bd8b4,v2,22222,,,멘도타,,,,,
12_pet_supplies-demo-000682,12_pet_supplies,12,3587d2ab7924c8ed,v2,300000,,,가또블랑코,,,,,
12_pet_supplies-demo-000683,12_pet_supplies,12,2728b79b54145d2c,v2,23811,,,러프웨어,,,,,
12_pet_supplies-demo-000684,12_pet_supplies,12,96d8b2758e6d5b59,v2,200000,,,FOR PETS ONLY,,,,,
12_pet_supplies-demo-000685,12_pet_supplies,12,316c62696aa940b2,v2,20000,,,스트롤,,,,,
12_pet_supplies-demo-000686,12_pet_supplies,12,d79dfdc6440fa2f3,v2,12345,,,포펫츠온리,,,,,
12_pet_supplies-demo-000687,12_pet_supplies,12,501de275b2453b4b,v2,8000,,,도그파라치,,,,,
12_pet_supplies-demo-000688,12_pet_supplies,12,1f5fbee3d61ab16f,v2,202519,,,그린웨일,,,,,
12_pet_supplies-demo-000689,12_pet_supplies,12,2de9e0fe04ce7c90,v2,30000,,,Seiwa Pro,,,,,
12_pet_supplies-demo-000690,12_pet_supplies,12,3f61c892bbd831da,v2,9000,,,인히어런트,,,,,
12_pet_supplies-demo-000691,12_pet_supplies,12,2ee6e8543ff3dec6,v2,180000,,,큐베리,,,,,
12_pet_supplies-demo-000692,12_pet_supplies,12,7415cce91599d63a,v2,80000,,,디어캣,,,,,
12_pet_supplies-demo-000693,12_pet_supplies,12,147480e27dcc1e9b,v2,8000,,,트루러브,,,,,
12_pet_supplies-demo-000694,12_pet_supplies,12,66fc5148df4d7a18,v2,250000,,,프라다,,,,,
12_pet_supplies-demo-000695,12_pet_supplies,12,575e7da8cf2d88b9,v2,200000,,,크로노,,,,,
12_pet_supplies-demo-000696,12_pet_supplies,12,b04a468297ab5059,v2,50000,,,마르디메크르디,,,,,
12_pet_supplies-demo-000697,12_pet_supplies,12,177df9b3ecdd3dcf,v2,90000,,,스포티앤리치,,,,,
12_pet_supplies-demo-000698,12_pet_supplies,12,2aeb1c2f408c5014,v2,40000,,,아카디아 트레일,,,,,
12_pet_supplies-demo-000699,12_pet_supplies,12,2728b79b54145d2c,v2,26231,,,러프웨어,,,,,
12_pet_supplies-demo-000700,12_pet_supplies,12,12d3c058b993724e,v2,8000,,,Seiwa Pro,,,,,
12_pet_supplies-demo-000701,12_pet_supplies,12,97b7bc0b1210141f,v2,22000,,,본독,,,,,
12_pet_supplies-demo-000702,12_pet_supplies,12,3587d2ab7924c8ed,v2,300000,,,가또블랑코,,,,,
12_pet_supplies-demo-000703,12_pet_supplies,12,429813e1a30bc9c5,v2,17000,,,분독,,,,,
12_pet_supplies-demo-000704,12_pet_supplies,12,4df87dd75d364f74,v2,920000,,,밀리옹,,,,,
12_pet_supplies-demo-000705,12_pet_supplies,12,bb1a379fb9db2de4,v2,20000,,,버디부,,,,,
12_pet_supplies-demo-000706,12_pet_supplies,12,4be26ed1c9188f77,v2,45000,,,바우뮤,,,,,
12_pet_supplies-demo-000707,12_pet_supplies,12,32ef7300ccd0449f,v2,14000,,,지독,,,,,
12_pet_supplies-demo-000708,12_pet_supplies,12,77a2139f92a65e02,v2,300681,,,일룸,,,,,
12_pet_supplies-demo-000709,12_pet_supplies,12,3f61c892bbd831da,v2,9000,,,호우디자인,,,,,
12_pet_supplies-demo-000710,12_pet_supplies,12,77a2139f92a65e02,v2,357719,,,일룸,,,,,
12_pet_supplies-demo-000711,12_pet_supplies,12,9175ae438bcaf3bc,v2,12000,,,리플렉트,,,,,
12_pet_supplies-demo-000712,12_pet_supplies,12,575e7da8cf2d88b9,v2,200000,,,크로노,,,,,
12_pet_supplies-demo-000713,12_pet_supplies,12,a7964d5ee9ebcdc7,v2,300001,,,와우캣,,,,,
12_pet_supplies-demo-000714,12_pet_supplies,12,177df9b3ecdd3dcf,v2,90000,,,멘도타,,,,,
12_pet_supplies-demo-000715,12_pet_supplies,12,4084ebd08c6061aa,v2,25000,,,메이킷,,,,,
12_pet_supplies-demo-000716,12_pet_supplies,12,501de275b2453b4b,v2,8000,,,도그파라치,,,,,
12_pet_supplies-demo-000717,12_pet_supplies,12,9a513cd194a7e695,v2,30000,,,윌더독,,,,,
12_pet_supplies-demo-000718,12_pet_supplies,12,3f61c892bbd831da,v2,5900,,,인히어런트,,,,,
12_pet_supplies-demo-000719,12_pet_supplies,12,e110752c6496e8c0,v2,20000,,,kmmmm,,,,,
12_pet_supplies-demo-000720,12_pet_supplies,12,2728b79b54145d2c,v2,28801,,,러프웨어,,,,,
12_pet_supplies-demo-000721,12_pet_supplies,12,1f5fbee3d61ab16f,v2,189516,,,위시캣,,,,,
12_pet_supplies-demo-000722,12_pet_supplies,12,2728b79b54145d2c,v2,28122,,,러프웨어,,,,,
12_pet_supplies-demo-000723,12_pet_supplies,12,24545d2815967336,v2,7000,,,멍템,,,,,
12_pet_supplies-demo-000724,12_pet_supplies,12,2b3aa49fa5719ecf,v2,21000,,,호지,,,,,
12_pet_supplies-demo-000725,12_pet_supplies,12,a7964d5ee9ebcdc7,v2,300000,,,그린웨일,,,,,
12_pet_supplies-demo-000726,12_pet_supplies,12,a7964d5ee9ebcdc7,v2,300000,,,와우캣,,,,,
12_pet_supplies-demo-000727,12_pet_supplies,12,81e85e01bcdfab44,v2,80000,,,나비나무,,,,,
12_pet_supplies-demo-000728,12_pet_supplies,12,77a2139f92a65e02,v2,277715,,,일룸,,,,,
12_pet_supplies-demo-000729,12_pet_supplies,12,4b8b6ba83d9026d5,v2,100000,,,캣츠드림,,,,,
12_pet_supplies-demo-000730,12_pet_supplies,12,4be26ed1c9188f77,v2,45000,,,테일하이,,,,,
12_pet_supplies-demo-000731,12_pet_supplies,12,3f61c892bbd831da,v2,9000,,,인히어런트,,,,,
12_pet_supplies-demo-000732,12_pet_supplies,12,786c5f80f8955143,v2,6000,,,cocodog,,,,,
12_pet_supplies-demo-000733,12_pet_supplies,12,1808e245f48a8d2b,v2,28000,,,Ruffwear,,,,,
12_pet_supplies-demo-000734,12_pet_supplies,12,f1aa20f26a005a0f,v2,150000,,,펫코본,,,,,
12_pet_supplies-demo-000735,12_pet_supplies,12,7415cce91599d63a,v2,150000,,,디어캣,,,,,
12_pet_supplies-demo-000736,12_pet_supplies,12,669da6c77299478c,v2,30000,,,KONG,,,,,
12_pet_supplies-demo-000737,12_pet_supplies,12,e110752c6496e8c0,v2,20000,,,바잇미,,,,,
12_pet_supplies-demo-000738,12_pet_supplies,12,2728b79b54145d2c,v2,28893,,,러프웨어,,,,,
12_pet_supplies-demo-000739,12_pet_supplies,12,f1aa20f26a005a0f,v2,150000,,,펫코본,,,,,
12_pet_supplies-demo-000740,12_pet_supplies,12,b04a468297ab5059,v2,50000,,,마르디메크르디,,,,,
12_pet_supplies-demo-000741,12_pet_supplies,12,a7964d5ee9ebcdc7,v2,300000,,,와우캣,,,,,
12_pet_supplies-demo-000742,12_pet_supplies,12,55251e91ce82e0f2,v2,38000,,,위시캣,,,,,
12_pet_supplies-demo-000743,12_pet_supplies,12,ad3fe3911d069786,v2,310000,,,퍼르르펙트,,,,,
12_pet_supplies-demo-000744,12_pet_supplies,12,98a0dbba59f626ed,v2,80000,,,개과천선 어몽드,,,,,
12_pet_supplies-demo-000745,12_pet_supplies,12,438bf49c4b9fd607,v2,50000,,,HAY,,,,,
12_pet_supplies-demo-000746,12_pet_supplies,12,2728b79b54145d2c,v2,28734,,,러프웨어,,,,,
12_pet_supplies-demo-000747,12_pet_supplies,12,cc99831b26c512d0,v2,40000,,,캐니언,,,,,
12_pet_supplies-demo-000748,12_pet_supplies,12,575e7da8cf2d88b9,v2,200000,,,크로노,,,,,
12_pet_supplies-demo-000749,12_pet_supplies,12,2728b79b54145d2c,v2,27613,,,프라다,,,,,
12_pet_supplies-demo-000750,12_pet_supplies,12,77a2139f92a65e02,v2,343623,,,일룸,,,,,
12_pet_supplies-demo-000751,12_pet_supplies,12,a7964d5ee9ebcdc7,v2,300000,,,와우캣,,,,,
12_pet_supplies-demo-000752,12_pet_supplies,12,669da6c77299478c,v2,30000,,,KONG,,,,,
12_pet_supplies-demo-000753,12_pet_supplies,12,a7964d5ee9ebcdc7,v2,300000,,,와우캣,,,,,
12_pet_supplies-demo-000754,12_pet_supplies,12,9175ae438bcaf3bc,v2,12000,,,리플렉트,,,,,
12_pet_supplies-demo-000755,12_pet_supplies,12,1f5fbee3d61ab16f,v2,202026,,,그린웨일,,,,,
12_pet_supplies-demo-000756,12_pet_supplies,12,ba6638343d2fce95,v2,30000,,,칸독,,,,,
12_pet_supplies-demo-000757,12_pet_supplies,12,1c01512c0f4100f7,v2,450000,,,가리모쿠,,,,,
12_pet_supplies-demo-000758,12_pet_supplies,12,77a2139f92a65e02,v2,415879,,,일룸,,,,,
12_pet_supplies-demo-000759,12_pet_supplies,12,a7964d5ee9ebcdc7,v2,300000,,,와우캣,,,,,
12_pet_supplies-demo-000760,12_pet_supplies,12,575e7da8cf2d88b9,v2,200000,,,크로노,,,,,
12_pet_supplies-demo-000761,12_pet_supplies,12,9dc64cc49e30364f,v2,200000,,,BPF,,,,,
12_pet_supplies-demo-000762,12_pet_supplies,12,2de9e0fe04ce7c90,v2,30000,,,일로,,,,,
12_pet_supplies-demo-000763,12_pet_supplies,12,77a2139f92a65e02,v2,262432,,,일룸,,,,,
12_pet_supplies-demo-000764,12_pet_supplies,12,429813e1a30bc9c5,v2,18000,,,분독,,,,,
12_pet_supplies-demo-000765,12_pet_supplies,12,81e85e01bcdfab44,v2,80000,,,나비나무,,,,,
12_pet_supplies-demo-000766,12_pet_supplies,12,390eb22565c2212c,v2,10000,,,우아지오,,,,,
12_pet_supplies-demo-000767,12_pet_supplies,12,957fd554333ad9b8,v2,120000,,,이나모라다,,,,,
12_pet_supplies-demo-000768,12_pet_supplies,12,0efcaf21061a4c0e,v2,100000,,,브리스캣,,,,,
12_pet_supplies-demo-000769,12_pet_supplies,12,2728b79b54145d2c,v2,23313,,,러프웨어,,,,,
12_pet_supplies-demo-000770,12_pet_supplies,12,4b8b6ba83d9026d5,v2,100000,,,캣츠드림,,,,,
12_pet_supplies-demo-000771,12_pet_supplies,12,ee7610abeceb1540,v2,35000,,,고프,,,,,
12_pet_supplies-demo-000772,12_pet_supplies,12,77a2139f92a65e02,v2,316090,,,일룸,,,,,
12_pet_supplies-demo-000773,12_pet_supplies,12,2b3aa49fa5719ecf,v2,21000,,,호지,,,,,
12_pet_supplies-demo-000774,12_pet_supplies,12,d79dfdc6440fa2f3,v2,180000,,,포펫츠온리,,,,,
12_pet_supplies-demo-000775,12_pet_supplies,12,98a0dbba59f626ed,v2,80000,,,개과천선 어몽드,,,,,
12_pet_supplies-demo-000776,12_pet_supplies,12,c11ad2e65211e33f,v2,30000,,,바잇미,,,,,
12_pet_supplies-demo-000777,12_pet_supplies,12,147480e27dcc1e9b,v2,8000,,,트루러브,,,,,
12_pet_supplies-demo-000778,12_pet_supplies,12,850415066900a8b3,v2,18000,,,밀크앤페퍼,,,,,
12_pet_supplies-demo-000779,12_pet_supplies,12,429813e1a30bc9c5,v2,18000,,,분독,,,,,
12_pet_supplies-demo-000780,12_pet_supplies,12,501de275b2453b4b,v2,8000,,,도그파라치,,,,,
12_pet_supplies-demo-000781,12_pet_supplies,12,c11ad2e65211e33f,v2,30000,,,바잇미,,,,,
12_pet_supplies-demo-000782,12_pet_supplies,12,f1aa20f26a005a0f,v2,150000,,,펫코본,,,,,
12_pet_supplies-demo-000783,12_pet_supplies,12,9900351b99b7eb15,v2,50000,,,수잔랜시,,,,,
12_pet_supplies-demo-000784,12_pet_supplies,12,390eb22565c2212c,v2,10000,,,바잇미,,,,,
12_pet_supplies-demo-000785,12_pet_supplies,12,438bf49c4b9fd607,v2,50000,,,hay,,,,,
12_pet_supplies-demo-000786,12_pet_supplies,12,f8a9ea7e742d0847,v2,150000,,,캣네스트,,,,,
12_pet_supplies-demo-000787,12_pet_supplies,12,8f16f8a7ce2ca0e6,v2,5000,,,페페통,,,,,
12_pet_supplies-demo-000788,12_pet_supplies,12,3f61c892bbd831da,v2,5900,,,인히어런트,,,,,
12_pet_supplies-demo-000789,12_pet_supplies,12,786c5f80f8955143,v2,6000,,,cocodog,,,,,
12_pet_supplies-demo-000790,12_pet_supplies,12,55251e91ce82e0f2,v2,28000,,,위시캣,,,,,
12_pet_supplies-demo-000791,12_pet_supplies,12,1f5fbee3d61ab16f,v2,203375,,,그린웨일,,,,,
12_pet_supplies-demo-000792,12_pet_supplies,12,2aeb1c2f408c5014,v2,40000,,,아카디아 트레일,,,,,
12_pet_supplies-demo-000793,12_pet_supplies,12,2728b79b54145d2c,v2,24900,,,러프웨어,,,,,
12_pet_supplies-demo-000794,12_pet_supplies,12,501de275b2453b4b,v2,8000,,,도그파라치,,,,,
12_pet_supplies-demo-000795,12_pet_supplies,12,f8a9ea7e742d0847,v2,150000,,,캣네스트,,,,,
12_pet_supplies-demo-000796,12_pet_supplies,12,4be26ed1c9188f77,v2,45000,,,테일하이,,,,,
12_pet_supplies-demo-000797,12_pet_supplies,12,cba0b073d7e1dec6,v2,50000,,,위드어스,,,,,
12_pet_supplies-demo-000798,12_pet_supplies,12,91382fd0e4bad0ad,v2,5000,,,캐스키드슨,,,,,
12_pet_supplies-demo-000799,12_pet_supplies,12,2728b79b54145d2c,v2,28115,,,러프웨어,,,,,
12_pet_supplies-demo-000800,12_pet_supplies,12,38fd7d39cd140876,v2,30000,,,그린웨일,,,,,
12_pet_supplies-demo-000801,12_pet_supplies,12,127d2891b8c6389e,v2,700000,,,플레이캣,,,,,
12_pet_supplies-demo-000802,12_pet_supplies,12,1f5fbee3d61ab16f,v2,200623,,,마스코티안,,,,,
12_pet_supplies-demo-000803,12_pet_supplies,12,0c81380a00909167,v2,45000,,,호우디자인,,,,,
12_pet_supplies-demo-000804,12_pet_supplies,12,24545d2815967336,v2,7000,,,멍템,,,,,
12_pet_supplies-demo-000805,12_pet_supplies,12,77a2139f92a65e02,v2,397572,,,일룸,,,,,
12_pet_supplies-demo-000806,12_pet_supplies,12,2728b79b54145d2c,v2,27622,,,러프웨어,,,,,
12_pet_supplies-demo-000807,12_pet_supplies,12,438bf49c4b9fd607,v2,50000,,,HAY,,,,,
12_pet_supplies-demo-000808,12_pet_supplies,12,f1aa20f26a005a0f,v2,150000,,,펫코본,,,,,
12_pet_supplies-demo-000809,12_pet_supplies,12,2b3aa49fa5719ecf,v2,21000,,,호지,,,,,
12_pet_supplies-demo-000810,12_pet_supplies,12,0efcaf21061a4c0e,v2,100000,,,브리스캣,,,,,
12_pet_supplies-demo-000811,12_pet_supplies,12,98a0dbba59f626ed,v2,80000,,,개과천선 어몽드,,,,,
12_pet_supplies-demo-000812,12_pet_supplies,12,429813e1a30bc9c5,v2,17000,,,분독,,,,,
12_pet_supplies-demo-000813,12_pet_supplies,12,a5fc2faa924bd8b4,v2,22222,,,그린웨일,,,,,
12_pet_supplies-demo-000814,12_pet_supplies,12,9c1258145fa5064b,v2,160000,,,분독,,,,,
12_pet_supplies-demo-000815,12_pet_supplies,12,0c81380a00909167,v2,45000,,,호우디자인,,,,,
12_pet_supplies-demo-000816,12_pet_supplies,12,81e85e01bcdfab44,v2,80000,,,칸독,,,,,
12_pet_supplies-demo-000817,12_pet_supplies,12,438bf49c4b9fd607,v2,50000,,,HAY,,,,,
12_pet_supplies-demo-000818,12_pet_supplies,12,a5fc2faa924bd8b4,v2,10000,,,멘도타,,,,,
12_pet_supplies-demo-000819,12_pet_supplies,12,2728b79b54145d2c,v2,24933,,,러프웨어,,,,,
12_pet_supplies-demo-000820,12_pet_supplies,12,ba6638343d2fce95,v2,30000,,,칸독,,,,,
12_pet_supplies-demo-000821,12_pet_supplies,12,a5fc2faa924bd8b4,v2,10000,,,꼬순내,,,,,
12_pet_supplies-demo-000822,12_pet_supplies,12,1f5fbee3d61ab16f,v2,197164,,,그린웨일,,,,,
12_pet_supplies-demo-000823,12_pet_supplies,12,501de275b2453b4b,v2,8000,,,도그파라치,,,,,
12_pet_supplies-demo-000824,12_pet_supplies,12,9dc64cc49e30364f,v2,200000,,,BPF,,,,,
12_pet_supplies-demo-000825,12_pet_supplies,12,438bf49c4b9fd607,v2,50000,,,HAY,,,,,
12_pet_supplies-demo-000826,12_pet_supplies,12,c75626c44b1c51c0,v2,15000,,,펫502,,,,,
12_pet_supplies-demo-000827,12_pet_supplies,12,f6f7c3e20fda4458,v2,90000,,,Sporty & Rich,,,,,
12_pet_supplies-demo-000828,12_pet_supplies,12,390eb22565c2212c,v2,10000,,,우아지오,,,,,
12_pet_supplies-demo-000829,12_pet_supplies,12,9c1258145fa5064b,v2,160000,,,바버,,,,,
12_pet_supplies-demo-000830,12_pet_supplies,12,f1aa20f26a005a0f,v2,150000,,,펫코본,,,,,
12_pet_supplies-demo-000831,12_pet_supplies,12,dd9e1c0d9bd228ee,v2,4444,,,윈팩토리,,,,,
12_pet_supplies-demo-000832,12_pet_supplies,12,2728b79b54145d2c,v2,24768,,,러프웨어,,,,,
12_pet_supplies-demo-000833,12_pet_supplies,12,1f5fbee3d61ab16f,v2,215328,,,그린웨일,,,,,
12_pet_supplies-demo-000834,12_pet_supplies,12,bc1608af9129abf7,v2,200000,,,트릴로,,,,,
12_pet_supplies-demo-000835,12_pet_supplies,12,438bf49c4b9fd607,v2,27000,,,HAY,,,,,
12_pet_supplies-demo-000836,12_pet_supplies,12,dd9e1c0d9bd228ee,v2,4444,,,윈팩토리,,,,,
12_pet_supplies-demo-000837,12_pet_supplies,12,d79dfdc6440fa2f3,v2,12345,,,포펫츠온리,,,,,
12_pet_supplies-demo-000838,12_pet_supplies,12,390eb22565c2212c,v2,10000,,,우아지오,,,,,
12_pet_supplies-demo-000839,12_pet_supplies,12,4be26ed1c9188f77,v2,30000,,,테일하이,,,,,
12_pet_supplies-demo-000840,12_pet_supplies,12,f1aa20f26a005a0f,v2,150000,,,펫코본,,,,,
12_pet_supplies-demo-000841,12_pet_supplies,12,a7964d5ee9ebcdc7,v2,300000,,,와우캣,,,,,
12_pet_supplies-demo-000842,12_pet_supplies,12,55251e91ce82e0f2,v2,38000,,,위시캣,,,,,
12_pet_supplies-demo-000843,12_pet_supplies,12,a7964d5ee9ebcdc7,v2,300001,,,캐니언,,,,,
12_pet_supplies-demo-000844,12_pet_supplies,12,dd9e1c0d9bd228ee,v2,4444,,,윈팩토리,,,,,
12_pet_supplies-demo-000845,12_pet_supplies,12,81e85e01bcdfab44,v2,80000,,,나비나무,,,,,
12_pet_supplies-demo-000846,12_pet_supplies,12,70f5e9761464c327,v2,70000,,,크레용펫,,,,,
12_pet_supplies-demo-000847,12_pet_supplies,12,77a2139f92a65e02,v2,336375,,,일룸,,,,,
12_pet_supplies-demo-000848,12_pet_supplies,12,2728b79b54145d2c,v2,26206,,,러프웨어,,,,,
12_pet_supplies-demo-000849,12_pet_supplies,12,77a2139f92a65e02,v2,383179,,,일룸,,,,,
12_pet_supplies-demo-000850,12_pet_supplies,12,97b7bc0b1210141f,v2,22000,,,본독,,,,,
12_pet_supplies-demo-000851,12_pet_supplies,12,a2020031a0fcab1f,v2,330000,,,키튼박스,,,,,
12_pet_supplies-demo-000852,12_pet_supplies,12,3f61c892bbd831da,v2,5900,,,인히어런트,,,,,
12_pet_supplies-demo-000853,12_pet_supplies,12,7415cce91599d63a,v2,220000,,,디어캣,,,,,
12_pet_supplies-demo-000854,12_pet_supplies,12,f8a9ea7e742d0847,v2,150000,,,캣네스트,,,,,
12_pet_supplies-demo-000855,12_pet_supplies,12,1f5fbee3d61ab16f,v2,203626,,,그린웨일,,,,,
12_pet_supplies-demo-000856,12_pet_supplies,12,147480e27dcc1e9b,v2,8000,,,트루러브,,,,,
12_pet_supplies-demo-000857,12_pet_supplies,12,ba6638343d2fce95,v2,30000,,,칸독,,,,,
12_pet_supplies-demo-000858,12_pet_supplies,12,9175ae438bcaf3bc,v2,12000,,,리플렉트,,,,,
12_pet_supplies-demo-000859,12_pet_supplies,12,b04a468297ab5059,v2,50000,,,마르디메크르디,,,,,
12_pet_supplies-demo-000860,12_pet_supplies,12,3f61c892bbd831da,v2,150000,,,인히어런트,,,,,
12_pet_supplies-demo-000861,12_pet_supplies,12,a5fc2faa924bd8b4,v2,10000,,,멘도타,,,,,
12_pet_supplies-demo-000862,12_pet_supplies,12,32d9d858f5a9893d,v2,100000,,,베리마치,,,,,
12_pet_supplies-demo-000863,12_pet_supplies,12,316c62696aa940b2,v2,20000,,,스트롤,,,,,
12_pet_supplies-demo-000864,12_pet_supplies,12,9900351b99b7eb15,v2,50000,,,수잔랜시,,,,,
12_pet_supplies-demo-000865,12_pet_supplies,12,127d2891b8c6389e,v2,700000,,,플레이캣,,,,,
12_pet_supplies-demo-000866,12_pet_supplies,12,390eb22565c2212c,v2,10000,,,우아지오,,,,,
12_pet_supplies-demo-000867,12_pet_supplies,12,b72dd8a6c5590ebf,v2,30000,,,테틈 떼아몽,,,,,
12_pet_supplies-demo-000868,12_pet_supplies,12,19b93378211d2c3e,v2,37000,,,루파인펫,,,,,
12_pet_supplies-demo-000869,12_pet_supplies,12,3f61c892bbd831da,v2,150000,,,인히어런트,,,,,
12_pet_supplies-demo-000870,12_pet_supplies,12,b04a468297ab5059,v2,50000,,,마르디메크르디,,,,,
12_pet_supplies-demo-000871,12_pet_supplies,12,a7964d5ee9ebcdc7,v2,300000,,,와우캣,,,,,
12_pet_supplies-demo-000872,12_pet_supplies,12,177df9b3ecdd3dcf,v2,90000,,,스포티앤리치,,,,,
12_pet_supplies-demo-000873,12_pet_supplies,12,1808e245f48a8d2b,v2,24000,,,Ruffwear,,,,,
12_pet_supplies-demo-000874,12_pet_supplies,12,4df87dd75d364f74,v2,920000,,,러프웨어,,,,,
12_pet_supplies-demo-000875,12_pet_supplies,12,ba6638343d2fce95,v2,30000,,,칸독,,,,,
12_pet_supplies-demo-000876,12_pet_supplies,12,1808e245f48a8d2b,v2,24000,,,Ruffwear,,,,,
12_pet_supplies-demo-000877,12_pet_supplies,12,a7964d5ee9ebcdc7,v2,300000,,,와우캣,,,,,
12_pet_supplies-demo-000878,12_pet_supplies,12,24545d2815967336,v2,7000,,,와우캣,,,,,
12_pet_supplies-demo-000879,12_pet_supplies,12,2728b79b54145d2c,v2,28013,,,러프웨어,,,,,
12_pet_supplies-demo-000880,12_pet_supplies,12,3587d2ab7924c8ed,v2,100000,,,가또블랑코,,,,,
12_pet_supplies-demo-000881,12_pet_supplies,12,a7964d5ee9ebcdc7,v2,300000,,,와우캣,,,,,
12_pet_supplies-demo-000882,12_pet_supplies,12,b04a468297ab5059,v2,50000,,,마르디메크르디,,,,,
12_pet_supplies-demo-000883,12_pet_supplies,12,2aeb1c2f408c5014,v2,40000,,,아카디아 트레일,,,,,
12_pet_supplies-demo-000884,12_pet_supplies,12,2728b79b54145d2c,v2,24975,,,러프웨어,,,,,
12_pet_supplies-demo-000885,12_pet_supplies,12,1f5fbee3d61ab16f,v2,175695,,,그린웨일,,,,,
12_pet_supplies-demo-000886,12_pet_supplies,12,38fd7d39cd140876,v2,30000,,,고아웃클럽,,,,,
12_pet_supplies-demo-000887,12_pet_supplies,12,77a2139f92a65e02,v2,400746,,,일룸,,,,,
12_pet_supplies-demo-000888,12_pet_supplies,12,830f8091ef55223f,v2,100000,,,젠에보,,,,,
12_pet_supplies-demo-000889,12_pet_supplies,12,2728b79b54145d2c,v2,27898,,,러프웨어,,,,,
12_pet_supplies-demo-000890,12_pet_supplies,12,0efad49505b91b90,v2,17000,,,독스랩,,,,,
12_pet_supplies-demo-000891,12_pet_supplies,12,77a2139f92a65e02,v2,262668,,,일룸,,,,,
12_pet_supplies-demo-000892,12_pet_supplies,12,a7964d5ee9ebcdc7,v2,300000,,,와우캣,,,,,
12_pet_supplies-demo-000893,12_pet_supplies,12,2728b79b54145d2c,v2,26947,,,러프웨어,,,,,
12_pet_supplies-demo-000894,12_pet_supplies,12,4f8a1762aa664d22,v2,11111111,,,LG,,,,,
12_pet_supplies-demo-000895,12_pet_supplies,12,429813e1a30bc9c5,v2,17000,,,분독,,,,,
12_pet_supplies-demo-000896,12_pet_supplies,12,2728b79b54145d2c,v2,26013,,,러프웨어,,,,,
12_pet_supplies-demo-000897,12_pet_supplies,12,4df87dd75d364f74,v2,200000,,,밀리옹,,,,,
12_pet_supplies-demo-000898,12_pet_supplies,12,9dc64cc49e30364f,v2,200000,,,BPF,,,,,
12_pet_supplies-demo-000899,12_pet_supplies,12,77a2139f92a65e02,v2,398836,,,일룸,,,,,
12_pet_supplies-demo-000900,12_pet_supplies,12,177df9b3ecdd3dcf,v2,90000,,,스포티앤리치,,,,,
12_pet_supplies-demo-000901,12_pet_supplies,12,19b93378211d2c3e,v2,37000,,,루파인펫,,,,,
12_pet_supplies-demo-000902,12_pet_supplies,12,147480e27dcc1e9b,v2,8000,,,트루러브,,,,,
12_pet_supplies-demo-000903,12_pet_supplies,12,77a2139f92a65e02,v2,281676,,,일룸,,,,,
12_pet_supplies-demo-000904,12_pet_supplies,12,e1816f73574b127e,v2,20000,,,Monello,,,,,
12_pet_supplies-demo-000905,12_pet_supplies,12,98a0dbba59f626ed,v2,80000,,,개과천선 어몽드,,,,,
12_pet_supplies-demo-000906,12_pet_supplies,12,3f61c892bbd831da,v2,150000,,,인히어런트,,,,,
12_pet_supplies-demo-000907,12_pet_supplies,12,bc1608af9129abf7,v2,200000,,,트릴로,,,,,
12_pet_supplies-demo-000908,12_pet_supplies,12,3f61c892bbd831da,v2,9000,,,인히어런트,,,,,
12_pet_supplies-demo-000909,12_pet_supplies,12,e4d0444aeb274465,v2,88000,,,CATRY,,,,,
12_pet_supplies-demo-000910,12_pet_supplies,12,830f8091ef55223f,v2,100000,,,젠에보,,,,,
12_pet_supplies-demo-000911,12_pet_supplies,12,ba6638343d2fce95,v2,30000,,,칸독,,,,,
12_pet_supplies-demo-000912,12_pet_supplies,12,32d9d858f5a9893d,v2,100000,,,베리마치,,,,,
12_pet_supplies-demo-000913,12_pet_supplies,12,528dad5b5b55044a,v2,35000,,,몰소,,,,,
12_pet_supplies-demo-000914,12_pet_supplies,12,316c62696aa940b2,v2,20000,,,스트롤,,,,,
12_pet_supplies-demo-000915,12_pet_supplies,12,21f685ad9ced5213,v2,80000,,,하울팟,,,,,
12_pet_supplies-demo-000916,12_pet_supplies,12,429813e1a30bc9c5,v2,17000,,,분독,,,,,
12_pet_supplies-demo-000917,12_pet_supplies,12,97b7bc0b1210141f,v2,22000,,,본독,,,,,
12_pet_supplies-demo-000918,12_pet_supplies,12,77a2139f92a65e02,v2,366946,,,일룸,,,,,
12_pet_supplies-demo-000919,12_pet_supplies,12,1f5fbee3d61ab16f,v2,210680,,,그린웨일,,,,,
12_pet_supplies-demo-000920,12_pet_supplies,12,0efad49505b91b90,v2,17000,,,독스랩,,,,,
12_pet_supplies-demo-000921,12_pet_supplies,12,ad3fe3911d069786,v2,310000,,,퍼르르펙트,,,,,
12_pet_supplies-demo-000922,12_pet_supplies,12,316c62696aa940b2,v2,20000,,,스트롤,,,,,
12_pet_supplies-demo-000923,12_pet_supplies,12,2b3aa49fa5719ecf,v2,21000,,,호지,,,,,
12_pet_supplies-demo-000924,12_pet_supplies,12,830f8091ef55223f,v2,100000,,,젠에보,,,,,
12_pet_supplies-demo-000925,12_pet_supplies,12,1f5fbee3d61ab16f,v2,201021,,,그린웨일,,,,,
12_pet_supplies-demo-000926,12_pet_supplies,12,4be26ed1c9188f77,v2,45000,,,테일하이,,,,,
12_pet_supplies-demo-000927,12_pet_supplies,12,2728b79b54145d2c,v2,26993,,,러프웨어,,,,,
12_pet_supplies-demo-000928,12_pet_supplies,12,438bf49c4b9fd607,v2,27000,,,리플렉트,,,,,
12_pet_supplies-demo-000929,12_pet_supplies,12,2728b79b54145d2c,v2,24156,,,러프웨어,,,,,
12_pet_supplies-demo-000930,12_pet_supplies,12,901d539e89aed120,v2,100000,,,모노케츠,,,,,
12_pet_supplies-demo-000931,12_pet_supplies,12,81e85e01bcdfab44,v2,80000,,,나비나무,,,,,
12_pet_supplies-demo-000932,12_pet_supplies,12,8f16f8a7ce2ca0e6,v2,5000,,,페페통,,,,,
12_pet_supplies-demo-000933,12_pet_supplies,12,32d9d858f5a9893d,v2,100000,,,베리마치,,,,,
12_pet_supplies-demo-000934,12_pet_supplies,12,b04a468297ab5059,v2,50000,,,마르디메크르디,,,,,
12_pet_supplies-demo-000935,12_pet_supplies,12,a7964d5ee9ebcdc7,v2,300000,,,일로,,,,,
12_pet_supplies-demo-000936,12_pet_supplies,12,7415cce91599d63a,v2,150000,,,디어캣,,,,,
12_pet_supplies-demo-000937,12_pet_supplies,12,8f16f8a7ce2ca0e6,v2,5000,,,페페통,,,,,
12_pet_supplies-demo-000938,12_pet_supplies,12,55251e91ce82e0f2,v2,38000,,,위시캣,,,,,
12_pet_supplies-demo-000939,12_pet_supplies,12,a7964d5ee9ebcdc7,v2,300000,,,와우캣,,,,,
12_pet_supplies-demo-000940,12_pet_supplies,12,e1816f73574b127e,v2,20000,,,Monello,,,,,
12_pet_supplies-demo-000941,12_pet_supplies,12,0c81380a00909167,v2,45000,,,호우디자인,,,,,
12_pet_supplies-demo-000942,12_pet_supplies,12,43c0089a9bbb2d76,v2,230000,,,오브바이포,,,,,
12_pet_supplies-demo-000943,12_pet_supplies,12,55251e91ce82e0f2,v2,28000,,,위시캣,,,,,
12_pet_supplies-demo-000944,12_pet_supplies,12,cc99831b26c512d0,v2,40000,,,캐니언,,,,,
12_pet_supplies-demo-000945,12_pet_supplies,12,e110752c6496e8c0,v2,20000,,,kmmmm,,,,,
12_pet_supplies-demo-000946,12_pet_supplies,12,9dc64cc49e30364f,v2,200000,,,BPF,,,,,
12_pet_supplies-demo-000947,12_pet_supplies,12,4be26ed1c9188f77,v2,45000,,,테일하이,,,,,
12_pet_supplies-demo-000948,12_pet_supplies,12,2728b79b54145d2c,v2,22948,,,러프웨어,,,,,
12_pet_supplies-demo-000949,12_pet_supplies,12,0c81380a00909167,v2,45000,,,호우디자인,,,,,
12_pet_supplies-demo-000950,12_pet_supplies,12,f6f7c3e20fda4458,v2,90000,,,Sporty & Rich,,,,,
12_pet_supplies-demo-000951,12_pet_supplies,12,7415cce91599d63a,v2,80000,,,디어캣,,,,,
12_pet_supplies-demo-000952,12_pet_supplies,12,c11ad2e65211e33f,v2,20000,,,바잇미,,,,,
12_pet_supplies-demo-000953,12_pet_supplies,12,a7964d5ee9ebcdc7,v2,300000,,,와우캣,,,,,
12_pet_supplies-demo-000954,12_pet_supplies,12,d79dfdc6440fa2f3,v2,180000,,,포펫츠온리,,,,,
12_pet_supplies-demo-000955,12_pet_supplies,12,528dad5b5b55044a,v2,35000,,,몰소,,,,,
12_pet_supplies-demo-000956,12_pet_supplies,12,1808e245f48a8d2b,v2,28000,,,Ruffwear,,,,,
12_pet_supplies-demo-000957,12_pet_supplies,12,a7964d5ee9ebcdc7,v2,300000,,,와우캣,,,,,
12_pet_supplies-demo-000958,12_pet_supplies,12,96d8b2758e6d5b59,v2,200000,,,FOR PETS ONLY,,,,,
12_pet_supplies-demo-000959,12_pet_supplies,12,bb1a379fb9db2de4,v2,20000,,,버디부,,,,,
12_pet_supplies-demo-000960,12_pet_supplies,12,501de275b2453b4b,v2,8000,,,도그파라치,,,,,
12_pet_supplies-demo-000961,12_pet_supplies,12,669da6c77299478c,v2,30000,,,KONG,,,,,
12_pet_supplies-demo-000962,12_pet_supplies,12,d79dfdc6440fa2f3,v2,130000,,,포펫츠온리,,,,,
12_pet_supplies-demo-000963,12_pet_supplies,12,2728b79b54145d2c,v2,29106,,,캣츠드림,,,,,
12_pet_supplies-demo-000964,12_pet_supplies,12,2de9e0fe04ce7c90,v2,30000,,,일로,,,,,
12_pet_supplies-demo-000965,12_pet_supplies,12,1f5fbee3d61ab16f,v2,178025,,,그린웨일,,,,,
12_pet_supplies-demo-000966,12_pet_supplies,12,4f8a1762aa664d22,v2,11111111,,,LG,,,,,
12_pet_supplies-demo-000967,12_pet_supplies,12,177df9b3ecdd3dcf,v2,90000,,,스포티앤리치,,,,,
12_pet_supplies-demo-000968,12_pet_supplies,12,77a2139f92a65e02,v2,281837,,,일룸,,,,,
12_pet_supplies-demo-000969,12_pet_supplies,12,4c0609b104b87e32,v2,100000,,,바우뮤,,,,,
12_pet_supplies-demo-000970,12_pet_supplies,12,1c01512c0f4100f7,v2,450000,,,가리모쿠,,,,,
12_pet_supplies-demo-000971,12_pet_supplies,12,830f8091ef55223f,v2,100000,,,젠에보,,,,,
12_pet_supplies-demo-000972,12_pet_supplies,12,3587d2ab7924c8ed,v2,200000,,,가또블랑코,,,,,
12_pet_supplies-demo-000973,12_pet_supplies,12,7415cce91599d63a,v2,220000,,,디어캣,,,,,
12_pet_supplies-demo-000974,12_pet_supplies,12,91382fd0e4bad0ad,v2,5000,,,캐스키드슨,,,,,
12_pet_supplies-demo-000975,12_pet_supplies,12,9175ae438bcaf3bc,v2,12000,,,리플렉트,,,,,
12_pet_supplies-demo-000976,12_pet_supplies,12,4c61d0e63c771631,v2,36000,,,아이캔더,,,,,
12_pet_supplies-demo-000977,12_pet_supplies,12,77a2139f92a65e02,v2,278959,,,일룸,,,,,
12_pet_supplies-demo-000978,12_pet_supplies,12,4be26ed1c9188f77,v2,45000,,,테일하이,,,,,
12_pet_supplies-demo-000979,12_pet_supplies,12,901d539e89aed120,v2,100000,,,모노케츠,,,,,
12_pet_supplies-demo-000980,12_pet_supplies,12,438bf49c4b9fd607,v2,50000,,,hay,,,,,
12_pet_supplies-demo-000981,12_pet_supplies,12,0efcaf21061a4c0e,v2,100000,,,브리스캣,,,,,
12_pet_supplies-demo-000982,12_pet_supplies,12,70f5e9761464c327,v2,70000,,,크레용펫,,,,,
12_pet_supplies-demo-000983,12_pet_supplies,12,e1816f73574b127e,v2,20000,,,Monello,,,,,
12_pet_supplies-demo-000984,12_pet_supplies,12,3f61c892bbd831da,v2,5900,,,인히어런트,,,,,
12_pet_supplies-demo-000985,12_pet_supplies,12,4df87dd75d364f74,v2,920000,,,밀리옹,,,,,
12_pet_supplies-demo-000986,12_pet_supplies,12,f1aa20f26a005a0f,v2,150000,,,펫코본,,,,,
12_pet_supplies-demo-000987,12_pet_supplies,12,0efcaf21061a4c0e,v2,100000,,,브리스캣,,,,,
12_pet_supplies-demo-000988,12_pet_supplies,12,575e7da8cf2d88b9,v2,200000,,,크로노,,,,,
12_pet_supplies-demo-000989,12_pet_supplies,12,669da6c77299478c,v2,30000,,,인히어런트,,,,,
12_pet_supplies-demo-000990,12_pet_supplies,12,a7964d5ee9ebcdc7,v2,300000,,,와우캣,,,,,
12_pet_supplies-demo-000991,12_pet_supplies,12,77a2139f92a65e02,v2,241879,,,일룸,,,,,
12_pet_supplies-demo-000992,12_pet_supplies,12,4df87dd75d364f74,v2,200000,,,밀리옹,,,,,
12_pet_supplies-demo-000993,12_pet_supplies,12,2728b79b54145d2c,v2,25024,,,러프웨어,,,,,
12_pet_supplies-demo-000994,12_pet_supplies,12,390eb22565c2212c,v2,10000,,,우아지오,,,,,
12_pet_supplies-demo-000995,12_pet_supplies,12,f2ac006df34274f0,v2,24000,,,꼬순내,,,,,
12_pet_supplies-demo-000996,12_pet_supplies,12,1808e245f48a8d2b,v2,28000,,,분독,,,,,
12_pet_supplies-demo-000997,12_pet_supplies,12,a7964d5ee9ebcdc7,v2,300000,,,와우캣,,,,,
12_pet_supplies-demo-000998,12_pet_supplies,12,19b93378211d2c3e,v2,37000,,,그린웨일,,,,,
12_pet_supplies-demo-000999,12_pet_supplies,12,7415cce91599d63a,v2,150000,,,디어캣,,,,,
