item_id,category_name,category_code,spec_key_hash,hash_version,used_price,brand,product_name,food_subtype,form,unit_count,expiry_date,is_giftset,net_weight_g
13_food-demo-000000,13_food,13,93d57ed2452c2163,v2,37000,정심,,,,,,,
13_food-demo-000001,13_food,13,f54db3bb5d39fb41,v2,20000,팅스로 커피 로스터즈,,,,,,,
13_food-demo-000002,13_food,13,b0fc4279174accc8,v2,19000,정관장,,,,,,,
13_food-demo-000003,13_food,13,65098f7c55b99920,v2,18428,스타커피,,,,,,,
13_food-demo-000004,13_food,13,2fd30def06b45a94,v2,37000,카누,,,,,,,
13_food-demo-000005,13_food,13,b0fc4279174accc8,v2,168992,정관장,,,,,,,
13_food-demo-000006,13_food,13,794a8c905f1209be,v2,70000,하루채움,,,,,,,
13_food-demo-000007,13_food,13,65098f7c55b99920,v2,21511,스타커피,,,,,,,
13_food-demo-000008,13_food,13,5ba1906d05e0d024,v2,25000,스타벅스,,,,,,,
13_food-demo-000009,13_food,13,b2401b9d2d9ef02a,v2,39000,김포파주인삼농협,,,,,,,
13_food-demo-000010,13_food,13,ee0961d704a69aff,v2,70000,애터미,,,,,,,
13_food-demo-000011,13_food,13,95c0d64e166b5a20,v2,140000,무궁화,,,,,,,
13_food-demo-000012,13_food,13,9c51113fd35c0d6e,v2,39221,스타벅스,,,,,,,
13_food-demo-000013,13_food,13,6ed334b889a9a1ad,v2,55000,미래홍삼,,,,,,,
13_food-demo-000014,13_food,13,2c03c230363f8eb9,v2,60000,하루이야기,,,,,,,
13_food-demo-000015,13_food,13,fee026af2beba036,v2,19900,콜롬비아,,,,,,,
13_food-demo-000016,13_food,13,65098f7c55b99920,v2,18901,스타커피,,,,,,,
13_food-demo-000017,13_food,13,941af4865d4d3486,v2,50000,금산홍삼,,,,,,,
13_food-demo-000018,13_food,13,b2401b9d2d9ef02a,v2,39000,김포파주인삼농협,,,,,,,
13_food-demo-000019,13_food,13,65098f7c55b99920,v2,19909,스타커피,,,,,,,
13_food-demo-000020,13_food,13,e423d2db76ba125e,v2,26000,GSC,,,,,,,
13_food-demo-000021,13_food,13,93d57ed2452c2163,v2,37000,정심,,,,,,,
13_food-demo-000022,13_food,13,65098f7c55b99920,v2,19071,정심,,,,,,,
13_food-demo-000023,13_food,13,65098f7c55b99920,v2,20429,스타커피,,,,,,,
13_food-demo-000024,13_food,13,aa9d213c26b23121,v2,190000,풀무원,,,,,,,
13_food-demo-000025,13_food,13,4ac0026b9aded10f,v2,20000,코피니니,,,,,,,
13_food-demo-000026,13_food,13,8a3755216d7a7dca,v2,19600,플레이브,,,,,,,
13_food-demo-000027,13_food,13,65098f7c55b99920,v2,20808,스타커피,,,,,,,
13_food-demo-000028,13_food,13,f76f534dd13fcda1,v2,70000,홍삼진본,,,,,,,
13_food-demo-000029,13_food,13,794f705f334a8f47,v2,40000,농협홍삼,,,,,,,
13_food-demo-000030,13_food,13,a89c0c18115052d7,v2,65000,연세대학교,,,,,,,
13_food-demo-000031,13_food,13,e8541561b00dfeac,v2,70000,정삼원,,,,,,,
13_food-demo-000032,13_food,13,9c51113fd35c0d6e,v2,43268,스타벅스,,,,,,,
13_food-demo-000033,13_food,13,fb2e806f9d8d3d18,v2,100000,Julius Meinl,,,,,,,
13_food-demo-000034,13_food,13,b0fc4279174accc8,v2,51591,정관장,,,,,,,
13_food-demo-000035,13_food,13,ede25cf91a3a01ed,v2,11000,농협안심녹용,,,,,,,
13_food-demo-000036,13_food,13,6ed334b889a9a1ad,v2,55000,미래홍삼,,,,,,,
13_food-demo-000037,13_food,13,5ba1906d05e0d024,v2,25000,MJA,,,,,,,
13_food-demo-000038,13_food,13,65098f7c55b99920,v2,19958,스타커피,,,,,,,
13_food-demo-000039,13_food,13,9c51113fd35c0d6e,v2,32726,스타벅스,,,,,,,
13_food-demo-000040,13_food,13,a493f659750cacc8,v2,95000,녹관원,,,,,,,
13_food-demo-000041,13_food,13,93d57ed2452c2163,v2,37000,정심,,,,,,,
13_food-demo-000042,13_food,13,59c40669db14ae40,v2,80000,어라운지,,,,,,,
13_food-demo-000043,13_food,13,a848761e63658fd9,v2,19500,과일삼촌,,,,,,,
13_food-demo-000044,13_food,13,6a8dd01acf2f0a93,v2,25000,카멜,,,,,,,
13_food-demo-000045,13_food,13,93295222afb041f9,v2,60000,스타커피,,,,,,,
13_food-demo-000046,13_food,13,794f705f334a8f47,v2,84000,농협홍삼,,,,,,,
13_food-demo-000047,13_food,13,9c51113fd35c0d6e,v2,42899,스타벅스,,,,,,,
13_food-demo-000048,13_food,13,85751e594a2bcbdf,v2,18500,고려진홍삼,,,,,,,
13_food-demo-000049,13_food,13,65098f7c55b99920,v2,20816,정관장,,,,,,,
13_food-demo-000050,13_food,13,65098f7c55b99920,v2,21169,스타커피,,,,,,,
13_food-demo-000051,13_food,13,65098f7c55b99920,v2,20649,스타커피,,,,,,,
13_food-demo-000052,13_food,13,d0374af84f8a170d,v2,22000,스타커피 로스터리,,,,,,,
13_food-demo-000053,13_food,13,95a98a3d6504d606,v2,20000,보헤미안 박이추,,,,,,,
13_food-demo-000054,13_food,13,4bdbbf5effa10cbb,v2,38000,홍삼기계,,,,,,,
13_food-demo-000055,13_food,13,65098f7c55b99920,v2,18671,스타커피,,,,,,,
13_food-demo-000056,13_food,13,f1183cf7bdd2f8d2,v2,268000,네스프레소,,,,,,,
13_food-demo-000057,13_food,13,b69be77db20536ae,v2,75000,동원,,,,,,,
13_food-demo-000058,13_food,13,93d57ed2452c2163,v2,37000,정심,,,,,,,
13_food-demo-000059,13_food,13,9c51113fd35c0d6e,v2,39210,정심,,,,,,,
13_food-demo-000060,13_food,13,b01df773223c4846,v2,19000,대박난,,,,,,,
13_food-demo-000061,13_food,13,ee013f025d560954,v2,40000,종근당,,,,,,,
13_food-demo-000062,13_food,13,65098f7c55b99920,v2,20885,스타커피,,,,,,,
13_food-demo-000063,13_food,13,ae263fc120c4d08e,v2,32000,자바하우스,,,,,,,
13_food-demo-000064,13_food,13,65098f7c55b99920,v2,19324,스타커피,,,,,,,
13_food-demo-000065,13_food,13,d0374af84f8a170d,v2,21900,스타커피 로스터리,,,,,,,
13_food-demo-000066,13_food,13,4930c87d57a42cc2,v2,35000,레전드,,,,,,,
13_food-demo-000067,13_food,13,a89c0c18115052d7,v2,65000,연세대학교,,,,,,,
13_food-demo-000068,13_food,13,b2401b9d2d9ef02a,v2,39000,김포파주인삼농협,,,,,,,
13_food-demo-000069,13_food,13,93d57ed2452c2163,v2,37000,정심,,,,,,,
13_food-demo-000070,13_food,13,5cc6323309db1339,v2,25000,브라운체리,,,,,,,
13_food-demo-000071,13_food,13,d9112c9a0905a509,v2,2000,GSC,,,,,,,
13_food-demo-000072,13_food,13,e8541561b00dfeac,v2,70000,정삼원,,,,,,,
13_food-demo-000073,13_food,13,e8541561b00dfeac,v2,70000,정삼원,,,,,,,
13_food-demo-000074,13_food,13,f54db3bb5d39fb41,v2,20000,농협홍삼,,,,,,,
13_food-demo-000075,13_food,13,1dcb77a0734cb082,v2,124000,노블레스,,,,,,,
13_food-demo-000076,13_food,13,9c51113fd35c0d6e,v2,43661,스타벅스,,,,,,,
13_food-demo-000077,13_food,13,95c0d64e166b5a20,v2,140000,무궁화,,,,,,,
13_food-demo-000078,13_food,13,65098f7c55b99920,v2,20848,스타커피,,,,,,,
13_food-demo-000079,13_food,13,8a3755216d7a7dca,v2,19600,플레이브,,,,,,,
13_food-demo-000080,13_food,13,70d28e3a262d4281,v2,80000,홍삼엔,,,,,,,
13_food-demo-000081,13_food,13,65098f7c55b99920,v2,21449,스타커피,,,,,,,
13_food-demo-000082,13_food,13,b0fc4279174accc8,v2,29916,정삼원,,,,,,,
13_food-demo-000083,13_food,13,2841196c2980bcb1,v2,60000,청이,,,,,,,
13_food-demo-000084,13_food,13,65098f7c55b99920,v2,19465,스타커피,,,,,,,
13_food-demo-000085,13_food,13,4ac0026b9aded10f,v2,20000,코피니니,,,,,,,
13_food-demo-000086,13_food,13,5ba1906d05e0d024,v2,25000,MJA,,,,,,,
13_food-demo-000087,13_food,13,65098f7c55b99920,v2,21245,스타커피,,,,,,,
13_food-demo-000088,13_food,13,6a8dd01acf2f0a93,v2,25000,카멜,,,,,,,
13_food-demo-000089,13_food,13,a2cb88e41eec409f,v2,20000,보헤미안 박이추 로스터리,,,,,,,
13_food-demo-000090,13_food,13,63112c8a821366dc,v2,150000,홍삼기보,,,,,,,
13_food-demo-000091,13_food,13,57d240e5a8b55e94,v2,63500,스타커피,,,,,,,
13_food-demo-000092,13_food,13,ea0f0a64a4ea44e4,v2,80000,풍기인삼상회,,,,,,,
13_food-demo-000093,13_food,13,b01df773223c4846,v2,19000,대박난,,,,,,,
13_food-demo-000094,13_food,13,b01df773223c4846,v2,19000,대박난,,,,,,,
13_food-demo-000095,13_food,13,6b993ab6083ede09,v2,25000,페이브,,,,,,,
13_food-demo-000096,13_food,13,9c51113fd35c0d6e,v2,20197,스타벅스,,,,,,,
13_food-demo-000097,13_food,13,93d57ed2452c2163,v2,37000,정심,,,,,,,
13_food-demo-000098,13_food,13,b0fc4279174accc8,v2,90090,정관장,,,,,,,
13_food-demo-000099,13_food,13,b0fc4279174accc8,v2,19000,정관장,,,,,,,
13_food-demo-000100,13_food,13,9c51113fd35c0d6e,v2,26590,스타벅스,,,,,,,
13_food-demo-000101,13_food,13,65098f7c55b99920,v2,20140,스타커피,,,,,,,
13_food-demo-000102,13_food,13,a493f659750cacc8,v2,95000,녹관원,,,,,,,
13_food-demo-000103,13_food,13,90852a54eed39b73,v2,70000,농협홍삼,,,,,,,
13_food-demo-000104,13_food,13,4510e95ce35b950d,v2,23000,김오곤,,,,,,,
13_food-demo-000105,13_food,13,65098f7c55b99920,v2,20222,스타커피,,,,,,,
13_food-demo-000106,13_food,13,fcd89adecc3f1138,v2,23000,박이추 커피공장 보헤미안 커피,,,,,,,
13_food-demo-000107,13_food,13,4ac0026b9aded10f,v2,20000,연세대학교,,,,,,,
13_food-demo-000108,13_food,13,65098f7c55b99920,v2,20188,스타커피,,,,,,,
13_food-demo-000109,13_food,13,806a142365207431,v2,35000,커클랜드,,,,,,,
13_food-demo-000110,13_food,13,65098f7c55b99920,v2,19881,스타커피,,,,,,,
13_food-demo-000111,13_food,13,9a1eaa8d57fca09d,v2,50000,홍삼메딕스,,,,,,,
13_food-demo-000112,13_food,13,65098f7c55b99920,v2,20369,스타커피,,,,,,,
13_food-demo-000113,13_food,13,b69be77db20536ae,v2,75000,동원,,,,,,,
13_food-demo-000114,13_food,13,65098f7c55b99920,v2,18407,스타커피,,,,,,,
13_food-demo-000115,13_food,13,7ab5a68d245238b3,v2,20900,고려홍삼정,,,,,,,
13_food-demo-000116,13_food,13,9c51113fd35c0d6e,v2,41479,스타벅스,,,,,,,
13_food-demo-000117,13_food,13,d8b394a95b9d458a,v2,50000,유니베라,,,,,,,
13_food-demo-000118,13_food,13,b0fc4279174accc8,v2,265493,정관장,,,,,,,
13_food-demo-000119,13_food,13,71741f9153ca29fb,v2,22000,운조커피,,,,,,,
13_food-demo-000120,13_food,13,2c03c230363f8eb9,v2,60000,하루이야기,,,,,,,
13_food-demo-000121,13_food,13,65098f7c55b99920,v2,20478,스타커피,,,,,,,
13_food-demo-000122,13_food,13,ede25cf91a3a01ed,v2,11000,농협안심녹용,,,,,,,
13_food-demo-000123,13_food,13,93d57ed2452c2163,v2,37000,정심,,,,,,,
13_food-demo-000124,13_food,13,65098f7c55b99920,v2,19008,스타커피,,,,,,,
13_food-demo-000125,13_food,13,65098f7c55b99920,v2,20566,스타커피,,,,,,,
13_food-demo-000126,13_food,13,65098f7c55b99920,v2,19050,스타커피,,,,,,,
13_food-demo-000127,13_food,13,1dcb77a0734cb082,v2,124000,노블레스,,,,,,,
13_food-demo-000128,13_food,13,4bdbbf5effa10cbb,v2,38000,홍삼기계,,,,,,,
13_food-demo-000129,13_food,13,65098f7c55b99920,v2,20165,스타커피,,,,,,,
13_food-demo-000130,13_food,13,9a1eaa8d57fca09d,v2,50000,농협안심녹용,,,,,,,
13_food-demo-000131,13_food,13,7ab5a68d245238b3,v2,12900,엑셀소,,,,,,,
13_food-demo-000132,13_food,13,9a1eaa8d57fca09d,v2,50000,홍삼메딕스,,,,,,,
13_food-demo-000133,13_food,13,21648ef9e5acfb10,v2,20000,올데이굿타임,,,,,,,
13_food-demo-000134,13_food,13,2c03c230363f8eb9,v2,60000,하루이야기,,,,,,,
13_food-demo-000135,13_food,13,9c51113fd35c0d6e,v2,44896,스타벅스,,,,,,,
13_food-demo-000136,13_food,13,5cc6323309db1339,v2,25000,브라운체리,,,,,,,
13_food-demo-000137,13_food,13,2c03c230363f8eb9,v2,60000,하루이야기,,,,,,,
13_food-demo-000138,13_food,13,794f705f334a8f47,v2,83000,농협홍삼,,,,,,,
13_food-demo-000139,13_food,13,ae263fc120c4d08e,v2,32000,자바하우스,,,,,,,
13_food-demo-000140,13_food,13,7ab5a68d245238b3,v2,12900,고려홍삼정,,,,,,,
13_food-demo-000141,13_food,13,b01df773223c4846,v2,19000,대박난,,,,,,,
13_food-demo-000142,13_food,13,65098f7c55b99920,v2,19396,스타커피,,,,,,,
13_food-demo-000143,13_food,13,d410fd93a13103bf,v2,35000,대백년,,,,,,,
13_food-demo-000144,13_food,13,65098f7c55b99920,v2,18826,스타커피,,,,,,,
13_food-demo-000145,13_food,13,aa9d213c26b23121,v2,190000,풀무원,,,,,,,
13_food-demo-000146,13_food,13,b0fc4279174accc8,v2,169107,정관장,,,,,,,
13_food-demo-000147,13_food,13,65098f7c55b99920,v2,21481,스타커피,,,,,,,
13_food-demo-000148,13_food,13,65098f7c55b99920,v2,19220,스타커피,,,,,,,
13_food-demo-000149,13_food,13,65098f7c55b99920,v2,19948,스타커피,,,,,,,
13_food-demo-000150,13_food,13,930879fd8e0ccb6f,v2,20000,Excelso,,,,,,,
13_food-demo-000151,13_food,13,65098f7c55b99920,v2,18911,스타커피,,,,,,,
13_food-demo-000152,13_food,13,ede25cf91a3a01ed,v2,11000,농협안심녹용,,,,,,,
13_food-demo-000153,13_food,13,b057de060464b2a2,v2,5000,천부강,,,,,,,
13_food-demo-000154,13_food,13,5ba1906d05e0d024,v2,25000,MJA,,,,,,,
13_food-demo-000155,13_food,13,7ab5a68d245238b3,v2,12900,고려홍삼정,,,,,,,
13_food-demo-000156,13_food,13,2c03c230363f8eb9,v2,60000,하루이야기,,,,,,,
13_food-demo-000157,13_food,13,794a8c905f1209be,v2,70000,하루채움,,,,,,,
13_food-demo-000158,13_food,13,65098f7c55b99920,v2,19297,스타커피,,,,,,,
13_food-demo-000159,13_food,13,4930c87d57a42cc2,v2,35000,레전드,,,,,,,
13_food-demo-000160,13_food,13,ede25cf91a3a01ed,v2,11000,농협안심녹용,,,,,,,
13_food-demo-000161,13_food,13,4bdbbf5effa10cbb,v2,38000,홍삼기계,,,,,,,
13_food-demo-000162,13_food,13,0e4fc8b4ff25f01e,v2,100000,세한기업,,,,,,,
13_food-demo-000163,13_food,13,574c438d1446b823,v2,20000,블루보틀,,,,,,,
13_food-demo-000164,13_food,13,b0fc4279174accc8,v2,57777,농협안심녹용,,,,,,,
13_food-demo-000165,13_food,13,9bf0326986d0933b,v2,170000,오쿠,,,,,,,
13_food-demo-000166,13_food,13,39c2b03a40d99205,v2,950000,장보고,,,,,,,
13_food-demo-000167,13_food,13,65098f7c55b99920,v2,20608,스타커피,,,,,,,
13_food-demo-000168,13_food,13,45d0c6e085fd9e1b,v2,9000,토모카,,,,,,,
13_food-demo-000169,13_food,13,65098f7c55b99920,v2,19258,스타커피,,,,,,,
13_food-demo-000170,13_food,13,4bdbbf5effa10cbb,v2,38000,홍삼기계,,,,,,,
13_food-demo-000171,13_food,13,b0fc4279174accc8,v2,238816,정관장,,,,,,,
13_food-demo-000172,13_food,13,9a1eaa8d57fca09d,v2,50000,홍삼메딕스,,,,,,,
13_food-demo-000173,13_food,13,9c51113fd35c0d6e,v2,34558,스타벅스,,,,,,,
13_food-demo-000174,13_food,13,70d28e3a262d4281,v2,80000,홍삼엔,,,,,,,
13_food-demo-000175,13_food,13,d0374af84f8a170d,v2,22000,스타커피 로스터리,,,,,,,
13_food-demo-000176,13_food,13,9c51113fd35c0d6e,v2,51518,스타벅스,,,,,,,
13_food-demo-000177,13_food,13,65098f7c55b99920,v2,20638,스타커피,,,,,,,
13_food-demo-000178,13_food,13,6a8dd01acf2f0a93,v2,25000,카멜,,,,,,,
13_food-demo-000179,13_food,13,65098f7c55b99920,v2,20457,정관장,,,,,,,
13_food-demo-000180,13_food,13,90852a54eed39b73,v2,70000,경북농축산,,,,,,,
13_food-demo-000181,13_food,13,ede25cf91a3a01ed,v2,11000,농협안심녹용,,,,,,,
13_food-demo-000182,13_food,13,c7e1e7f36e0459ca,v2,45000,한살림,,,,,,,
13_food-demo-000183,13_food,13,65098f7c55b99920,v2,20102,스타커피,,,,,,,
13_food-demo-000184,13_food,13,b2401b9d2d9ef02a,v2,39000,김포파주인삼농협,,,,,,,
13_food-demo-000185,13_food,13,d0374af84f8a170d,v2,22000,스타커피 로스터리,,,,,,,
13_food-demo-000186,13_food,13,45d0c6e085fd9e1b,v2,9000,토모카,,,,,,,
13_food-demo-000187,13_food,13,4510e95ce35b950d,v2,23000,김오곤,,,,,,,
13_food-demo-000188,13_food,13,d8b394a95b9d458a,v2,50000,유니베라,,,,,,,
13_food-demo-000189,13_food,13,71741f9153ca29fb,v2,22000,운조커피,,,,,,,
13_food-demo-000190,13_food,13,a848761e63658fd9,v2,19500,과일삼촌,,,,,,,
13_food-demo-000191,13_food,13,63112c8a821366dc,v2,150000,홍삼기보,,,,,,,
13_food-demo-000192,13_food,13,65098f7c55b99920,v2,19907,스타커피,,,,,,,
13_food-demo-000193,13_food,13,b0fc4279174accc8,v2,41301,정관장,,,,,,,
13_food-demo-000194,13_food,13,65098f7c55b99920,v2,20386,스타커피,,,,,,,
13_food-demo-000195,13_food,13,9c51113fd35c0d6e,v2,37608,스타벅스,,,,,,,
13_food-demo-000196,13_food,13,a89c0c18115052d7,v2,65000,연세대학교,,,,,,,
13_food-demo-000197,13_food,13,70d28e3a262d4281,v2,80000,홍삼엔,,,,,,,
13_food-demo-000198,13_food,13,8a3755216d7a7dca,v2,19600,플레이브,,,,,,,
13_food-demo-000199,13_food,13,4ac0026b9aded10f,v2,20000,스타커피,,,,,,,
13_food-demo-000200,13_food,13,ea0f0a64a4ea44e4,v2,80000,풍기인삼상회,,,,,,,
13_food-demo-000201,13_food,13,7ab5a68d245238b3,v2,20900,고려홍삼정,,,,,,,
13_food-demo-000202,13_food,13,65098f7c55b99920,v2,20214,스타커피,,,,,,,
13_food-demo-000203,13_food,13,ea0f0a64a4ea44e4,v2,80000,스타커피,,,,,,,
13_food-demo-000204,13_food,13,5ba1906d05e0d024,v2,25000,MJA,,,,,,,
13_food-demo-000205,13_food,13,2c03c230363f8eb9,v2,60000,하루이야기,,,,,,,
13_food-demo-000206,13_food,13,2e6006a9c5b08e98,v2,95000,자민경,,,,,,,
13_food-demo-000207,13_food,13,b2401b9d2d9ef02a,v2,39000,김포파주인삼농협,,,,,,,
13_food-demo-000208,13_food,13,ee0961d704a69aff,v2,70000,애터미,,,,,,,
13_food-demo-000209,13_food,13,93d57ed2452c2163,v2,37000,정심,,,,,,,
13_food-demo-000210,13_food,13,90852a54eed39b73,v2,70000,경북농축산,,,,,,,
13_food-demo-000211,13_food,13,8a3755216d7a7dca,v2,19600,플레이브,,,,,,,
13_food-demo-000212,13_food,13,d9112c9a0905a509,v2,2000,GSC,,,,,,,
13_food-demo-000213,13_food,13,2d5a30221fb2c980,v2,25000,진세노카,,,,,,,
13_food-demo-000214,13_food,13,4bdbbf5effa10cbb,v2,38000,홍삼기계,,,,,,,
13_food-demo-000215,13_food,13,6b993ab6083ede09,v2,25000,페이브,,,,,,,
13_food-demo-000216,13_food,13,65098f7c55b99920,v2,18886,스타커피,,,,,,,
13_food-demo-000217,13_food,13,65098f7c55b99920,v2,19420,스타커피,,,,,,,
13_food-demo-000218,13_food,13,65098f7c55b99920,v2,18873,스타커피,,,,,,,
13_food-demo-000219,13_food,13,b0fc4279174accc8,v2,19000,정관장,,,,,,,
13_food-demo-000220,13_food,13,8a3755216d7a7dca,v2,24000,플레이브,,,,,,,
13_food-demo-000221,13_food,13,65098f7c55b99920,v2,20022,스타커피,,,,,,,
13_food-demo-000222,13_food,13,8a3755216d7a7dca,v2,19600,플레이브,,,,,,,
13_food-demo-000223,13_food,13,95c0d64e166b5a20,v2,140000,무궁화,,,,,,,
13_food-demo-000224,13_food,13,e8541561b00dfeac,v2,70000,정삼원,,,,,,,
13_food-demo-000225,13_food,13,8a3755216d7a7dca,v2,24000,플레이브,,,,,,,
13_food-demo-000226,13_food,13,65098f7c55b99920,v2,19179,스타커피,,,,,,,
13_food-demo-000227,13_food,13,b0fc4279174accc8,v2,86253,정관장,,,,,,,
13_food-demo-000228,13_food,13,65098f7c55b99920,v2,21025,스타커피,,,,,,,
13_food-demo-000229,13_food,13,a2cb88e41eec409f,v2,39000,보헤미안 박이추 로스터리,,,,,,,
13_food-demo-000230,13_food,13,7556d40f1fb51827,v2,20900,풍년보감,,,,,,,
13_food-demo-000231,13_food,13,45d0c6e085fd9e1b,v2,9000,토모카,,,,,,,
13_food-demo-000232,13_food,13,a2cb88e41eec409f,v2,20000,보헤미안 박이추 로스터리,,,,,,,
13_food-demo-000233,13_food,13,b0fc4279174accc8,v2,222764,정관장,,,,,,,
13_food-demo-000234,13_food,13,b0fc4279174accc8,v2,19000,스타커피,,,,,,,
13_food-demo-000235,13_food,13,1e35169a61837764,v2,69000,농협안심녹용,,,,,,,
13_food-demo-000236,13_food,13,a89c0c18115052d7,v2,65000,연세대학교,,,,,,,
13_food-demo-000237,13_food,13,d0374af84f8a170d,v2,18702,스타커피 로스터리,,,,,,,
13_food-demo-000238,13_food,13,9c51113fd35c0d6e,v2,20427,스타벅스,,,,,,,
13_food-demo-000239,13_food,13,a89c0c18115052d7,v2,65000,연세대학교,,,,,,,
13_food-demo-000240,13_food,13,2d5a30221fb2c980,v2,25000,진세노카,,,,,,,
13_food-demo-000241,13_food,13,9c51113fd35c0d6e,v2,17818,스타벅스,,,,,,,
13_food-demo-000242,13_food,13,b0fc4279174accc8,v2,176118,보헤미안 박이추 로스터리,,,,,,,
13_food-demo-000243,13_food,13,b0fc4279174accc8,v2,183778,정관장,,,,,,,
13_food-demo-000244,13_food,13,574c438d1446b823,v2,20000,블루보틀,,,,,,,
13_food-demo-000245,13_food,13,930879fd8e0ccb6f,v2,20000,Excelso,,,,,,,
13_food-demo-000246,13_food,13,01f6e08dbf293460,v2,60000,라이녹스,,,,,,,
13_food-demo-000247,13_food,13,65098f7c55b99920,v2,19951,스타커피,,,,,,,
13_food-demo-000248,13_food,13,9c51113fd35c0d6e,v2,27235,과일삼촌,,,,,,,
13_food-demo-000249,13_food,13,93d57ed2452c2163,v2,37000,정심,,,,,,,
13_food-demo-000250,13_food,13,32a1cc3c9008b19b,v2,8500,쿠키나인,,,,,,,
13_food-demo-000251,13_food,13,941af4865d4d3486,v2,79000,금산홍삼,,,,,,,
13_food-demo-000252,13_food,13,b0fc4279174accc8,v2,162208,정관장,,,,,,,
13_food-demo-000253,13_food,13,1dcb77a0734cb082,v2,124000,노블레스,,,,,,,
13_food-demo-000254,13_food,13,6dd555842e5faa4b,v2,25000,킴보,,,,,,,
13_food-demo-000255,13_food,13,e423d2db76ba125e,v2,26000,제니벨,,,,,,,
13_food-demo-000256,13_food,13,b2401b9d2d9ef02a,v2,39000,김포파주인삼농협,,,,,,,
13_food-demo-000257,13_food,13,a2cb88e41eec409f,v2,20000,보헤미안 박이추 로스터리,,,,,,,
13_food-demo-000258,13_food,13,2c03c230363f8eb9,v2,60000,하루이야기,,,,,,,
13_food-demo-000259,13_food,13,1dcb77a0734cb082,v2,124000,진세노카,,,,,,,
13_food-demo-000260,13_food,13,65098f7c55b99920,v2,18926,정심,,,,,,,
13_food-demo-000261,13_food,13,f76f534dd13fcda1,v2,70000,홍삼진본,,,,,,,
13_food-demo-000262,13_food,13,65098f7c55b99920,v2,19034,하루이야기,,,,,,,
13_food-demo-000263,13_food,13,5cc6323309db1339,v2,25000,브라운체리,,,,,,,
13_food-demo-000264,13_food,13,65098f7c55b99920,v2,20106,스타커피,,,,,,,
13_food-demo-000265,13_food,13,ede25cf91a3a01ed,v2,11000,농협안심녹용,,,,,,,
13_food-demo-000266,13_food,13,fee026af2beba036,v2,19900,콜롬비아,,,,,,,
13_food-demo-000267,13_food,13,4510e95ce35b950d,v2,23000,김오곤,,,,,,,
13_food-demo-000268,13_food,13,b01df773223c4846,v2,19000,대박난,,,,,,,
13_food-demo-000269,13_food,13,65098f7c55b99920,v2,20232,스타커피,,,,,,,
13_food-demo-000270,13_food,13,2d5a30221fb2c980,v2,25000,진세노카,,,,,,,
13_food-demo-000271,13_food,13,529030bfd5067ff2,v2,8890,동의삼,,,,,,,
13_food-demo-000272,13_food,13,b2401b9d2d9ef02a,v2,39000,김포파주인삼농협,,,,,,,
13_food-demo-000273,13_food,13,65098f7c55b99920,v2,21190,스타커피,,,,,,,
13_food-demo-000274,13_food,13,a2cb88e41eec409f,v2,39000,보헤미안 박이추 로스터리,,,,,,,
13_food-demo-000275,13_food,13,b0fc4279174accc8,v2,90347,정관장,,,,,,,
13_food-demo-000276,13_food,13,65098f7c55b99920,v2,19865,스타커피,,,,,,,
13_food-demo-000277,13_food,13,b0fc4279174accc8,v2,215646,정관장,,,,,,,
13_food-demo-000278,13_food,13,ede25cf91a3a01ed,v2,11000,농협안심녹용,,,,,,,
13_food-demo-000279,13_food,13,529030bfd5067ff2,v2,8890,동의삼,,,,,,,
13_food-demo-000280,13_food,13,4ac0026b9aded10f,v2,20000,코피니니,,,,,,,
13_food-demo-000281,13_food,13,a9b24e35d7b4aded,v2,20000,엑셀소,,,,,,,
13_food-demo-000282,13_food,13,fded9861597bbbb3,v2,18200,브라질 모지아나,,,,,,,
13_food-demo-000283,13_food,13,2d5a30221fb2c980,v2,25000,진세노카,,,,,,,
13_food-demo-000284,13_food,13,65098f7c55b99920,v2,19150,스타커피,,,,,,,
13_food-demo-000285,13_food,13,65098f7c55b99920,v2,21436,스타커피,,,,,,,
13_food-demo-000286,13_food,13,65098f7c55b99920,v2,21090,스타커피,,,,,,,
13_food-demo-000287,13_food,13,529030bfd5067ff2,v2,8890,고려홍삼정,,,,,,,
13_food-demo-000288,13_food,13,d0374af84f8a170d,v2,20023,스타커피,,,,,,,
13_food-demo-000289,13_food,13,65098f7c55b99920,v2,18808,스타커피,,,,,,,
13_food-demo-000290,13_food,13,ede25cf91a3a01ed,v2,11000,농협안심녹용,,,,,,,
13_food-demo-000291,13_food,13,1966f16b524036a2,v2,50000,프라임,,,,,,,
13_food-demo-000292,13_food,13,e423d2db76ba125e,v2,26000,제니벨,,,,,,,
13_food-demo-000293,13_food,13,ede25cf91a3a01ed,v2,11000,농협안심녹용,,,,,,,
13_food-demo-000294,13_food,13,21648ef9e5acfb10,v2,20000,올데이굿타임,,,,,,,
13_food-demo-000295,13_food,13,4bdbbf5effa10cbb,v2,38000,홍삼기계,,,,,,,
13_food-demo-000296,13_food,13,b0fc4279174accc8,v2,19000,정관장,,,,,,,
13_food-demo-000297,13_food,13,d0374af84f8a170d,v2,19222,스타커피 로스터리,,,,,,,
13_food-demo-000298,13_food,13,2c03c230363f8eb9,v2,60000,하루이야기,,,,,,,
13_food-demo-000299,13_food,13,65098f7c55b99920,v2,18744,스타커피,,,,,,,
13_food-demo-000300,13_food,13,e8541561b00dfeac,v2,70000,정삼원,,,,,,,
13_food-demo-000301,13_food,13,ede25cf91a3a01ed,v2,11000,농협안심녹용,,,,,,,
13_food-demo-000302,13_food,13,ae263fc120c4d08e,v2,32000,자바하우스,,,,,,,
13_food-demo-000303,13_food,13,65098f7c55b99920,v2,19375,스타커피,,,,,,,
13_food-demo-000304,13_food,13,4f2a71d12f18965e,v2,15000,고려,,,,,,,
13_food-demo-000305,13_food,13,6b8c0482e9a92548,v2,13000,가배도,,,,,,,
13_food-demo-000306,13_food,13,2c03c230363f8eb9,v2,60000,하루이야기,,,,,,,
13_food-demo-000307,13_food,13,b0fc4279174accc8,v2,179442,정관장,,,,,,,
13_food-demo-000308,13_food,13,574c438d1446b823,v2,20000,블루보틀,,,,,,,
13_food-demo-000309,13_food,13,9c51113fd35c0d6e,v2,34767,스타벅스,,,,,,,
13_food-demo-000310,13_food,13,ee0961d704a69aff,v2,70000,애터미,,,,,,,
13_food-demo-000311,13_food,13,d410fd93a13103bf,v2,35000,대백년,,,,,,,
13_food-demo-000312,13_food,13,65098f7c55b99920,v2,20988,스타커피,,,,,,,
13_food-demo-000313,13_food,13,b0fc4279174accc8,v2,86804,정관장,,,,,,,
13_food-demo-000314,13_food,13,2c03c230363f8eb9,v2,60000,하루이야기,,,,,,,
13_food-demo-000315,13_food,13,2d5a30221fb2c980,v2,25000,진세노카,,,,,,,
13_food-demo-000316,13_food,13,b69be77db20536ae,v2,75000,동원,,,,,,,
13_food-demo-000317,13_food,13,63112c8a821366dc,v2,150000,론지,,,,,,,
13_food-demo-000318,13_food,13,9c51113fd35c0d6e,v2,27716,스타벅스,,,,,,,
13_food-demo-000319,13_food,13,b69be77db20536ae,v2,75000,동원,,,,,,,
13_food-demo-000320,13_food,13,b0fc4279174accc8,v2,160593,정관장,,,,,,,
13_food-demo-000321,13_food,13,7ab5a68d245238b3,v2,12900,정관장,,,,,,,
13_food-demo-000322,13_food,13,c9b81902df256be3,v2,140000,맥심,,,,,,,
13_food-demo-000323,13_food,13,9a1eaa8d57fca09d,v2,50000,홍삼메딕스,,,,,,,
13_food-demo-000324,13_food,13,fb2e806f9d8d3d18,v2,100000,Julius Meinl,,,,,,,
13_food-demo-000325,13_food,13,574c438d1446b823,v2,26000,블루보틀,,,,,,,
13_food-demo-000326,13_food,13,b2401b9d2d9ef02a,v2,39000,김포파주인삼농협,,,,,,,
13_food-demo-000327,13_food,13,ae263fc120c4d08e,v2,32000,자바하우스,,,,,,,
13_food-demo-000328,13_food,13,95c0d64e166b5a20,v2,140000,무궁화,,,,,,,
13_food-demo-000329,13_food,13,fded9861597bbbb3,v2,18200,브라질 모지아나,,,,,,,
13_food-demo-000330,13_food,13,b0fc4279174accc8,v2,157519,정관장,,,,,,,
13_food-demo-000331,13_food,13,65098f7c55b99920,v2,19293,스타커피,,,,,,,
13_food-demo-000332,13_food,13,ede25cf91a3a01ed,v2,11000,농협안심녹용,,,,,,,
13_food-demo-000333,13_food,13,2c03c230363f8eb9,v2,60000,하루이야기,,,,,,,
13_food-demo-000334,13_food,13,9c51113fd35c0d6e,v2,27976,스타벅스,,,,,,,
13_food-demo-000335,13_food,13,9c51113fd35c0d6e,v2,35816,스타벅스,,,,,,,
13_food-demo-000336,13_food,13,ea0f0a64a4ea44e4,v2,80000,풍기인삼상회,,,,,,,
13_food-demo-000337,13_food,13,39c2b03a40d99205,v2,950000,장보고,,,,,,,
13_food-demo-000338,13_food,13,d8b394a95b9d458a,v2,50000,유니베라,,,,,,,
13_food-demo-000339,13_food,13,65098f7c55b99920,v2,20320,스타커피,,,,,,,
13_food-demo-000340,13_food,13,59c40669db14ae40,v2,80000,어라운지,,,,,,,
13_food-demo-000341,13_food,13,32a1cc3c9008b19b,v2,8500,스타벅스,,,,,,,
13_food-demo-000342,13_food,13,65098f7c55b99920,v2,19439,스타커피,,,,,,,
13_food-demo-000343,13_food,13,4ac0026b9aded10f,v2,20000,코피니니,,,,,,,
13_food-demo-000344,13_food,13,6dd555842e5faa4b,v2,25000,킴보,,,,,,,
13_food-demo-000345,13_food,13,0e4fc8b4ff25f01e,v2,100000,세한기업,,,,,,,
13_food-demo-000346,13_food,13,6b8c0482e9a92548,v2,13000,가배도,,,,,,,
13_food-demo-000347,13_food,13,9bf0326986d0933b,v2,170000,오쿠,,,,,,,
13_food-demo-000348,13_food,13,65098f7c55b99920,v2,19305,스타커피,,,,,,,
13_food-demo-000349,13_food,13,65098f7c55b99920,v2,19835,스타커피,,,,,,,
13_food-demo-000350,13_food,13,65098f7c55b99920,v2,20657,스타커피,,,,,,,
13_food-demo-000351,13_food,13,93d57ed2452c2163,v2,37000,조지아,,,,,,,
13_food-demo-000352,13_food,13,39c2b03a40d99205,v2,950000,장보고,,,,,,,
13_food-demo-000353,13_food,13,65098f7c55b99920,v2,20113,커피스퀘어,,,,,,,
13_food-demo-000354,13_food,13,90852a54eed39b73,v2,70000,경북농축산,,,,,,,
13_food-demo-000355,13_food,13,fded9861597bbbb3,v2,18200,브라질 모지아나,,,,,,,
13_food-demo-000356,13_food,13,63112c8a821366dc,v2,150000,홍삼기보,,,,,,,
13_food-demo-000357,13_food,13,6b993ab6083ede09,v2,25000,페이브,,,,,,,
13_food-demo-000358,13_food,13,6b8c0482e9a92548,v2,13000,가배도,,,,,,,
13_food-demo-000359,13_food,13,6b8c0482e9a92548,v2,13000,가배도,,,,,,,
13_food-demo-000360,13_food,13,9c51113fd35c0d6e,v2,52711,스타벅스,,,,,,,
13_food-demo-000361,13_food,13,59c40669db14ae40,v2,80000,어라운지,,,,,,,
13_food-demo-000362,13_food,13,8a3755216d7a7dca,v2,24000,플레이브,,,,,,,
13_food-demo-000363,13_food,13,2e6006a9c5b08e98,v2,95000,자민경,,,,,,,
13_food-demo-000364,13_food,13,70d28e3a262d4281,v2,80000,홍삼엔,,,,,,,
13_food-demo-000365,13_food,13,65098f7c55b99920,v2,20838,스타커피,,,,,,,
13_food-demo-000366,13_food,13,ede25cf91a3a01ed,v2,11000,농협안심녹용,,,,,,,
13_food-demo-000367,13_food,13,941af4865d4d3486,v2,79000,금산홍삼,,,,,,,
13_food-demo-000368,13_food,13,d0374af84f8a170d,v2,22000,스타커피 로스터리,,,,,,,
13_food-demo-000369,13_food,13,afb012e376f50c56,v2,31000,라바짜,,,,,,,
13_food-demo-000370,13_food,13,a848761e63658fd9,v2,19500,과일삼촌,,,,,,,
13_food-demo-000371,13_food,13,65098f7c55b99920,v2,18389,스타커피,,,,,,,
13_food-demo-000372,13_food,13,2c03c230363f8eb9,v2,60000,하루이야기,,,,,,,
13_food-demo-000373,13_food,13,b0fc4279174accc8,v2,66017,정관장,,,,,,,
13_food-demo-000374,13_food,13,6ed334b889a9a1ad,v2,55000,미래홍삼,,,,,,,
13_food-demo-000375,13_food,13,65098f7c55b99920,v2,20775,스타커피,,,,,,,
13_food-demo-000376,13_food,13,9a1eaa8d57fca09d,v2,50000,홍삼메딕스,,,,,,,
13_food-demo-000377,13_food,13,2841196c2980bcb1,v2,60000,청이,,,,,,,
13_food-demo-000378,13_food,13,ede25cf91a3a01ed,v2,11000,농협안심녹용,,,,,,,
13_food-demo-000379,13_food,13,c7e1e7f36e0459ca,v2,45000,한살림,,,,,,,
13_food-demo-000380,13_food,13,93d57ed2452c2163,v2,37000,정심,,,,,,,
13_food-demo-000381,13_food,13,95c0d64e166b5a20,v2,140000,무궁화,,,,,,,
13_food-demo-000382,13_food,13,65098f7c55b99920,v2,19121,스타커피,,,,,,,
13_food-demo-000383,13_food,13,ede25cf91a3a01ed,v2,11000,농협안심녹용,,,,,,,
13_food-demo-000384,13_food,13,65098f7c55b99920,v2,20872,스타커피,,,,,,,
13_food-demo-000385,13_food,13,794f705f334a8f47,v2,83000,농협홍삼,,,,,,,
13_food-demo-000386,13_food,13,d0374af84f8a170d,v2,19149,스타커피 로스터리,,,,,,,
13_food-demo-000387,13_food,13,ede25cf91a3a01ed,v2,11000,농협안심녹용,,,,,,,
13_food-demo-000388,13_food,13,65098f7c55b99920,v2,18823,스타커피,,,,,,,
13_food-demo-000389,13_food,13,a493f659750cacc8,v2,95000,녹관원,,,,,,,
13_food-demo-000390,13_food,13,2c03c230363f8eb9,v2,60000,하루이야기,,,,,,,
13_food-demo-000391,13_food,13,ab34dbede5f312d2,v2,10000,홍잇,,,,,,,
13_food-demo-000392,13_food,13,4510e95ce35b950d,v2,18000,김오곤,,,,,,,
13_food-demo-000393,13_food,13,1dcb77a0734cb082,v2,124000,정관장,,,,,,,
13_food-demo-000394,13_food,13,2c03c230363f8eb9,v2,60000,하루이야기,,,,,,,
13_food-demo-000395,13_food,13,65098f7c55b99920,v2,20508,스타커피,,,,,,,
13_food-demo-000396,13_food,13,c9b81902df256be3,v2,140000,맥심,,,,,,,
13_food-demo-000397,13_food,13,65098f7c55b99920,v2,20267,스타커피,,,,,,,
13_food-demo-000398,13_food,13,b0fc4279174accc8,v2,148525,정관장,,,,,,,
13_food-demo-000399,13_food,13,65098f7c55b99920,v2,20636,스타커피,,,,,,,
13_food-demo-000400,13_food,13,f54db3bb5d39fb41,v2,20000,어라운지,,,,,,,
13_food-demo-000401,13_food,13,9c51113fd35c0d6e,v2,45741,과일삼촌,,,,,,,
13_food-demo-000402,13_food,13,65098f7c55b99920,v2,18794,스타커피,,,,,,,
13_food-demo-000403,13_food,13,ab34dbede5f312d2,v2,10000,홍잇,,,,,,,
13_food-demo-000404,13_food,13,45d0c6e085fd9e1b,v2,9000,토모카,,,,,,,
13_food-demo-000405,13_food,13,d0374af84f8a170d,v2,18200,정심,,,,,,,
13_food-demo-000406,13_food,13,f54db3bb5d39fb41,v2,20000,팅스로 커피 로스터즈,,,,,,,
13_food-demo-000407,13_food,13,ede25cf91a3a01ed,v2,11000,농협안심녹용,,,,,,,
13_food-demo-000408,13_food,13,9c51113fd35c0d6e,v2,39741,스타벅스,,,,,,,
13_food-demo-000409,13_food,13,65098f7c55b99920,v2,19197,스타커피,,,,,,,
13_food-demo-000410,13_food,13,65098f7c55b99920,v2,18600,스타커피,,,,,,,
13_food-demo-000411,13_food,13,ede25cf91a3a01ed,v2,11000,농협안심녹용,,,,,,,
13_food-demo-000412,13_food,13,c9b81902df256be3,v2,140000,맥심,,,,,,,
13_food-demo-000413,13_food,13,941af4865d4d3486,v2,50000,금산홍삼,,,,,,,
13_food-demo-000414,13_food,13,ede25cf91a3a01ed,v2,11000,농협안심녹용,,,,,,,
13_food-demo-000415,13_food,13,b01df773223c4846,v2,19000,대박난,,,,,,,
13_food-demo-000416,13_food,13,65098f7c55b99920,v2,19746,스타커피,,,,,,,
13_food-demo-000417,13_food,13,6ed334b889a9a1ad,v2,55000,미래홍삼,,,,,,,
13_food-demo-000418,13_food,13,7f72022e751adb7f,v2,22000,조지아,,,,,,,
13_food-demo-000419,13_food,13,f54db3bb5d39fb41,v2,20000,스타커피,,,,,,,
13_food-demo-000420,13_food,13,2c03c230363f8eb9,v2,60000,녹관원,,,,,,,
13_food-demo-000421,13_food,13,4510e95ce35b950d,v2,18000,김오곤,,,,,,,
13_food-demo-000422,13_food,13,9c51113fd35c0d6e,v2,34044,스타벅스,,,,,,,
13_food-demo-000423,13_food,13,794f705f334a8f47,v2,84000,농협홍삼,,,,,,,
13_food-demo-000424,13_food,13,ede25cf91a3a01ed,v2,11000,농협안심녹용,,,,,,,
13_food-demo-000425,13_food,13,65098f7c55b99920,v2,20299,스타커피,,,,,,,
13_food-demo-000426,13_food,13,65098f7c55b99920,v2,21095,스타커피,,,,,,,
13_food-demo-000427,13_food,13,529030bfd5067ff2,v2,8890,동의삼,,,,,,,
13_food-demo-000428,13_food,13,ede25cf91a3a01ed,v2,11000,농협안심녹용,,,,,,,
13_food-demo-000429,13_food,13,b01df773223c4846,v2,19000,정관장,,,,,,,
13_food-demo-000430,13_food,13,f54db3bb5d39fb41,v2,20000,팅스로 커피 로스터즈,,,,,,,
13_food-demo-000431,13_food,13,9c51113fd35c0d6e,v2,53952,스타벅스,,,,,,,
13_food-demo-000432,13_food,13,65098f7c55b99920,v2,21187,스타커피,,,,,,,
13_food-demo-000433,13_food,13,b0fc4279174accc8,v2,55089,정관장,,,,,,,
13_food-demo-000434,13_food,13,2c03c230363f8eb9,v2,60000,하루이야기,,,,,,,
13_food-demo-000435,13_food,13,6dd555842e5faa4b,v2,25000,킴보,,,,,,,
13_food-demo-000436,13_food,13,ab34dbede5f312d2,v2,10000,홍잇,,,,,,,
13_food-demo-000437,13_food,13,574c438d1446b823,v2,26000,천부강,,,,,,,
13_food-demo-000438,13_food,13,6dd555842e5faa4b,v2,25000,킴보,,,,,,,
13_food-demo-000439,13_food,13,b190cfc7ff007a4f,v2,50000,헬스데이,,,,,,,
13_food-demo-000440,13_food,13,e8541561b00dfeac,v2,70000,정삼원,,,,,,,
13_food-demo-000441,13_food,13,fded9861597bbbb3,v2,18200,브라질 모지아나,,,,,,,
13_food-demo-000442,13_food,13,f1183cf7bdd2f8d2,v2,268000,네스프레소,,,,,,,
13_food-demo-000443,13_food,13,a848761e63658fd9,v2,19500,과일삼촌,,,,,,,
13_food-demo-000444,13_food,13,32a1cc3c9008b19b,v2,8500,쿠키나인,,,,,,,
13_food-demo-000445,13_food,13,a2cb88e41eec409f,v2,20000,보헤미안 박이추 로스터리,,,,,,,
13_food-demo-000446,13_food,13,85751e594a2bcbdf,v2,18500,고려진홍삼,,,,,,,
13_food-demo-000447,13_food,13,65098f7c55b99920,v2,18299,스타커피,,,,,,,
13_food-demo-000448,13_food,13,f76f534dd13fcda1,v2,70000,홍삼진본,,,,,,,
13_food-demo-000449,13_food,13,9c51113fd35c0d6e,v2,54552,스타커피,,,,,,,
13_food-demo-000450,13_food,13,8a3755216d7a7dca,v2,19600,플레이브,,,,,,,
13_food-demo-000451,13_food,13,85751e594a2bcbdf,v2,18500,고려진홍삼,,,,,,,
13_food-demo-000452,13_food,13,65098f7c55b99920,v2,20511,스타커피,,,,,,,
13_food-demo-000453,13_food,13,5663779e53edc4c9,v2,12000,론지,,,,,,,
13_food-demo-000454,13_food,13,c9b81902df256be3,v2,140000,맥심,,,,,,,
13_food-demo-000455,13_food,13,2841196c2980bcb1,v2,60000,청이,,,,,,,
13_food-demo-000456,13_food,13,65098f7c55b99920,v2,20982,스타커피,,,,,,,
13_food-demo-000457,13_food,13,2d5a30221fb2c980,v2,25000,진세노카,,,,,,,
13_food-demo-000458,13_food,13,b190cfc7ff007a4f,v2,50000,헬스데이,,,,,,,
13_food-demo-000459,13_food,13,9c51113fd35c0d6e,v2,49438,스타벅스,,,,,,,
13_food-demo-000460,13_food,13,794f705f334a8f47,v2,84000,농협홍삼,,,,,,,
13_food-demo-000461,13_food,13,65098f7c55b99920,v2,19382,스타커피,,,,,,,
13_food-demo-000462,13_food,13,fee026af2beba036,v2,19900,콜롬비아,,,,,,,
13_food-demo-000463,13_food,13,65098f7c55b99920,v2,19292,론지,,,,,,,
13_food-demo-000464,13_food,13,ede25cf91a3a01ed,v2,11000,농협안심녹용,,,,,,,
13_food-demo-000465,13_food,13,574c438d1446b823,v2,20000,블루보틀,,,,,,,
13_food-demo-000466,13_food,13,9c51113fd35c0d6e,v2,30720,스타벅스,,,,,,,
13_food-demo-000467,13_food,13,b0fc4279174accc8,v2,19000,정관장,,,,,,,
13_food-demo-000468,13_food,13,2d5a30221fb2c980,v2,25000,진세노카,,,,,,,
13_food-demo-000469,13_food,13,f54db3bb5d39fb41,v2,20000,팅스로 커피 로스터즈,,,,,,,
13_food-demo-000470,13_food,13,65098f7c55b99920,v2,20594,블루보틀,,,,,,,
13_food-demo-000471,13_food,13,574c438d1446b823,v2,26000,블루보틀,,,,,,,
13_food-demo-000472,13_food,13,9c51113fd35c0d6e,v2,18285,스타벅스,,,,,,,
13_food-demo-000473,13_food,13,b190cfc7ff007a4f,v2,50000,헬스데이,,,,,,,
13_food-demo-000474,13_food,13,65098f7c55b99920,v2,19544,동의삼,,,,,,,
13_food-demo-000475,13_food,13,ede25cf91a3a01ed,v2,11000,농협안심녹용,,,,,,,
13_food-demo-000476,13_food,13,1e35169a61837764,v2,69000,김오곤원장,,,,,,,
13_food-demo-000477,13_food,13,574c438d1446b823,v2,43000,블루보틀,,,,,,,
13_food-demo-000478,13_food,13,4930c87d57a42cc2,v2,35000,레전드,,,,,,,
13_food-demo-000479,13_food,13,9bf0326986d0933b,v2,170000,오쿠,,,,,,,
13_food-demo-000480,13_food,13,93d57ed2452c2163,v2,37000,정심,,,,,,,
13_food-demo-000481,13_food,13,4ac0026b9aded10f,v2,20000,코피니니,,,,,,,
13_food-demo-000482,13_food,13,5ba1906d05e0d024,v2,25000,MJA,,,,,,,
13_food-demo-000483,13_food,13,93d57ed2452c2163,v2,37000,정심,,,,,,,
13_food-demo-000484,13_food,13,8a3755216d7a7dca,v2,19600,플레이브,,,,,,,
13_food-demo-000485,13_food,13,65098f7c55b99920,v2,20236,스타커피,,,,,,,
13_food-demo-000486,13_food,13,1966f16b524036a2,v2,50000,프라임,,,,,,,
13_food-demo-000487,13_food,13,b2401b9d2d9ef02a,v2,39000,김포파주인삼농협,,,,,,,
13_food-demo-000488,13_food,13,9c51113fd35c0d6e,v2,30240,스타벅스,,,,,,,
13_food-demo-000489,13_food,13,b0fc4279174accc8,v2,251996,정관장,,,,,,,
13_food-demo-000490,13_food,13,a2cb88e41eec409f,v2,39000,보헤미안 박이추 로스터리,,,,,,,
13_food-demo-000491,13_food,13,a848761e63658fd9,v2,19500,과일삼촌,,,,,,,
13_food-demo-000492,13_food,13,fcd89adecc3f1138,v2,23000,보헤미안 박이추 로스터리,,,,,,,
13_food-demo-000493,13_food,13,ee0961d704a69aff,v2,70000,애터미,,,,,,,
13_food-demo-000494,13_food,13,b0fc4279174accc8,v2,195157,정관장,,,,,,,
13_food-demo-000495,13_food,13,d0374af84f8a170d,v2,22000,스타커피 로스터리,,,,,,,
13_food-demo-000496,13_food,13,ae263fc120c4d08e,v2,32000,자바하우스,,,,,,,
13_food-demo-000497,13_food,13,9c51113fd35c0d6e,v2,25751,스타벅스,,,,,,,
13_food-demo-000498,13_food,13,b0fc4279174accc8,v2,124779,정관장,,,,,,,
13_food-demo-000499,13_food,13,fb2e806f9d8d3d18,v2,100000,Julius Meinl,,,,,,,
13_food-demo-000500,13_food,13,941af4865d4d3486,v2,50000,스타커피,,,,,,,
13_food-demo-000501,13_food,13,93d57ed2452c2163,v2,37000,정심,,,,,,,
13_food-demo-000502,13_food,13,b01df773223c4846,v2,19000,대박난,,,,,,,
13_food-demo-000503,13_food,13,574c438d1446b823,v2,20000,블루보틀,,,,,,,
13_food-demo-000504,13_food,13,c9b81902df256be3,v2,140000,맥심,,,,,,,
13_food-demo-000505,13_food,13,65098f7c55b99920,v2,19373,스타커피,,,,,,,
13_food-demo-000506,13_food,13,63112c8a821366dc,v2,150000,홍삼기보,,,,,,,
13_food-demo-000507,13_food,13,9c51113fd35c0d6e,v2,48756,스타벅스,,,,,,,
13_food-demo-000508,13_food,13,93d57ed2452c2163,v2,37000,콜롬비아,,,,,,,
13_food-demo-000509,13_food,13,b0fc4279174accc8,v2,146787,정관장,,,,,,,
13_food-demo-000510,13_food,13,a2cb88e41eec409f,v2,20000,보헤미안 박이추 로스터리,,,,,,,
13_food-demo-000511,13_food,13,a848761e63658fd9,v2,19500,과일삼촌,,,,,,,
13_food-demo-000512,13_food,13,2d5a30221fb2c980,v2,25000,진세노카,,,,,,,
13_food-demo-000513,13_food,13,5cc6323309db1339,v2,25000,브라운체리,,,,,,,
13_food-demo-000514,13_food,13,f54db3bb5d39fb41,v2,20000,팅스로 커피 로스터즈,,,,,,,
13_food-demo-000515,13_food,13,5ba1906d05e0d024,v2,25000,MJA,,,,,,,
13_food-demo-000516,13_food,13,65098f7c55b99920,v2,20261,스타커피,,,,,,,
13_food-demo-000517,13_food,13,8a3755216d7a7dca,v2,19600,연세대학교,,,,,,,
13_food-demo-000518,13_food,13,d0374af84f8a170d,v2,19899,스타커피 로스터리,,,,,,,
13_food-demo-000519,13_food,13,85751e594a2bcbdf,v2,18500,고려진홍삼,,,,,,,
13_food-demo-000520,13_food,13,ee0961d704a69aff,v2,70000,애터미,,,,,,,
13_food-demo-000521,13_food,13,3ce6ead9d984df32,v2,60000,정녹산,,,,,,,
13_food-demo-000522,13_food,13,65098f7c55b99920,v2,20290,스타커피,,,,,,,
13_food-demo-000523,13_food,13,65098f7c55b99920,v2,20380,스타커피,,,,,,,
13_food-demo-000524,13_food,13,b0fc4279174accc8,v2,252986,정관장,,,,,,,
13_food-demo-000525,13_food,13,6b8c0482e9a92548,v2,13000,가배도,,,,,,,
13_food-demo-000526,13_food,13,a848761e63658fd9,v2,19500,과일삼촌,,,,,,,
13_food-demo-000527,13_food,13,540834db3e118a7d,v2,2900,스타커피,,,,,,,
13_food-demo-000528,13_food,13,fded9861597bbbb3,v2,18200,브라질 모지아나,,,,,,,
13_food-demo-000529,13_food,13,7f72022e751adb7f,v2,22000,조지아,,,,,,,
13_food-demo-000530,13_food,13,65098f7c55b99920,v2,19201,스타커피,,,,,,,
13_food-demo-000531,13_food,13,0e4fc8b4ff25f01e,v2,100000,세한기업,,,,,,,
13_food-demo-000532,13_food,13,1e35169a61837764,v2,69000,김오곤원장,,,,,,,
13_food-demo-000533,13_food,13,941af4865d4d3486,v2,79000,금산홍삼,,,,,,,
13_food-demo-000534,13_food,13,9bf0326986d0933b,v2,170000,오쿠,,,,,,,
13_food-demo-000535,13_food,13,65098f7c55b99920,v2,18580,스타커피,,,,,,,
13_food-demo-000536,13_food,13,9c51113fd35c0d6e,v2,18660,스타벅스,,,,,,,
13_food-demo-000537,13_food,13,6b993ab6083ede09,v2,25000,페이브,,,,,,,
13_food-demo-000538,13_food,13,65098f7c55b99920,v2,19714,스타커피,,,,,,,
13_food-demo-000539,13_food,13,8a3755216d7a7dca,v2,24000,플레이브,,,,,,,
13_food-demo-000540,13_food,13,9c51113fd35c0d6e,v2,20622,스타벅스,,,,,,,
13_food-demo-000541,13_food,13,540834db3e118a7d,v2,2900,조퍼,,,,,,,
13_food-demo-000542,13_food,13,71741f9153ca29fb,v2,22000,운조커피,,,,,,,
13_food-demo-000543,13_food,13,32a1cc3c9008b19b,v2,8500,쿠키나인,,,,,,,
13_food-demo-000544,13_food,13,65098f7c55b99920,v2,19639,스타커피,,,,,,,
13_food-demo-000545,13_food,13,1966f16b524036a2,v2,50000,스타커피,,,,,,,
13_food-demo-000546,13_food,13,90852a54eed39b73,v2,70000,경북농축산,,,,,,,
13_food-demo-000547,13_food,13,65098f7c55b99920,v2,20004,스타커피,,,,,,,
13_food-demo-000548,13_food,13,ede25cf91a3a01ed,v2,11000,농협안심녹용,,,,,,,
13_food-demo-000549,13_food,13,b057de060464b2a2,v2,5000,천부강,,,,,,,
13_food-demo-000550,13_food,13,1dcb77a0734cb082,v2,124000,노블레스,,,,,,,
13_food-demo-000551,13_food,13,a848761e63658fd9,v2,19500,스타커피,,,,,,,
13_food-demo-000552,13_food,13,a2cb88e41eec409f,v2,20000,보헤미안 박이추 로스터리,,,,,,,
13_food-demo-000553,13_food,13,941af4865d4d3486,v2,79000,금산홍삼,,,,,,,
13_food-demo-000554,13_food,13,65098f7c55b99920,v2,21470,스타커피,,,,,,,
13_food-demo-000555,13_food,13,1dcb77a0734cb082,v2,124000,노블레스,,,,,,,
13_food-demo-000556,13_food,13,2c03c230363f8eb9,v2,60000,하루이야기,,,,,,,
13_food-demo-000557,13_food,13,aa9d213c26b23121,v2,190000,풀무원,,,,,,,
13_food-demo-000558,13_food,13,b0fc4279174accc8,v2,30758,정관장,,,,,,,
13_food-demo-000559,13_food,13,65098f7c55b99920,v2,20234,스타커피,,,,,,,
13_food-demo-000560,13_food,13,65098f7c55b99920,v2,20670,스타커피,,,,,,,
13_food-demo-000561,13_food,13,7556d40f1fb51827,v2,20900,풍년보감,,,,,,,
13_food-demo-000562,13_food,13,b01df773223c4846,v2,19000,대박난,,,,,,,
13_food-demo-000563,13_food,13,f76f534dd13fcda1,v2,70000,홍삼진본,,,,,,,
13_food-demo-000564,13_food,13,c9b81902df256be3,v2,140000,맥심,,,,,,,
13_food-demo-000565,13_food,13,d9112c9a0905a509,v2,2000,GSC,,,,,,,
13_food-demo-000566,13_food,13,63112c8a821366dc,v2,150000,홍삼기보,,,,,,,
13_food-demo-000567,13_food,13,b0fc4279174accc8,v2,19000,정관장,,,,,,,
13_food-demo-000568,13_food,13,b0fc4279174accc8,v2,134697,정관장,,,,,,,
13_food-demo-000569,13_food,13,a493f659750cacc8,v2,95000,녹관원,,,,,,,
13_food-demo-000570,13_food,13,930879fd8e0ccb6f,v2,20000,Excelso,,,,,,,
13_food-demo-000571,13_food,13,7ab5a68d245238b3,v2,20900,고려홍삼정,,,,,,,
13_food-demo-000572,13_food,13,65098f7c55b99920,v2,21075,스타커피,,,,,,,
13_food-demo-000573,13_food,13,ede25cf91a3a01ed,v2,11000,농협안심녹용,,,,,,,
13_food-demo-000574,13_food,13,ab34dbede5f312d2,v2,10000,홍잇,,,,,,,
13_food-demo-000575,13_food,13,93d57ed2452c2163,v2,37000,정심,,,,,,,
13_food-demo-000576,13_food,13,65098f7c55b99920,v2,20414,스타커피,,,,,,,
13_food-demo-000577,13_food,13,4930c87d57a42cc2,v2,35000,레전드,,,,,,,
13_food-demo-000578,13_food,13,70d28e3a262d4281,v2,80000,홍삼엔,,,,,,,
13_food-demo-000579,13_food,13,930879fd8e0ccb6f,v2,20000,Excelso,,,,,,,
13_food-demo-000580,13_food,13,59c40669db14ae40,v2,80000,어라운지,,,,,,,
13_food-demo-000581,13_food,13,57d240e5a8b55e94,v2,63500,농협,,,,,,,
13_food-demo-000582,13_food,13,794a8c905f1209be,v2,70000,하루채움,,,,,,,
13_food-demo-000583,13_food,13,941af4865d4d3486,v2,50000,금산홍삼,,,,,,,
13_food-demo-000584,13_food,13,65098f7c55b99920,v2,21327,스타커피,,,,,,,
13_food-demo-000585,13_food,13,a848761e63658fd9,v2,19500,과일삼촌,,,,,,,
13_food-demo-000586,13_food,13,2c03c230363f8eb9,v2,60000,하루이야기,,,,,,,
13_food-demo-000587,13_food,13,93d57ed2452c2163,v2,37000,정심,,,,,,,
13_food-demo-000588,13_food,13,aa9d213c26b23121,v2,190000,풀무원,,,,,,,
13_food-demo-000589,13_food,13,65098f7c55b99920,v2,21436,스타커피,,,,,,,
13_food-demo-000590,13_food,13,ae263fc120c4d08e,v2,32000,정심,,,,,,,
13_food-demo-000591,13_food,13,2e6006a9c5b08e98,v2,95000,자민경,,,,,,,
13_food-demo-000592,13_food,13,2c03c230363f8eb9,v2,60000,하루이야기,,,,,,,
13_food-demo-000593,13_food,13,2c03c230363f8eb9,v2,60000,과일삼촌,,,,,,,
13_food-demo-000594,13_food,13,ede25cf91a3a01ed,v2,11000,농협안심녹용,,,,,,,
13_food-demo-000595,13_food,13,d0374af84f8a170d,v2,22000,스타커피 로스터리,,,,,,,
13_food-demo-000596,13_food,13,d410fd93a13103bf,v2,35000,고려홍삼정,,,,,,,
13_food-demo-000597,13_food,13,b190cfc7ff007a4f,v2,50000,헬스데이,,,,,,,
13_food-demo-000598,13_food,13,95c0d64e166b5a20,v2,140000,무궁화,,,,,,,
13_food-demo-000599,13_food,13,b0fc4279174accc8,v2,179748,정관장,,,,,,,
13_food-demo-000600,13_food,13,5ba1906d05e0d024,v2,25000,경북농축산,,,,,,,
13_food-demo-000601,13_food,13,806a142365207431,v2,35000,커클랜드,,,,,,,
13_food-demo-000602,13_food,13,65098f7c55b99920,v2,18299,스타커피,,,,,,,
13_food-demo-000603,13_food,13,b2401b9d2d9ef02a,v2,39000,김포파주인삼농협,,,,,,,
13_food-demo-000604,13_food,13,827f90b975105fee,v2,20000,더존건강,,,,,,,
13_food-demo-000605,13_food,13,8a3755216d7a7dca,v2,19600,플레이브,,,,,,,
13_food-demo-000606,13_food,13,65098f7c55b99920,v2,20908,스타커피,,,,,,,
13_food-demo-000607,13_food,13,93d57ed2452c2163,v2,37000,정심,,,,,,,
13_food-demo-000608,13_food,13,9bf0326986d0933b,v2,170000,오쿠,,,,,,,
13_food-demo-000609,13_food,13,65098f7c55b99920,v2,19432,스타커피,,,,,,,
13_food-demo-000610,13_food,13,2c03c230363f8eb9,v2,60000,농협홍삼,,,,,,,
13_food-demo-000611,13_food,13,9a1eaa8d57fca09d,v2,50000,홍삼메딕스,,,,,,,
13_food-demo-000612,13_food,13,65098f7c55b99920,v2,20284,블루보틀,,,,,,,
13_food-demo-000613,13_food,13,3ce6ead9d984df32,v2,60000,정녹산,,,,,,,
13_food-demo-000614,13_food,13,a89c0c18115052d7,v2,65000,연세대학교,,,,,,,
13_food-demo-000615,13_food,13,a848761e63658fd9,v2,19500,과일삼촌,,,,,,,
13_food-demo-000616,13_food,13,ede25cf91a3a01ed,v2,11000,박이추 커피공장 보헤미안 커피,,,,,,,
13_food-demo-000617,13_food,13,fee026af2beba036,v2,19900,콜롬비아,,,,,,,
13_food-demo-000618,13_food,13,ede25cf91a3a01ed,v2,11000,농협안심녹용,,,,,,,
13_food-demo-000619,13_food,13,f1183cf7bdd2f8d2,v2,268000,네스프레소,,,,,,,
13_food-demo-000620,13_food,13,4bdbbf5effa10cbb,v2,38000,홍삼기계,,,,,,,
13_food-demo-000621,13_food,13,b0fc4279174accc8,v2,23586,정관장,,,,,,,
13_food-demo-000622,13_food,13,9c51113fd35c0d6e,v2,19713,스타벅스,,,,,,,
13_food-demo-000623,13_food,13,2fd30def06b45a94,v2,37000,카누,,,,,,,
13_food-demo-000624,13_food,13,b0fc4279174accc8,v2,131617,정관장,,,,,,,
13_food-demo-000625,13_food,13,d9112c9a0905a509,v2,2000,GSC,,,,,,,
13_food-demo-000626,13_food,13,71741f9153ca29fb,v2,22000,운조커피,,,,,,,
13_food-demo-000627,13_food,13,65098f7c55b99920,v2,20878,스타커피,,,,,,,
13_food-demo-000628,13_food,13,65098f7c55b99920,v2,19956,스타커피,,,,,,,
13_food-demo-000629,13_food,13,9c51113fd35c0d6e,v2,17489,스타벅스,,,,,,,
13_food-demo-000630,13_food,13,93d57ed2452c2163,v2,37000,정심,,,,,,,
13_food-demo-000631,13_food,13,65098f7c55b99920,v2,19713,스타커피,,,,,,,
13_food-demo-000632,13_food,13,65098f7c55b99920,v2,20032,스타커피,,,,,,,
13_food-demo-000633,13_food,13,59c40669db14ae40,v2,80000,어라운지,,,,,,,
13_food-demo-000634,13_food,13,b057de060464b2a2,v2,5000,천부강,,,,,,,
13_food-demo-000635,13_food,13,65098f7c55b99920,v2,19202,스타커피,,,,,,,
13_food-demo-000636,13_food,13,ea0f0a64a4ea44e4,v2,80000,풍기인삼상회,,,,,,,
13_food-demo-000637,13_food,13,7556d40f1fb51827,v2,20900,스타커피,,,,,,,
13_food-demo-000638,13_food,13,2c03c230363f8eb9,v2,60000,하루이야기,,,,,,,
13_food-demo-000639,13_food,13,b2401b9d2d9ef02a,v2,39000,김포파주인삼농협,,,,,,,
13_food-demo-000640,13_food,13,1dcb77a0734cb082,v2,124000,운조커피,,,,,,,
13_food-demo-000641,13_food,13,aa9d213c26b23121,v2,190000,풀무원,,,,,,,
13_food-demo-000642,13_food,13,ede25cf91a3a01ed,v2,11000,농협안심녹용,,,,,,,
13_food-demo-000643,13_food,13,e8541561b00dfeac,v2,70000,정심,,,,,,,
13_food-demo-000644,13_food,13,9bf0326986d0933b,v2,170000,오쿠,,,,,,,
13_food-demo-000645,13_food,13,0e4fc8b4ff25f01e,v2,100000,세한기업,,,,,,,
13_food-demo-000646,13_food,13,9c51113fd35c0d6e,v2,27768,스타벅스,,,,,,,
13_food-demo-000647,13_food,13,d0374af84f8a170d,v2,18200,스타커피 로스터리,,,,,,,
13_food-demo-000648,13_food,13,6ed334b889a9a1ad,v2,55000,스타벅스,,,,,,,
13_food-demo-000649,13_food,13,5cd57cebeaaeaea4,v2,17000,커피스퀘어,,,,,,,
13_food-demo-000650,13_food,13,93d57ed2452c2163,v2,37000,정심,,,,,,,
13_food-demo-000651,13_food,13,93d57ed2452c2163,v2,37000,정심,,,,,,,
13_food-demo-000652,13_food,13,a493f659750cacc8,v2,95000,녹관원,,,,,,,
13_food-demo-000653,13_food,13,2c03c230363f8eb9,v2,60000,하루이야기,,,,,,,
13_food-demo-000654,13_food,13,d410fd93a13103bf,v2,35000,대백년,,,,,,,
13_food-demo-000655,13_food,13,b0fc4279174accc8,v2,235342,정관장,,,,,,,
13_food-demo-000656,13_food,13,b0fc4279174accc8,v2,232627,정관장,,,,,,,
13_food-demo-000657,13_food,13,a493f659750cacc8,v2,95000,녹관원,,,,,,,
13_food-demo-000658,13_food,13,1dcb77a0734cb082,v2,124000,노블레스,,,,,,,
13_food-demo-000659,13_food,13,a493f659750cacc8,v2,95000,녹관원,,,,,,,
13_food-demo-000660,13_food,13,574c438d1446b823,v2,20000,블루보틀,,,,,,,
13_food-demo-000661,13_food,13,794f705f334a8f47,v2,84000,농협홍삼,,,,,,,
13_food-demo-000662,13_food,13,b0fc4279174accc8,v2,91860,정관장,,,,,,,
13_food-demo-000663,13_food,13,39c2b03a40d99205,v2,950000,장보고,,,,,,,
13_food-demo-000664,13_food,13,65098f7c55b99920,v2,19090,스타커피,,,,,,,
13_food-demo-000665,13_food,13,8a3755216d7a7dca,v2,24000,정심,,,,,,,
13_food-demo-000666,13_food,13,5cd57cebeaaeaea4,v2,17000,커피스퀘어,,,,,,,
13_food-demo-000667,13_food,13,ede25cf91a3a01ed,v2,11000,농협안심녹용,,,,,,,
13_food-demo-000668,13_food,13,93d57ed2452c2163,v2,37000,정관장,,,,,,,
13_food-demo-000669,13_food,13,fcd89adecc3f1138,v2,23000,박이추 커피공장 보헤미안 커피,,,,,,,
13_food-demo-000670,13_food,13,574c438d1446b823,v2,43000,블루보틀,,,,,,,
13_food-demo-000671,13_food,13,93d57ed2452c2163,v2,37000,정심,,,,,,,
13_food-demo-000672,13_food,13,4510e95ce35b950d,v2,18000,김오곤,,,,,,,
13_food-demo-000673,13_food,13,65098f7c55b99920,v2,20523,스타커피,,,,,,,
13_food-demo-000674,13_food,13,e423d2db76ba125e,v2,26000,제니벨,,,,,,,
13_food-demo-000675,13_food,13,b0fc4279174accc8,v2,262403,정관장,,,,,,,
13_food-demo-000676,13_food,13,65098f7c55b99920,v2,18925,스타커피,,,,,,,
13_food-demo-000677,13_food,13,65098f7c55b99920,v2,18348,스타커피,,,,,,,
13_food-demo-000678,13_food,13,b0fc4279174accc8,v2,120740,정관장,,,,,,,
13_food-demo-000679,13_food,13,2841196c2980bcb1,v2,60000,청이,,,,,,,
13_food-demo-000680,13_food,13,3ce6ead9d984df32,v2,60000,정녹산,,,,,,,
13_food-demo-000681,13_food,13,90852a54eed39b73,v2,70000,경북농축산,,,,,,,
13_food-demo-000682,13_food,13,930879fd8e0ccb6f,v2,20000,Excelso,,,,,,,
13_food-demo-000683,13_food,13,6b8c0482e9a92548,v2,13000,가배도,,,,,,,
13_food-demo-000684,13_food,13,6dd555842e5faa4b,v2,25000,킴보,,,,,,,
13_food-demo-000685,13_food,13,2841196c2980bcb1,v2,60000,청이,,,,,,,
13_food-demo-000686,13_food,13,ea0f0a64a4ea44e4,v2,80000,스타벅스,,,,,,,
13_food-demo-000687,13_food,13,f1183cf7bdd2f8d2,v2,268000,네스프레소,,,,,,,
13_food-demo-000688,13_food,13,ee013f025d560954,v2,40000,종근당,,,,,,,
13_food-demo-000689,13_food,13,4bdbbf5effa10cbb,v2,38000,홍삼기계,,,,,,,
13_food-demo-000690,13_food,13,65098f7c55b99920,v2,20752,스타커피,,,,,,,
13_food-demo-000691,13_food,13,b0fc4279174accc8,v2,144019,정관장,,,,,,,
13_food-demo-000692,13_food,13,2c03c230363f8eb9,v2,60000,하루이야기,,,,,,,
13_food-demo-000693,13_food,13,a2cb88e41eec409f,v2,20000,보헤미안 박이추 로스터리,,,,,,,
13_food-demo-000694,13_food,13,f54db3bb5d39fb41,v2,20000,팅스로 커피 로스터즈,,,,,,,
13_food-demo-000695,13_food,13,fee026af2beba036,v2,19900,콜롬비아,,,,,,,
13_food-demo-000696,13_food,13,2c03c230363f8eb9,v2,60000,하루이야기,,,,,,,
13_food-demo-000697,13_food,13,ede25cf91a3a01ed,v2,11000,농협안심녹용,,,,,,,
13_food-demo-000698,13_food,13,93d57ed2452c2163,v2,37000,정심,,,,,,,
13_food-demo-000699,13_food,13,9c51113fd35c0d6e,v2,54499,스타벅스,,,,,,,
13_food-demo-000700,13_food,13,ede25cf91a3a01ed,v2,11000,블루보틀,,,,,,,
13_food-demo-000701,13_food,13,794f705f334a8f47,v2,83000,농협홍삼,,,,,,,
13_food-demo-000702,13_food,13,fee026af2beba036,v2,19900,정관장,,,,,,,
13_food-demo-000703,13_food,13,65098f7c55b99920,v2,20005,스타커피,,,,,,,
13_food-demo-000704,13_food,13,65098f7c55b99920,v2,18295,스타커피,,,,,,,
13_food-demo-000705,13_food,13,4510e95ce35b950d,v2,18000,김오곤,,,,,,,
13_food-demo-000706,13_food,13,6a8dd01acf2f0a93,v2,25000,카멜,,,,,,,
13_food-demo-000707,13_food,13,93d57ed2452c2163,v2,37000,정심,,,,,,,
13_food-demo-000708,13_food,13,6a8dd01acf2f0a93,v2,25000,카멜,,,,,,,
13_food-demo-000709,13_food,13,d0374af84f8a170d,v2,22000,스타커피 로스터리,,,,,,,
13_food-demo-000710,13_food,13,65098f7c55b99920,v2,18349,조지아,,,,,,,
13_food-demo-000711,13_food,13,95c0d64e166b5a20,v2,140000,무궁화,,,,,,,
13_food-demo-000712,13_food,13,93d57ed2452c2163,v2,37000,정심,,,,,,,
13_food-demo-000713,13_food,13,b69be77db20536ae,v2,75000,동원,,,,,,,
13_food-demo-000714,13_food,13,2c03c230363f8eb9,v2,60000,하루이야기,,,,,,,
13_food-demo-000715,13_food,13,1dcb77a0734cb082,v2,124000,노블레스,,,,,,,
13_food-demo-000716,13_food,13,65098f7c55b99920,v2,19504,스타커피,,,,,,,
13_food-demo-000717,13_food,13,a848761e63658fd9,v2,19500,과일삼촌,,,,,,,
13_food-demo-000718,13_food,13,2c03c230363f8eb9,v2,60000,하루이야기,,,,,,,
13_food-demo-000719,13_food,13,ae263fc120c4d08e,v2,32000,연세대학교,,,,,,,
13_food-demo-000720,13_food,13,93d57ed2452c2163,v2,37000,홍삼진본,,,,,,,
13_food-demo-000721,13_food,13,65098f7c55b99920,v2,19451,스타커피,,,,,,,
13_food-demo-000722,13_food,13,b0fc4279174accc8,v2,217004,정관장,,,,,,,
13_food-demo-000723,13_food,13,45d0c6e085fd9e1b,v2,9000,토모카,,,,,,,
13_food-demo-000724,13_food,13,d0374af84f8a170d,v2,18200,스타커피 로스터리,,,,,,,
13_food-demo-000725,13_food,13,ede25cf91a3a01ed,v2,11000,농협안심녹용,,,,,,,
13_food-demo-000726,13_food,13,4510e95ce35b950d,v2,18000,김오곤,,,,,,,
13_food-demo-000727,13_food,13,65098f7c55b99920,v2,20303,스타커피,,,,,,,
13_food-demo-000728,13_food,13,90852a54eed39b73,v2,70000,스타벅스,,,,,,,
13_food-demo-000729,13_food,13,794f705f334a8f47,v2,83000,농협홍삼,,,,,,,
13_food-demo-000730,13_food,13,5663779e53edc4c9,v2,12000,론지,,,,,,,
13_food-demo-000731,13_food,13,65098f7c55b99920,v2,18363,스타커피,,,,,,,
13_food-demo-000732,13_food,13,1dcb77a0734cb082,v2,124000,노블레스,,,,,,,
13_food-demo-000733,13_food,13,b057de060464b2a2,v2,5000,스타커피,,,,,,,
13_food-demo-000734,13_food,13,65098f7c55b99920,v2,20133,스타커피,,,,,,,
13_food-demo-000735,13_food,13,a89c0c18115052d7,v2,65000,연세대학교,,,,,,,
13_food-demo-000736,13_food,13,fee026af2beba036,v2,19900,콜롬비아,,,,,,,
13_food-demo-000737,13_food,13,93295222afb041f9,v2,60000,한국고려홍삼,,,,,,,
13_food-demo-000738,13_food,13,827f90b975105fee,v2,20000,더존건강,,,,,,,
13_food-demo-000739,13_food,13,b0fc4279174accc8,v2,19000,정관장,,,,,,,
13_food-demo-000740,13_food,13,aa9d213c26b23121,v2,190000,풀무원,,,,,,,
13_food-demo-000741,13_food,13,65098f7c55b99920,v2,19304,스타커피,,,,,,,
13_food-demo-000742,13_food,13,529030bfd5067ff2,v2,8890,동의삼,,,,,,,
13_food-demo-000743,13_food,13,65098f7c55b99920,v2,20905,스타커피,,,,,,,
13_food-demo-000744,13_food,13,71741f9153ca29fb,v2,22000,운조커피,,,,,,,
13_food-demo-000745,13_food,13,b057de060464b2a2,v2,5000,천부강,,,,,,,
13_food-demo-000746,13_food,13,65098f7c55b99920,v2,19265,스타커피,,,,,,,
13_food-demo-000747,13_food,13,b0fc4279174accc8,v2,181643,정관장,,,,,,,
13_food-demo-000748,13_food,13,ede25cf91a3a01ed,v2,11000,농협안심녹용,,,,,,,
13_food-demo-000749,13_food,13,ee013f025d560954,v2,40000,종근당,,,,,,,
13_food-demo-000750,13_food,13,65098f7c55b99920,v2,19172,스타커피,,,,,,,
13_food-demo-000751,13_food,13,b0fc4279174accc8,v2,171780,블루보틀,,,,,,,
13_food-demo-000752,13_food,13,a2cb88e41eec409f,v2,20000,보헤미안 박이추 로스터리,,,,,,,
13_food-demo-000753,13_food,13,65098f7c55b99920,v2,20392,스타커피,,,,,,,
13_food-demo-000754,13_food,13,9a1eaa8d57fca09d,v2,50000,홍삼메딕스,,,,,,,
13_food-demo-000755,13_food,13,ede25cf91a3a01ed,v2,11000,농협안심녹용,,,,,,,
13_food-demo-000756,13_food,13,ee013f025d560954,v2,40000,종근당,,,,,,,
13_food-demo-000757,13_food,13,fded9861597bbbb3,v2,18200,브라질 모지아나,,,,,,,
13_food-demo-000758,13_food,13,0e4fc8b4ff25f01e,v2,100000,세한기업,,,,,,,
13_food-demo-000759,13_food,13,9c51113fd35c0d6e,v2,43492,스타벅스,,,,,,,
13_food-demo-000760,13_food,13,ede25cf91a3a01ed,v2,11000,농협안심녹용,,,,,,,
13_food-demo-000761,13_food,13,1dcb77a0734cb082,v2,124000,노블레스,,,,,,,
13_food-demo-000762,13_food,13,fcd89adecc3f1138,v2,23000,박이추 커피공장 보헤미안 커피,,,,,,,
13_food-demo-000763,13_food,13,a2cb88e41eec409f,v2,39000,보헤미안 박이추 로스터리,,,,,,,
13_food-demo-000764,13_food,13,a493f659750cacc8,v2,95000,녹관원,,,,,,,
13_food-demo-000765,13_food,13,d8b394a95b9d458a,v2,50000,유니베라,,,,,,,
13_food-demo-000766,13_food,13,ee0961d704a69aff,v2,70000,애터미,,,,,,,
13_food-demo-000767,13_food,13,8a3755216d7a7dca,v2,24000,스타커피,,,,,,,
13_food-demo-000768,13_food,13,6b993ab6083ede09,v2,25000,페이브,,,,,,,
13_food-demo-000769,13_food,13,2c03c230363f8eb9,v2,60000,하루이야기,,,,,,,
13_food-demo-000770,13_food,13,65098f7c55b99920,v2,19138,스타커피,,,,,,,
13_food-demo-000771,13_food,13,fb2e806f9d8d3d18,v2,100000,Julius Meinl,,,,,,,
13_food-demo-000772,13_food,13,9c51113fd35c0d6e,v2,34685,스타벅스,,,,,,,
13_food-demo-000773,13_food,13,9c51113fd35c0d6e,v2,29634,스타벅스,,,,,,,
13_food-demo-000774,13_food,13,21648ef9e5acfb10,v2,20000,올데이굿타임,,,,,,,
13_food-demo-000775,13_food,13,574c438d1446b823,v2,26000,스타커피,,,,,,,
13_food-demo-000776,13_food,13,c9b81902df256be3,v2,140000,맥심,,,,,,,
13_food-demo-000777,13_food,13,1dcb77a0734cb082,v2,124000,노블레스,,,,,,,
13_food-demo-000778,13_food,13,65098f7c55b99920,v2,19134,스타커피,,,,,,,
13_food-demo-000779,13_food,13,b0fc4279174accc8,v2,153650,정관장,,,,,,,
13_food-demo-000780,13_food,13,2fd30def06b45a94,v2,37000,카누,,,,,,,
13_food-demo-000781,13_food,13,b0fc4279174accc8,v2,177245,정관장,,,,,,,
13_food-demo-000782,13_food,13,01f6e08dbf293460,v2,60000,라이녹스,,,,,,,
13_food-demo-000783,13_food,13,ee0961d704a69aff,v2,70000,애터미,,,,,,,
13_food-demo-000784,13_food,13,5cd57cebeaaeaea4,v2,17000,커피스퀘어,,,,,,,
13_food-demo-000785,13_food,13,f1183cf7bdd2f8d2,v2,268000,네스프레소,,,,,,,
13_food-demo-000786,13_food,13,1dcb77a0734cb082,v2,124000,노블레스,,,,,,,
13_food-demo-000787,13_food,13,1966f16b524036a2,v2,50000,프라임,,,,,,,
13_food-demo-000788,13_food,13,827f90b975105fee,v2,20000,더존건강,,,,,,,
13_food-demo-000789,13_food,13,65098f7c55b99920,v2,20615,스타커피,,,,,,,
13_food-demo-000790,13_food,13,d0374af84f8a170d,v2,18580,스타커피 로스터리,,,,,,,
13_food-demo-000791,13_food,13,6dd555842e5faa4b,v2,25000,킴보,,,,,,,
13_food-demo-000792,13_food,13,ee013f025d560954,v2,40000,종근당,,,,,,,
13_food-demo-000793,13_food,13,4930c87d57a42cc2,v2,35000,레전드,,,,,,,
13_food-demo-000794,13_food,13,529030bfd5067ff2,v2,8890,동의삼,,,,,,,
13_food-demo-000795,13_food,13,70d28e3a262d4281,v2,80000,홍삼엔,,,,,,,
13_food-demo-000796,13_food,13,8a3755216d7a7dca,v2,19600,플레이브,,,,,,,
13_food-demo-000797,13_food,13,ab34dbede5f312d2,v2,10000,홍잇,,,,,,,
13_food-demo-000798,13_food,13,d0374af84f8a170d,v2,21876,스타커피 로스터리,,,,,,,
13_food-demo-000799,13_food,13,21648ef9e5acfb10,v2,20000,올데이굿타임,,,,,,,
13_food-demo-000800,13_food,13,afb012e376f50c56,v2,31000,라바짜,,,,,,,
13_food-demo-000801,13_food,13,b0fc4279174accc8,v2,242459,정관장,,,,,,,
13_food-demo-000802,13_food,13,9c51113fd35c0d6e,v2,47575,스타벅스,,,,,,,
13_food-demo-000803,13_food,13,65098f7c55b99920,v2,21449,스타커피,,,,,,,
13_food-demo-000804,13_food,13,4510e95ce35b950d,v2,23000,김오곤,,,,,,,
13_food-demo-000805,13_food,13,5ba1906d05e0d024,v2,25000,MJA,,,,,,,
13_food-demo-000806,13_food,13,5ba1906d05e0d024,v2,25000,MJA,,,,,,,
13_food-demo-000807,13_food,13,b0fc4279174accc8,v2,69923,정관장,,,,,,,
13_food-demo-000808,13_food,13,f4d3686ae4bc9765,v2,45000,김정환,,,,,,,
13_food-demo-000809,13_food,13,574c438d1446b823,v2,43000,블루보틀,,,,,,,
13_food-demo-000810,13_food,13,90852a54eed39b73,v2,70000,경북농축산,,,,,,,
13_food-demo-000811,13_food,13,794f705f334a8f47,v2,84000,농협홍삼,,,,,,,
13_food-demo-000812,13_food,13,9c51113fd35c0d6e,v2,35074,스타벅스,,,,,,,
13_food-demo-000813,13_food,13,7ab5a68d245238b3,v2,20900,고려홍삼정,,,,,,,
13_food-demo-000814,13_food,13,95a98a3d6504d606,v2,20000,보헤미안 박이추,,,,,,,
13_food-demo-000815,13_food,13,d0374af84f8a170d,v2,18794,하루이야기,,,,,,,
13_food-demo-000816,13_food,13,ede25cf91a3a01ed,v2,11000,농협안심녹용,,,,,,,
13_food-demo-000817,13_food,13,65098f7c55b99920,v2,19353,스타커피,,,,,,,
13_food-demo-000818,13_food,13,21648ef9e5acfb10,v2,20000,올데이굿타임,,,,,,,
13_food-demo-000819,13_food,13,9c51113fd35c0d6e,v2,54494,스타벅스,,,,,,,
13_food-demo-000820,13_food,13,2c03c230363f8eb9,v2,60000,하루이야기,,,,,,,
13_food-demo-000821,13_food,13,65098f7c55b99920,v2,19283,스타커피,,,,,,,
13_food-demo-000822,13_food,13,e8541561b00dfeac,v2,70000,정삼원,,,,,,,
13_food-demo-000823,13_food,13,d0374af84f8a170d,v2,18641,스타커피 로스터리,,,,,,,
13_food-demo-000824,13_food,13,65098f7c55b99920,v2,21492,스타커피,,,,,,,
13_food-demo-000825,13_food,13,9c51113fd35c0d6e,v2,18090,스타벅스,,,,,,,
13_food-demo-000826,13_food,13,65098f7c55b99920,v2,21389,스타커피,,,,,,,
13_food-demo-000827,13_food,13,65098f7c55b99920,v2,18404,스타커피,,,,,,,
13_food-demo-000828,13_food,13,5cc6323309db1339,v2,25000,브라운체리,,,,,,,
13_food-demo-000829,13_food,13,59c40669db14ae40,v2,80000,어라운지,,,,,,,
13_food-demo-000830,13_food,13,d410fd93a13103bf,v2,35000,대백년,,,,,,,
13_food-demo-000831,13_food,13,8a3755216d7a7dca,v2,19600,플레이브,,,,,,,
13_food-demo-000832,13_food,13,ede25cf91a3a01ed,v2,11000,농협안심녹용,,,,,,,
13_food-demo-000833,13_food,13,45d0c6e085fd9e1b,v2,9000,토모카,,,,,,,
13_food-demo-000834,13_food,13,93d57ed2452c2163,v2,37000,정심,,,,,,,
13_food-demo-000835,13_food,13,ee0961d704a69aff,v2,70000,애터미,,,,,,,
13_food-demo-000836,13_food,13,65098f7c55b99920,v2,18807,스타커피,,,,,,,
13_food-demo-000837,13_food,13,65098f7c55b99920,v2,20891,스타커피,,,,,,,
13_food-demo-000838,13_food,13,574c438d1446b823,v2,43000,론지,,,,,,,
13_food-demo-000839,13_food,13,65098f7c55b99920,v2,19783,스타커피,,,,,,,
13_food-demo-000840,13_food,13,93295222afb041f9,v2,60000,스타커피,,,,,,,
13_food-demo-000841,13_food,13,fb2e806f9d8d3d18,v2,100000,쿠키나인,,,,,,,
13_food-demo-000842,13_food,13,01f6e08dbf293460,v2,60000,라이녹스,,,,,,,
13_food-demo-000843,13_food,13,65098f7c55b99920,v2,20313,스타커피,,,,,,,
13_food-demo-000844,13_food,13,d0374af84f8a170d,v2,22000,스타커피 로스터리,,,,,,,
13_food-demo-000845,13_food,13,9c51113fd35c0d6e,v2,48482,한살림,,,,,,,
13_food-demo-000846,13_food,13,ab34dbede5f312d2,v2,10000,홍잇,,,,,,,
13_food-demo-000847,13_food,13,b190cfc7ff007a4f,v2,50000,헬스데이,,,,,,,
13_food-demo-000848,13_food,13,827f90b975105fee,v2,20000,세한기업,,,,,,,
13_food-demo-000849,13_food,13,93295222afb041f9,v2,60000,한국고려홍삼,,,,,,,
13_food-demo-000850,13_food,13,f1183cf7bdd2f8d2,v2,268000,네스프레소,,,,,,,
13_food-demo-000851,13_food,13,ab34dbede5f312d2,v2,10000,홍잇,,,,,,,
13_food-demo-000852,13_food,13,2d5a30221fb2c980,v2,25000,진세노카,,,,,,,
13_food-demo-000853,13_food,13,ee0961d704a69aff,v2,70000,애터미,,,,,,,
13_food-demo-000854,13_food,13,65098f7c55b99920,v2,19999,스타커피,,,,,,,
13_food-demo-000855,13_food,13,65098f7c55b99920,v2,18676,스타커피,,,,,,,
13_food-demo-000856,13_food,13,65098f7c55b99920,v2,18985,스타커피,,,,,,,
13_food-demo-000857,13_food,13,ede25cf91a3a01ed,v2,11000,농협안심녹용,,,,,,,
13_food-demo-000858,13_food,13,ae263fc120c4d08e,v2,32000,자바하우스,,,,,,,
13_food-demo-000859,13_food,13,7f72022e751adb7f,v2,22000,조지아,,,,,,,
13_food-demo-000860,13_food,13,a848761e63658fd9,v2,19500,과일삼촌,,,,,,,
13_food-demo-000861,13_food,13,b057de060464b2a2,v2,5000,천부강,,,,,,,
13_food-demo-000862,13_food,13,1e35169a61837764,v2,69000,김오곤원장,,,,,,,
13_food-demo-000863,13_food,13,d0374af84f8a170d,v2,18200,스타커피 로스터리,,,,,,,
13_food-demo-000864,13_food,13,a848761e63658fd9,v2,19500,과일삼촌,,,,,,,
13_food-demo-000865,13_food,13,ede25cf91a3a01ed,v2,11000,농협안심녹용,,,,,,,
13_food-demo-000866,13_food,13,01f6e08dbf293460,v2,60000,라이녹스,,,,,,,
13_food-demo-000867,13_food,13,6b8c0482e9a92548,v2,13000,가배도,,,,,,,
13_food-demo-000868,13_food,13,90852a54eed39b73,v2,70000,경북농축산,,,,,,,
13_food-demo-000869,13_food,13,794f705f334a8f47,v2,40000,과일삼촌,,,,,,,
13_food-demo-000870,13_food,13,71741f9153ca29fb,v2,22000,운조커피,,,,,,,
13_food-demo-000871,13_food,13,4930c87d57a42cc2,v2,35000,레전드,,,,,,,
13_food-demo-000872,13_food,13,ede25cf91a3a01ed,v2,11000,라바짜,,,,,,,
13_food-demo-000873,13_food,13,a9b24e35d7b4aded,v2,20000,엑셀소,,,,,,,
13_food-demo-000874,13_food,13,e423d2db76ba125e,v2,26000,제니벨,,,,,,,
13_food-demo-000875,13_food,13,4930c87d57a42cc2,v2,35000,레전드,,,,,,,
13_food-demo-000876,13_food,13,574c438d1446b823,v2,43000,블루보틀,,,,,,,
13_food-demo-000877,13_food,13,65098f7c55b99920,v2,21168,스타커피,,,,,,,
13_food-demo-000878,13_food,13,4510e95ce35b950d,v2,23000,김오곤,,,,,,,
13_food-demo-000879,13_food,13,9c51113fd35c0d6e,v2,49935,스타벅스,,,,,,,
13_food-demo-000880,13_food,13,b0fc4279174accc8,v2,44032,정관장,,,,,,,
13_food-demo-000881,13_food,13,f1183cf7bdd2f8d2,v2,268000,네스프레소,,,,,,,
13_food-demo-000882,13_food,13,a848761e63658fd9,v2,19500,과일삼촌,,,,,,,
13_food-demo-000883,13_food,13,65098f7c55b99920,v2,20436,스타커피,,,,,,,
13_food-demo-000884,13_food,13,85751e594a2bcbdf,v2,18500,고려진홍삼,,,,,,,
13_food-demo-000885,13_food,13,d0374af84f8a170d,v2,18886,스타커피 로스터리,,,,,,,
13_food-demo-000886,13_food,13,ede25cf91a3a01ed,v2,11000,농협안심녹용,,,,,,,
13_food-demo-000887,13_food,13,ea0f0a64a4ea44e4,v2,80000,커클랜드,,,,,,,
13_food-demo-000888,13_food,13,32a1cc3c9008b19b,v2,8500,쿠키나인,,,,,,,
13_food-demo-000889,13_food,13,9c51113fd35c0d6e,v2,54252,스타벅스,,,,,,,
13_food-demo-000890,13_food,13,574c438d1446b823,v2,20000,스타커피,,,,,,,
13_food-demo-000891,13_food,13,6b993ab6083ede09,v2,25000,페이브,,,,,,,
13_food-demo-000892,13_food,13,574c438d1446b823,v2,20000,블루보틀,,,,,,,
13_food-demo-000893,13_food,13,65098f7c55b99920,v2,19681,스타커피,,,,,,,
13_food-demo-000894,13_food,13,93d57ed2452c2163,v2,37000,정심,,,,,,,
13_food-demo-000895,13_food,13,2c03c230363f8eb9,v2,60000,하루이야기,,,,,,,
13_food-demo-000896,13_food,13,fcd89adecc3f1138,v2,23000,정관장,,,,,,,
13_food-demo-000897,13_food,13,b69be77db20536ae,v2,75000,동원,,,,,,,
13_food-demo-000898,13_food,13,65098f7c55b99920,v2,20415,스타커피,,,,,,,
13_food-demo-000899,13_food,13,ede25cf91a3a01ed,v2,11000,농협안심녹용,,,,,,,
13_food-demo-000900,13_food,13,e423d2db76ba125e,v2,26000,제니벨,,,,,,,
13_food-demo-000901,13_food,13,574c438d1446b823,v2,26000,블루보틀,,,,,,,
13_food-demo-000902,13_food,13,95c0d64e166b5a20,v2,140000,무궁화,,,,,,,
13_food-demo-000903,13_food,13,b0fc4279174accc8,v2,21783,정관장,,,,,,,
13_food-demo-000904,13_food,13,a493f659750cacc8,v2,95000,녹관원,,,,,,,
13_food-demo-000905,13_food,13,f1183cf7bdd2f8d2,v2,268000,네스프레소,,,,,,,
13_food-demo-000906,13_food,13,d410fd93a13103bf,v2,35000,대백년,,,,,,,
13_food-demo-000907,13_food,13,2d5a30221fb2c980,v2,25000,진세노카,,,,,,,
13_food-demo-000908,13_food,13,65098f7c55b99920,v2,18930,스타커피,,,,,,,
13_food-demo-000909,13_food,13,4f2a71d12f18965e,v2,15000,고려,,,,,,,
13_food-demo-000910,13_food,13,65098f7c55b99920,v2,18395,스타커피,,,,,,,
13_food-demo-000911,13_food,13,d9112c9a0905a509,v2,2000,GSC,,,,,,,
13_food-demo-000912,13_food,13,b0fc4279174accc8,v2,234027,정관장,,,,,,,
13_food-demo-000913,13_food,13,b69be77db20536ae,v2,75000,동원,,,,,,,
13_food-demo-000914,13_food,13,1e35169a61837764,v2,69000,김오곤원장,,,,,,,
13_food-demo-000915,13_food,13,39c2b03a40d99205,v2,950000,장보고,,,,,,,
13_food-demo-000916,13_food,13,70d28e3a262d4281,v2,80000,홍삼엔,,,,,,,
13_food-demo-000917,13_food,13,9c51113fd35c0d6e,v2,23546,스타벅스,,,,,,,
13_food-demo-000918,13_food,13,65098f7c55b99920,v2,19253,팅스로 커피 로스터즈,,,,,,,
13_food-demo-000919,13_food,13,6ed334b889a9a1ad,v2,55000,미래홍삼,,,,,,,
13_food-demo-000920,13_food,13,941af4865d4d3486,v2,50000,무궁화,,,,,,,
13_food-demo-000921,13_food,13,9a1eaa8d57fca09d,v2,50000,홍삼메딕스,,,,,,,
13_food-demo-000922,13_food,13,a89c0c18115052d7,v2,65000,연세대학교,,,,,,,
13_food-demo-000923,13_food,13,65098f7c55b99920,v2,20905,스타커피 로스터리,,,,,,,
13_food-demo-000924,13_food,13,2c03c230363f8eb9,v2,60000,하루이야기,,,,,,,
13_food-demo-000925,13_food,13,93d57ed2452c2163,v2,37000,정심,,,,,,,
13_food-demo-000926,13_food,13,65098f7c55b99920,v2,21068,스타커피,,,,,,,
13_food-demo-000927,13_food,13,ede25cf91a3a01ed,v2,11000,농협안심녹용,,,,,,,
13_food-demo-000928,13_food,13,9c51113fd35c0d6e,v2,31672,스타벅스,,,,,,,
13_food-demo-000929,13_food,13,93d57ed2452c2163,v2,37000,정심,,,,,,,
13_food-demo-000930,13_food,13,5cc6323309db1339,v2,25000,브라운체리,,,,,,,
13_food-demo-000931,13_food,13,aa9d213c26b23121,v2,190000,풀무원,,,,,,,
13_food-demo-000932,13_food,13,ede25cf91a3a01ed,v2,11000,농협안심녹용,,,,,,,
13_food-demo-000933,13_food,13,65098f7c55b99920,v2,18654,스타커피,,,,,,,
13_food-demo-000934,13_food,13,5cd57cebeaaeaea4,v2,17000,커피스퀘어,,,,,,,
13_food-demo-000935,13_food,13,b190cfc7ff007a4f,v2,50000,헬스데이,,,,,,,
13_food-demo-000936,13_food,13,4ac0026b9aded10f,v2,20000,코피니니,,,,,,,
13_food-demo-000937,13_food,13,794f705f334a8f47,v2,83000,농협홍삼,,,,,,,
13_food-demo-000938,13_food,13,65098f7c55b99920,v2,20620,스타커피,,,,,,,
13_food-demo-000939,13_food,13,9c51113fd35c0d6e,v2,43859,스타벅스,,,,,,,
13_food-demo-000940,13_food,13,2c03c230363f8eb9,v2,60000,올데이굿타임,,,,,,,
13_food-demo-000941,13_food,13,a2cb88e41eec409f,v2,20000,보헤미안 박이추 로스터리,,,,,,,
13_food-demo-000942,13_food,13,ee0961d704a69aff,v2,70000,애터미,,,,,,,
13_food-demo-000943,13_food,13,8a3755216d7a7dca,v2,24000,플레이브,,,,,,,
13_food-demo-000944,13_food,13,5ba1906d05e0d024,v2,25000,MJA,,,,,,,
13_food-demo-000945,13_food,13,7556d40f1fb51827,v2,20900,풍년보감,,,,,,,
13_food-demo-000946,13_food,13,65098f7c55b99920,v2,19001,스타커피,,,,,,,
13_food-demo-000947,13_food,13,9c51113fd35c0d6e,v2,32362,스타벅스,,,,,,,
13_food-demo-000948,13_food,13,5663779e53edc4c9,v2,12000,론지,,,,,,,
13_food-demo-000949,13_food,13,b0fc4279174accc8,v2,180825,정관장,,,,,,,
13_food-demo-000950,13_food,13,59c40669db14ae40,v2,80000,농협안심녹용,,,,,,,
13_food-demo-000951,13_food,13,941af4865d4d3486,v2,79000,금산홍삼,,,,,,,
13_food-demo-000952,13_food,13,a2cb88e41eec409f,v2,39000,보헤미안 박이추 로스터리,,,,,,,
13_food-demo-000953,13_food,13,b0fc4279174accc8,v2,48525,정관장,,,,,,,
13_food-demo-000954,13_food,13,d9112c9a0905a509,v2,2000,김오곤,,,,,,,
13_food-demo-000955,13_food,13,65098f7c55b99920,v2,19348,스타커피,,,,,,,
13_food-demo-000956,13_food,13,2c03c230363f8eb9,v2,60000,하루이야기,,,,,,,
13_food-demo-000957,13_food,13,6b8c0482e9a92548,v2,13000,가배도,,,,,,,
13_food-demo-000958,13_food,13,aa9d213c26b23121,v2,190000,풀무원,,,,,,,
13_food-demo-000959,13_food,13,9c51113fd35c0d6e,v2,43058,스타벅스,,,,,,,
13_food-demo-000960,13_food,13,c7e1e7f36e0459ca,v2,45000,풍년보감,,,,,,,
13_food-demo-000961,13_food,13,65098f7c55b99920,v2,19597,스타커피,,,,,,,
13_food-demo-000962,13_food,13,65098f7c55b99920,v2,18631,스타커피,,,,,,,
13_food-demo-000963,13_food,13,6a8dd01acf2f0a93,v2,25000,카멜,,,,,,,
13_food-demo-000964,13_food,13,ede25cf91a3a01ed,v2,11000,농협안심녹용,,,,,,,
13_food-demo-000965,13_food,13,85751e594a2bcbdf,v2,18500,고려진홍삼,,,,,,,
13_food-demo-000966,13_food,13,9a1eaa8d57fca09d,v2,50000,홍삼메딕스,,,,,,,
13_food-demo-000967,13_food,13,2d5a30221fb2c980,v2,25000,진세노카,,,,,,,
13_food-demo-000968,13_food,13,4f2a71d12f18965e,v2,15000,고려,,,,,,,
13_food-demo-000969,13_food,13,4bdbbf5effa10cbb,v2,38000,홍삼기계,,,,,,,
13_food-demo-000970,13_food,13,fded9861597bbbb3,v2,18200,브라질 모지아나,,,,,,,
13_food-demo-000971,13_food,13,fcd89adecc3f1138,v2,23000,박이추 커피공장 보헤미안 커피,,,,,,,
13_food-demo-000972,13_food,13,9c51113fd35c0d6e,v2,51296,스타벅스,,,,,,,
13_food-demo-000973,13_food,13,65098f7c55b99920,v2,18981,스타커피,,,,,,,
13_food-demo-000974,13_food,13,95a98a3d6504d606,v2,20000,보헤미안 박이추,,,,,,,
13_food-demo-000975,13_food,13,6b8c0482e9a92548,v2,13000,가배도,,,,,,,
13_food-demo-000976,13_food,13,6dd555842e5faa4b,v2,25000,킴보,,,,,,,
13_food-demo-000977,13_food,13,65098f7c55b99920,v2,20096,스타커피,,,,,,,
13_food-demo-000978,13_food,13,c9b81902df256be3,v2,140000,맥심,,,,,,,
13_food-demo-000979,13_food,13,59c40669db14ae40,v2,80000,어라운지,,,,,,,
13_food-demo-000980,13_food,13,1966f16b524036a2,v2,50000,프라임,,,,,,,
13_food-demo-000981,13_food,13,93d57ed2452c2163,v2,37000,정심,,,,,,,
13_food-demo-000982,13_food,13,a493f659750cacc8,v2,95000,녹관원,,,,,,,
13_food-demo-000983,13_food,13,9c51113fd35c0d6e,v2,50827,스타벅스,,,,,,,
13_food-demo-000984,13_food,13,70d28e3a262d4281,v2,80000,홍삼엔,,,,,,,
13_food-demo-000985,13_food,13,f1183cf7bdd2f8d2,v2,268000,네스프레소,,,,,,,
13_food-demo-000986,13_food,13,65098f7c55b99920,v2,18560,스타커피,,,,,,,
13_food-demo-000987,13_food,13,65098f7c55b99920,v2,20361,스타커피,,,,,,,
13_food-demo-000988,13_food,13,70d28e3a262d4281,v2,80000,홍삼엔,,,,,,,
13_food-demo-000989,13_food,13,65098f7c55b99920,v2,19737,스타커피,,,,,,,
13_food-demo-000990,13_food,13,93d57ed2452c2163,v2,37000,홍삼기보,,,,,,,
13_food-demo-000991,13_food,13,b0fc4279174accc8,v2,117711,정관장,,,,,,,
13_food-demo-000992,13_food,13,93d57ed2452c2163,v2,37000,정심,,,,,,,
13_food-demo-000993,13_food,13,fcd89adecc3f1138,v2,23000,박이추 커피공장 보헤미안 커피,,,,,,,
13_food-demo-000994,13_food,13,a493f659750cacc8,v2,95000,녹관원,,,,,,,
13_food-demo-000995,13_food,13,65098f7c55b99920,v2,19940,스타커피,,,,,,,
13_food-demo-000996,13_food,13,2d5a30221fb2c980,v2,25000,진세노카,,,,,,,
13_food-demo-000997,13_food,13,2841196c2980bcb1,v2,60000,청이,,,,,,,
13_food-demo-000998,13_food,13,a2cb88e41eec409f,v2,20000,보헤미안 박이추 로스터리,,,,,,,
13_food-demo-000999,13_food,13,1966f16b524036a2,v2,50000,프라임,,,,,,,
