item_id,category_name,category_code,spec_key_hash,hash_version,used_price,item_main_type,item_sub_type,brand,model_name,condition_grade,set_or_single,component_count,key_components
16_etc-demo-000000,16_etc,16,3203e6f8965d0701,v2,35000,,,세이즈,X2,,,,
16_etc-demo-000001,16_etc,16,135d72d280b60682,v2,0,,,하이원리조트,큐브 프로,,,,
16_etc-demo-000002,16_etc,16,9a68af37c34c6427,v2,0,,,대림,Q2,,,,
16_etc-demo-000003,16_etc,16,31f6a86f588be09f,v2,150000,,,레고,타이가1,,,,
16_etc-demo-000004,16_etc,16,fa14c662b0d14f13,v2,20000,,,도루코,마이셰프,,,,
16_etc-demo-000005,16_etc,16,3d3a0b836c1fa787,v2,100000,,,INOTA,다우니페더 덕다운침낭 2100g,,,,
16_etc-demo-000006,16_etc,16,2686a51c864eed4d,v2,9000,,,베스킨라빈스,REH-221S,,,,
16_etc-demo-000007,16_etc,16,43b76f25cf072a5d,v2,0,,,동서가구,리우,,,,
16_etc-demo-000008,16_etc,16,8fe622234fa90dd0,v2,2222,,,밤켈,40L,,,,
16_etc-demo-000009,16_etc,16,39b97ccbbc492cb6,v2,800000,,,캠프타운,빅돔s,,,,
16_etc-demo-000010,16_etc,16,67658baabd0cdd35,v2,33000,,,레드불,쉐프박스,,,,
16_etc-demo-000011,16_etc,16,a2acaf64d52356e3,v2,60000,,,어반캠퍼,다우니페더 덕다운침낭 2100g,,,,
16_etc-demo-000012,16_etc,16,230be0decc7220c6,v2,50000,,,콜맨,8.0,,,,
16_etc-demo-000013,16_etc,16,a9ab613154ffa03b,v2,31000,,,스노우피크,8.0,,,,
16_etc-demo-000014,16_etc,16,a5b97ba52e2a5620,v2,0,,,린나이,리우,,,,
16_etc-demo-000015,16_etc,16,11ca21b5479c1a3f,v2,0,,,탐사,매직 스페이서,,,,
16_etc-demo-000016,16_etc,16,349a7ed995314d74,v2,500,,,이세계아이돌,럭스쉐이드,,,,
16_etc-demo-000017,16_etc,16,fc318d9d19547910,v2,0,,,에듀윌,벙커돔 버전 3,,,,
16_etc-demo-000018,16_etc,16,7ae46b917023b1d7,v2,0,,,한샘,캠리 8세대,,,,
16_etc-demo-000019,16_etc,16,d8f468db0e57ed80,v2,12345,,,빅토리녹스,쉐프박스,,,,
16_etc-demo-000020,16_etc,16,e440ab06924336ad,v2,0,,,아모스,X2,,,,
16_etc-demo-000021,16_etc,16,b61d589b50c7d596,v2,0,,,미라클,캠리,,,,
16_etc-demo-000022,16_etc,16,078f22a2e1fbfb60,v2,107000,,,헐크,PUQ179,,,,
16_etc-demo-000023,16_etc,16,c6d8b0e455d8da49,v2,250000,,,스노우피크,SDE-001RH,,,,
16_etc-demo-000024,16_etc,16,48fd69ccdfa3502c,v2,18000,,,펜소닉,쉐프박스,,,,
16_etc-demo-000025,16_etc,16,d8f468db0e57ed80,v2,12345,,,빅토리녹스,큐브 프로,,,,
16_etc-demo-000026,16_etc,16,6c2703966eb29d63,v2,0,,,FILA,D4,,,,
16_etc-demo-000027,16_etc,16,ce3440e326c8d0e1,v2,45000,,,라푸마,럭스쉐이드,,,,
16_etc-demo-000028,16_etc,16,6196ddd4d4cf5be9,v2,500,,,NCT 2020,부쉬크래프트,,,,
16_etc-demo-000029,16_etc,16,b61d589b50c7d596,v2,0,,,자이락,캠리,,,,
16_etc-demo-000030,16_etc,16,6279471a8e1e694a,v2,100000,,,영창피아노,U-121,,,,
16_etc-demo-000031,16_etc,16,7ae46b917023b1d7,v2,0,,,한샘,시즌6,,,,
16_etc-demo-000032,16_etc,16,43e42587661aa882,v2,90000,,,나비아,큐브 프로,,,,
16_etc-demo-000033,16_etc,16,39b97ccbbc492cb6,v2,800000,,,캠프타운,캠리 8세대,,,,
16_etc-demo-000034,16_etc,16,39b97ccbbc492cb6,v2,800000,,,캠프타운,빅돔s,,,,
16_etc-demo-000035,16_etc,16,83d366ae47c20cf3,v2,25000,,,바운스,럭스쉐이드,,,,
16_etc-demo-000036,16_etc,16,5007d5edf622ac3c,v2,100000,,,부쉬랩,부쉬크래프트,,,,
16_etc-demo-000037,16_etc,16,fc318d9d19547910,v2,0,,,에듀윌,베라진진공보냉용기,,,,
16_etc-demo-000038,16_etc,16,33535e1a10e351ec,v2,650000,,,지프,포레스트2,,,,
16_etc-demo-000039,16_etc,16,5df9ec48be631586,v2,0,,,이디야X보이넥스트도어,리우,,,,
16_etc-demo-000040,16_etc,16,349a7ed995314d74,v2,500,,,이세계아이돌,파티볼,,,,
16_etc-demo-000041,16_etc,16,ac7d49bb3bcc664c,v2,35000,,,콜맨,파티볼,,,,
16_etc-demo-000042,16_etc,16,135d72d280b60682,v2,0,,,하이원리조트,12y,,,,
16_etc-demo-000043,16_etc,16,c2b56398e64cd11a,v2,30000,,,네이쳐하이크,쉐프박스,,,,
16_etc-demo-000044,16_etc,16,5df9ec48be631586,v2,0,,,스노우피크,리우,,,,
16_etc-demo-000045,16_etc,16,b9b56efb0ec9fd25,v2,300000,,,도요토미,45qt,,,,
16_etc-demo-000046,16_etc,16,ca1552c7db86652b,v2,1650000,,,FILA,프라임디럭스,,,,
16_etc-demo-000047,16_etc,16,c1ecee00b070ee28,v2,0,,,베스트슬립,레즐리 메이플 라지킹 1800,,,,
16_etc-demo-000048,16_etc,16,e22c768dbf33e084,v2,0,,,EBS,시즌6,,,,
16_etc-demo-000049,16_etc,16,3d3a0b836c1fa787,v2,100000,,,INOTA,타이가1,,,,
16_etc-demo-000050,16_etc,16,3a8e038f4b191d51,v2,0,,,신세계백화점,PUQ179,,,,
16_etc-demo-000051,16_etc,16,6cb4de24aaa5c880,v2,1111111,,,레고,12y,,,,
16_etc-demo-000052,16_etc,16,83d366ae47c20cf3,v2,25000,,,바운스,타이가1,,,,
16_etc-demo-000053,16_etc,16,771878104ae86f37,v2,0,,,가구코리아,REH-221S,,,,
16_etc-demo-000054,16_etc,16,6279471a8e1e694a,v2,100000,,,라이즈,U-121,,,,
16_etc-demo-000055,16_etc,16,4dd020b1aba1934c,v2,380000,,,네이처하이크,12y,,,,
16_etc-demo-000056,16_etc,16,43b76f25cf072a5d,v2,0,,,동서가구,레즐리 메이플 라지킹 1800,,,,
16_etc-demo-000057,16_etc,16,ce3440e326c8d0e1,v2,45000,,,라푸마,럭스쉐이드,,,,
16_etc-demo-000058,16_etc,16,11ca21b5479c1a3f,v2,0,,,천지건업,매직 스페이서,,,,
16_etc-demo-000059,16_etc,16,48fd69ccdfa3502c,v2,18000,,,하이브로우,마이셰프,,,,
16_etc-demo-000060,16_etc,16,349a7ed995314d74,v2,500,,,이세계아이돌,X2,,,,
16_etc-demo-000061,16_etc,16,6cb4de24aaa5c880,v2,1111111,,,하이원리조트,D4,,,,
16_etc-demo-000062,16_etc,16,284f7a1b1253d5e5,v2,30000,,,펜소닉,타이가1,,,,
16_etc-demo-000063,16_etc,16,771878104ae86f37,v2,0,,,가구코리아,PUQ179,,,,
16_etc-demo-000064,16_etc,16,05bac51806eda270,v2,0,,,엑소(EXO),PUQ179,,,,
16_etc-demo-000065,16_etc,16,8fe622234fa90dd0,v2,2222,,,밤켈,40L,,,,
16_etc-demo-000066,16_etc,16,6c2703966eb29d63,v2,0,,,FILA,큐브 프로,,,,
16_etc-demo-000067,16_etc,16,19a7af294c666206,v2,9999,,,아웃백,8.0,,,,
16_etc-demo-000068,16_etc,16,9a68af37c34c6427,v2,0,,,대림,Q2,,,,
16_etc-demo-000069,16_etc,16,3a8e038f4b191d51,v2,0,,,신세계백화점,타이가1,,,,
16_etc-demo-000070,16_etc,16,295916e8117b243c,v2,0,,,토요타,캠리 8세대,,,,
16_etc-demo-000071,16_etc,16,e22c768dbf33e084,v2,0,,,EBS,시즌6,,,,
16_etc-demo-000072,16_etc,16,fa14c662b0d14f13,v2,20000,,,도루코,마이셰프,,,,
16_etc-demo-000073,16_etc,16,f6c4855e08461e7e,v2,750000,,,쿠디,8.0,,,,
16_etc-demo-000074,16_etc,16,4d3894cbccc9171d,v2,0,,,장수,이지컷,,,,
16_etc-demo-000075,16_etc,16,0f9f51b04cacbbac,v2,6000,,,베스킨라빈스,베라진진공보냉용기,,,,
16_etc-demo-000076,16_etc,16,7e0c1abd3e184cd6,v2,1111,,,꿈꾸는 요셉,8.0,,,,
16_etc-demo-000077,16_etc,16,4dd020b1aba1934c,v2,380000,,,네이처하이크,12y,,,,
16_etc-demo-000078,16_etc,16,0f9f51b04cacbbac,v2,6000,,,베스킨라빈스,베라진진공보냉용기,,,,
16_etc-demo-000079,16_etc,16,43e42587661aa882,v2,90000,,,나비아,큐브 프로,,,,
16_etc-demo-000080,16_etc,16,a7ebe19028bca4c0,v2,150000,,,굿프렌드,다우니페더 덕다운침낭 2100g,,,,
16_etc-demo-000081,16_etc,16,ac7d49bb3bcc664c,v2,35000,,,콜맨,파티볼,,,,
16_etc-demo-000082,16_etc,16,e22c768dbf33e084,v2,0,,,EBS,시즌6,,,,
16_etc-demo-000083,16_etc,16,3d3a0b836c1fa787,v2,100000,,,INOTA,베라진진공보냉용기,,,,
16_etc-demo-000084,16_etc,16,f6c4855e08461e7e,v2,750000,,,쿠디,8.0,,,,
16_etc-demo-000085,16_etc,16,078f22a2e1fbfb60,v2,107000,,,헐크,PUQ179,,,,
16_etc-demo-000086,16_etc,16,c1ecee00b070ee28,v2,0,,,베스트슬립,레즐리 메이플 라지킹 1800,,,,
16_etc-demo-000087,16_etc,16,6a8ec6d78f49df32,v2,20000,,,퀸센스,AirPods Pro,,,,
16_etc-demo-000088,16_etc,16,3a8e038f4b191d51,v2,0,,,신세계백화점,마이셰프,,,,
16_etc-demo-000089,16_etc,16,e22c768dbf33e084,v2,0,,,EBS,시즌6,,,,
16_etc-demo-000090,16_etc,16,826212999b5d783f,v2,7000,,,케어프린,이지컷,,,,
16_etc-demo-000091,16_etc,16,349a7ed995314d74,v2,500,,,이세계아이돌,45qt,,,,
16_etc-demo-000092,16_etc,16,295916e8117b243c,v2,0,,,퀸센스,캠리 8세대,,,,
16_etc-demo-000093,16_etc,16,078f22a2e1fbfb60,v2,107000,,,헐크,이지컷,,,,
16_etc-demo-000094,16_etc,16,77aea3d64a9b4ad4,v2,0,,,NOOL,레즐리 메이플 라지킹 1800,,,,
16_etc-demo-000095,16_etc,16,5669aaac8e7669da,v2,130000,,,밤켈,45qt,,,,
16_etc-demo-000096,16_etc,16,9f9c5f0c3e4bf4fe,v2,32000,,,스노우피크,티탄 싱글 머그 220 300 450,,,,
16_etc-demo-000097,16_etc,16,3d3a0b836c1fa787,v2,100000,,,INOTA,AirPods Pro 3세대,,,,
16_etc-demo-000098,16_etc,16,77aea3d64a9b4ad4,v2,0,,,NOOL,부쉬크래프트,,,,
16_etc-demo-000099,16_etc,16,39b97ccbbc492cb6,v2,800000,,,캠프타운,빅돔s,,,,
16_etc-demo-000100,16_etc,16,a449b76717fa9af1,v2,60000,,,신세계,AirPods Pro 3세대,,,,
16_etc-demo-000101,16_etc,16,6279471a8e1e694a,v2,100000,,,영창피아노,U-121,,,,
16_etc-demo-000102,16_etc,16,20cab7de98571ddb,v2,23000,,,자이글,X2,,,,
16_etc-demo-000103,16_etc,16,77aea3d64a9b4ad4,v2,0,,,NOOL,리우,,,,
16_etc-demo-000104,16_etc,16,a449b76717fa9af1,v2,60000,,,탑앤탑,베라진진공보냉용기,,,,
16_etc-demo-000105,16_etc,16,6279471a8e1e694a,v2,100000,,,영창피아노,U-121,,,,
16_etc-demo-000106,16_etc,16,43b76f25cf072a5d,v2,0,,,동서가구,타이가1,,,,
16_etc-demo-000107,16_etc,16,6cb4de24aaa5c880,v2,1111111,,,레고,예튼3.4,,,,
16_etc-demo-000108,16_etc,16,a2acaf64d52356e3,v2,60000,,,어반캠퍼,다우니페더 덕다운침낭 2100g,,,,
16_etc-demo-000109,16_etc,16,f6c4855e08461e7e,v2,750000,,,쿠디,8.0,,,,
16_etc-demo-000110,16_etc,16,77aea3d64a9b4ad4,v2,0,,,NOOL,캠리 8세대,,,,
16_etc-demo-000111,16_etc,16,e440ab06924336ad,v2,0,,,아모스,캠리,,,,
16_etc-demo-000112,16_etc,16,edbb7477d4c13005,v2,2800000,,,스노우피크,랜드락 프로 그레이,,,,
16_etc-demo-000113,16_etc,16,edbb7477d4c13005,v2,2800000,,,스노우피크,랜드락 프로 그레이,,,,
16_etc-demo-000114,16_etc,16,a9ab613154ffa03b,v2,31000,,,스노우피크,랜드락 프로 그레이,,,,
16_etc-demo-000115,16_etc,16,0f9f51b04cacbbac,v2,6000,,,베스킨라빈스,베라진진공보냉용기,,,,
16_etc-demo-000116,16_etc,16,d2422c12263e391c,v2,170000,,,코지모해,PUQ179,,,,
16_etc-demo-000117,16_etc,16,5df9ec48be631586,v2,0,,,이디야X보이넥스트도어,리우,,,,
16_etc-demo-000118,16_etc,16,2686a51c864eed4d,v2,9000,,,린나이,REH-221S,,,,
16_etc-demo-000119,16_etc,16,115a8f732f8cd27c,v2,40000,,,벤츠,기브앤레이스 텐트,,,,
16_etc-demo-000120,16_etc,16,05bac51806eda270,v2,0,,,엑소(EXO),리우,,,,
16_etc-demo-000121,16_etc,16,a9ab613154ffa03b,v2,31000,,,스노우피크,이지컷,,,,
16_etc-demo-000122,16_etc,16,295916e8117b243c,v2,0,,,토요타,캠리 8세대,,,,
16_etc-demo-000123,16_etc,16,4587dc9c3c5b2b0f,v2,70000,,,파세코,U-121,,,,
16_etc-demo-000124,16_etc,16,349a7ed995314d74,v2,500,,,이세계아이돌,AirPods Pro 3세대,,,,
16_etc-demo-000125,16_etc,16,8fe622234fa90dd0,v2,2222,,,어반캠퍼,40L,,,,
16_etc-demo-000126,16_etc,16,9a68af37c34c6427,v2,0,,,대림,Q2,,,,
16_etc-demo-000127,16_etc,16,966d93103e5cf751,v2,350000,,,제드,매직 레드 베어 트레이,,,,
16_etc-demo-000128,16_etc,16,3d3a0b836c1fa787,v2,100000,,,펜소닉,Q2,,,,
16_etc-demo-000129,16_etc,16,1ba1b11063e1efbd,v2,1000,,,라이즈,NJZ,,,,
16_etc-demo-000130,16_etc,16,a449b76717fa9af1,v2,60000,,,영창피아노,캠리,,,,
16_etc-demo-000131,16_etc,16,f6c4855e08461e7e,v2,750000,,,쿠디,8.0,,,,
16_etc-demo-000132,16_etc,16,83d366ae47c20cf3,v2,25000,,,바운스,다우니페더 덕다운침낭 2100g,,,,
16_etc-demo-000133,16_etc,16,a7ebe19028bca4c0,v2,150000,,,굿프렌드,마이셰프,,,,
16_etc-demo-000134,16_etc,16,a449b76717fa9af1,v2,60000,,,탑앤탑,럭스쉐이드,,,,
16_etc-demo-000135,16_etc,16,4587dc9c3c5b2b0f,v2,70000,,,파세코,이지컷,,,,
16_etc-demo-000136,16_etc,16,9f9c5f0c3e4bf4fe,v2,32000,,,스노우피크,티탄 싱글 머그 220 300 450,,,,
16_etc-demo-000137,16_etc,16,8326231ebade6583,v2,0,,,SK-II,AirPods Pro 3세대,,,,
16_etc-demo-000138,16_etc,16,3d3a0b836c1fa787,v2,100000,,,INOTA,12y,,,,
16_etc-demo-000139,16_etc,16,6196ddd4d4cf5be9,v2,500,,,NCT 2020,12y,,,,
16_etc-demo-000140,16_etc,16,826212999b5d783f,v2,7000,,,케어프린,이지컷,,,,
16_etc-demo-000141,16_etc,16,8ec354054adfad58,v2,190000,,,BERJACK 버잭,럭스쉐이드,,,,
16_etc-demo-000142,16_etc,16,92e870c39738386f,v2,50000,,,지프,벙커돔 버전 3,,,,
16_etc-demo-000143,16_etc,16,877cd0514bbfabcb,v2,0,,,린백 LINBACK,포레스트2,,,,
16_etc-demo-000144,16_etc,16,a344d7511f3c6abe,v2,45000,,,자이락,U-121,,,,
16_etc-demo-000145,16_etc,16,fc318d9d19547910,v2,0,,,에듀윌,프라임디럭스,,,,
16_etc-demo-000146,16_etc,16,c2b56398e64cd11a,v2,30000,,,네이쳐하이크,쉐프박스,,,,
16_etc-demo-000147,16_etc,16,c2b56398e64cd11a,v2,30000,,,네이쳐하이크,쉐프박스,,,,
16_etc-demo-000148,16_etc,16,43b76f25cf072a5d,v2,0,,,FILA,AirPods Pro 3세대,,,,
16_etc-demo-000149,16_etc,16,115a8f732f8cd27c,v2,40000,,,벤츠,기브앤레이스 텐트,,,,
16_etc-demo-000150,16_etc,16,3d3a0b836c1fa787,v2,100000,,,INOTA,벙커돔 버전 3,,,,
16_etc-demo-000151,16_etc,16,09373be5bc836c09,v2,0,,,영창,캠리 8세대,,,,
16_etc-demo-000152,16_etc,16,9a68af37c34c6427,v2,0,,,대림,Q2,,,,
16_etc-demo-000153,16_etc,16,11ca21b5479c1a3f,v2,0,,,천지건업,매직 스페이서,,,,
16_etc-demo-000154,16_etc,16,50e034e73f3df128,v2,0,,,과학동아,12y,,,,
16_etc-demo-000155,16_etc,16,20cab7de98571ddb,v2,23000,,,코지모해,랜드락 프로 그레이,,,,
16_etc-demo-000156,16_etc,16,a5b97ba52e2a5620,v2,0,,,쓰나미브레인롯,SDE-001RH,,,,
16_etc-demo-000157,16_etc,16,3a8e038f4b191d51,v2,0,,,신세계백화점,빅돔s,,,,
16_etc-demo-000158,16_etc,16,33535e1a10e351ec,v2,650000,,,지프,포레스트2,,,,
16_etc-demo-000159,16_etc,16,b9b56efb0ec9fd25,v2,300000,,,도요토미,X2,,,,
16_etc-demo-000160,16_etc,16,48fd69ccdfa3502c,v2,18000,,,하이브로우,포레스트,,,,
16_etc-demo-000161,16_etc,16,4587dc9c3c5b2b0f,v2,70000,,,파세코,다우니페더 덕다운침낭 2100g,,,,
16_etc-demo-000162,16_etc,16,3a8e038f4b191d51,v2,0,,,지프,매직 레드 베어 트레이,,,,
16_etc-demo-000163,16_etc,16,83d366ae47c20cf3,v2,25000,,,바운스,프라임디럭스,,,,
16_etc-demo-000164,16_etc,16,2c15768d96af673f,v2,250000,,,힐맨,벙커돔 버전 3,,,,
16_etc-demo-000165,16_etc,16,9fd9f86c74172eaa,v2,0,,,삼익,부쉬크래프트,,,,
16_etc-demo-000166,16_etc,16,33535e1a10e351ec,v2,650000,,,지프,포레스트2,,,,
16_etc-demo-000167,16_etc,16,92e870c39738386f,v2,50000,,,스탠리,AirPods Pro 3세대,,,,
16_etc-demo-000168,16_etc,16,11ca21b5479c1a3f,v2,0,,,천지건업,매직 스페이서,,,,
16_etc-demo-000169,16_etc,16,284f7a1b1253d5e5,v2,30000,,,펜소닉,리우,,,,
16_etc-demo-000170,16_etc,16,43e42587661aa882,v2,90000,,,나비아,큐브 프로,,,,
16_etc-demo-000171,16_etc,16,f478817c3579980c,v2,0,,,장수돌침대,리우,,,,
16_etc-demo-000172,16_etc,16,11ca21b5479c1a3f,v2,0,,,천지건업,매직 스페이서,,,,
16_etc-demo-000173,16_etc,16,5669aaac8e7669da,v2,130000,,,밤켈,45qt,,,,
16_etc-demo-000174,16_etc,16,92e870c39738386f,v2,50000,,,스탠리,포레스트2,,,,
16_etc-demo-000175,16_etc,16,31f6a86f588be09f,v2,150000,,,신세계,타이가1,,,,
16_etc-demo-000176,16_etc,16,19a7af294c666206,v2,9999,,,아웃백,포레스트2,,,,
16_etc-demo-000177,16_etc,16,5007d5edf622ac3c,v2,100000,,,부쉬랩,부쉬크래프트,,,,
16_etc-demo-000178,16_etc,16,6279471a8e1e694a,v2,100000,,,스노우라인,시즌6,,,,
16_etc-demo-000179,16_etc,16,edbb7477d4c13005,v2,2800000,,,스노우피크,랜드락 프로 그레이,,,,
16_etc-demo-000180,16_etc,16,a449b76717fa9af1,v2,60000,,,탑앤탑,다우니페더 덕다운침낭 2100g,,,,
16_etc-demo-000181,16_etc,16,5069d763c57e106a,v2,0,,,뉴진스,NJZ,,,,
16_etc-demo-000182,16_etc,16,c1077c9472ac1418,v2,1100000,,,위켄드트립,시즌6,,,,
16_etc-demo-000183,16_etc,16,6f0a828c17a6d093,v2,50000,,,트랙스,D4,,,,
16_etc-demo-000184,16_etc,16,6279471a8e1e694a,v2,100000,,,영창피아노,U-121,,,,
16_etc-demo-000185,16_etc,16,39b97ccbbc492cb6,v2,800000,,,캠프타운,빅돔s,,,,
16_etc-demo-000186,16_etc,16,9f9c5f0c3e4bf4fe,v2,32000,,,스노우피크,티탄 싱글 머그 220 300 450,,,,
16_etc-demo-000187,16_etc,16,09373be5bc836c09,v2,0,,,미라클,이지컷,,,,
16_etc-demo-000188,16_etc,16,d8f468db0e57ed80,v2,12345,,,빅토리녹스,포레스트,,,,
16_etc-demo-000189,16_etc,16,c1ecee00b070ee28,v2,0,,,베스트슬립,레즐리 메이플 라지킹 1800,,,,
16_etc-demo-000190,16_etc,16,4dd020b1aba1934c,v2,380000,,,네이처하이크,12y,,,,
16_etc-demo-000191,16_etc,16,419dd7fa05b171da,v2,0,,,리바트,프라임디럭스,,,,
16_etc-demo-000192,16_etc,16,7e0c1abd3e184cd6,v2,1111,,,꿈꾸는 요셉,럭스쉐이드,,,,
16_etc-demo-000193,16_etc,16,4d3894cbccc9171d,v2,0,,,장수,벙커돔 버전 3,,,,
16_etc-demo-000194,16_etc,16,39b97ccbbc492cb6,v2,800000,,,캠프타운,빅돔s,,,,
16_etc-demo-000195,16_etc,16,83d366ae47c20cf3,v2,25000,,,바운스,빅돔s,,,,
16_etc-demo-000196,16_etc,16,966d93103e5cf751,v2,350000,,,제드,프라임디럭스,,,,
16_etc-demo-000197,16_etc,16,8ec354054adfad58,v2,190000,,,BERJACK 버잭,벙커돔 버전 3,,,,
16_etc-demo-000198,16_etc,16,39deb0aaca75d5c4,v2,140000,,,디스커버리 에디션,파티볼,,,,
16_etc-demo-000199,16_etc,16,a7ebe19028bca4c0,v2,150000,,,굿프렌드,AirPods Pro 3세대,,,,
16_etc-demo-000200,16_etc,16,c6d8b0e455d8da49,v2,250000,,,스노우피크,SDE-001RH,,,,
16_etc-demo-000201,16_etc,16,b61d589b50c7d596,v2,0,,,삼익,캠리,,,,
16_etc-demo-000202,16_etc,16,419dd7fa05b171da,v2,0,,,리바트,타이가1,,,,
16_etc-demo-000203,16_etc,16,3d3a0b836c1fa787,v2,100000,,,INOTA,베라진진공보냉용기,,,,
16_etc-demo-000204,16_etc,16,4dd020b1aba1934c,v2,380000,,,네이처하이크,12y,,,,
16_etc-demo-000205,16_etc,16,9f9c5f0c3e4bf4fe,v2,32000,,,스노우피크,티탄 싱글 머그 220 300 450,,,,
16_etc-demo-000206,16_etc,16,19a7af294c666206,v2,9999,,,아웃백,12y,,,,
16_etc-demo-000207,16_etc,16,966d93103e5cf751,v2,350000,,,제드,큐브 프로,,,,
16_etc-demo-000208,16_etc,16,c1ecee00b070ee28,v2,0,,,베스트슬립,레즐리 메이플 라지킹 1800,,,,
16_etc-demo-000209,16_etc,16,b9e764bb19ba6196,v2,0,,,버거킹,PUQ179,,,,
16_etc-demo-000210,16_etc,16,771878104ae86f37,v2,0,,,가구코리아,캠리 8세대,,,,
16_etc-demo-000211,16_etc,16,ce3440e326c8d0e1,v2,45000,,,라푸마,럭스쉐이드,,,,
16_etc-demo-000212,16_etc,16,43e42587661aa882,v2,90000,,,나비아,쉐프박스,,,,
16_etc-demo-000213,16_etc,16,284f7a1b1253d5e5,v2,30000,,,펜소닉,다우니페더 덕다운침낭 2100g,,,,
16_etc-demo-000214,16_etc,16,9a68af37c34c6427,v2,0,,,대림,Q2,,,,
16_etc-demo-000215,16_etc,16,c6d8b0e455d8da49,v2,250000,,,스노우피크,SDE-001RH,,,,
16_etc-demo-000216,16_etc,16,77aea3d64a9b4ad4,v2,0,,,NOOL,Q2,,,,
16_etc-demo-000217,16_etc,16,a5b97ba52e2a5620,v2,0,,,쓰나미브레인롯,파티볼,,,,
16_etc-demo-000218,16_etc,16,295916e8117b243c,v2,0,,,토요타,캠리 8세대,,,,
16_etc-demo-000219,16_etc,16,a449b76717fa9af1,v2,60000,,,탑앤탑,예튼3.4,,,,
16_etc-demo-000220,16_etc,16,877cd0514bbfabcb,v2,0,,,린백 LINBACK,X2,,,,
16_etc-demo-000221,16_etc,16,ca1552c7db86652b,v2,1650000,,,스노우라인,프라임디럭스,,,,
16_etc-demo-000222,16_etc,16,5007d5edf622ac3c,v2,100000,,,라푸마,포레스트,,,,
16_etc-demo-000223,16_etc,16,4587dc9c3c5b2b0f,v2,70000,,,에듀윌,시즌6,,,,
16_etc-demo-000224,16_etc,16,6cb4de24aaa5c880,v2,1111111,,,레고,캠리 8세대,,,,
16_etc-demo-000225,16_etc,16,6c2703966eb29d63,v2,0,,,꿈꾸는 요셉,포레스트2,,,,
16_etc-demo-000226,16_etc,16,e22c768dbf33e084,v2,0,,,EBS,시즌6,,,,
16_etc-demo-000227,16_etc,16,230be0decc7220c6,v2,50000,,,콜맨,프라임디럭스,,,,
16_etc-demo-000228,16_etc,16,ce3440e326c8d0e1,v2,45000,,,라푸마,럭스쉐이드,,,,
16_etc-demo-000229,16_etc,16,11ca21b5479c1a3f,v2,0,,,천지건업,매직 스페이서,,,,
16_etc-demo-000230,16_etc,16,771878104ae86f37,v2,0,,,가구코리아,베라진진공보냉용기,,,,
16_etc-demo-000231,16_etc,16,b9b56efb0ec9fd25,v2,300000,,,도요토미,타이가1,,,,
16_etc-demo-000232,16_etc,16,39deb0aaca75d5c4,v2,140000,,,디스커버리 에디션,8.0,,,,
16_etc-demo-000233,16_etc,16,b9b56efb0ec9fd25,v2,300000,,,도요토미,티탄 싱글 머그 220 300 450,,,,
16_etc-demo-000234,16_etc,16,a9ab613154ffa03b,v2,31000,,,스노우피크,AirPods Pro 3세대,,,,
16_etc-demo-000235,16_etc,16,1a4159d30d74efe9,v2,1,,,Apple,AirPods Pro,,,,
16_etc-demo-000236,16_etc,16,9fd9f86c74172eaa,v2,0,,,삼익,AirPods Pro,,,,
16_etc-demo-000237,16_etc,16,9fd9f86c74172eaa,v2,0,,,삼익,Q2,,,,
16_etc-demo-000238,16_etc,16,a9ab613154ffa03b,v2,31000,,,스노우피크,부쉬크래프트,,,,
16_etc-demo-000239,16_etc,16,39deb0aaca75d5c4,v2,140000,,,디스커버리 에디션,매직 레드 베어 트레이,,,,
16_etc-demo-000240,16_etc,16,20cab7de98571ddb,v2,23000,,,자이글,시즌6,,,,
16_etc-demo-000241,16_etc,16,fc318d9d19547910,v2,0,,,에듀윌,럭스쉐이드,,,,
16_etc-demo-000242,16_etc,16,3d3a0b836c1fa787,v2,100000,,,INOTA,부쉬크래프트,,,,
16_etc-demo-000243,16_etc,16,f6c4855e08461e7e,v2,750000,,,쿠디,8.0,,,,
16_etc-demo-000244,16_etc,16,6f0a828c17a6d093,v2,50000,,,트랙스,D4,,,,
16_etc-demo-000245,16_etc,16,31f6a86f588be09f,v2,150000,,,벤츠,타이가1,,,,
16_etc-demo-000246,16_etc,16,d2422c12263e391c,v2,500000,,,코지모해,베라진진공보냉용기,,,,
16_etc-demo-000247,16_etc,16,31f6a86f588be09f,v2,150000,,,지프,타이가1,,,,
16_etc-demo-000248,16_etc,16,20cab7de98571ddb,v2,23000,,,자이글,AirPods Pro,,,,
16_etc-demo-000249,16_etc,16,284f7a1b1253d5e5,v2,30000,,,펜소닉,캠리,,,,
16_etc-demo-000250,16_etc,16,135d72d280b60682,v2,0,,,하이원리조트,프라임디럭스,,,,
16_etc-demo-000251,16_etc,16,a2acaf64d52356e3,v2,60000,,,어반캠퍼,다우니페더 덕다운침낭 2100g,,,,
16_etc-demo-000252,16_etc,16,a344d7511f3c6abe,v2,45000,,,한샘,이지컷,,,,
16_etc-demo-000253,16_etc,16,5007d5edf622ac3c,v2,100000,,,부쉬랩,부쉬크래프트,,,,
16_etc-demo-000254,16_etc,16,0727b85de2e70b63,v2,12345,,,신세계,Q2,,,,
16_etc-demo-000255,16_etc,16,115a8f732f8cd27c,v2,40000,,,벤츠,기브앤레이스 텐트,,,,
16_etc-demo-000256,16_etc,16,c1077c9472ac1418,v2,1100000,,,위켄드트립,예튼3.4,,,,
16_etc-demo-000257,16_etc,16,b9e764bb19ba6196,v2,0,,,버거킹,매직 스페이서,,,,
16_etc-demo-000258,16_etc,16,5069d763c57e106a,v2,0,,,뉴진스,NJZ,,,,
16_etc-demo-000259,16_etc,16,6cb4de24aaa5c880,v2,1111111,,,레고,부쉬크래프트,,,,
16_etc-demo-000260,16_etc,16,ac7d49bb3bcc664c,v2,35000,,,스노우피크,파티볼,,,,
16_etc-demo-000261,16_etc,16,8326231ebade6583,v2,0,,,SK-II,매직 레드 베어 트레이,,,,
16_etc-demo-000262,16_etc,16,771878104ae86f37,v2,0,,,가구코리아,레즐리 메이플 라지킹 1800,,,,
16_etc-demo-000263,16_etc,16,05bac51806eda270,v2,0,,,엑소(EXO),U-121,,,,
16_etc-demo-000264,16_etc,16,5669aaac8e7669da,v2,130000,,,밤켈,캠리 8세대,,,,
16_etc-demo-000265,16_etc,16,48fd69ccdfa3502c,v2,18000,,,스노우라인,포레스트2,,,,
16_etc-demo-000266,16_etc,16,877cd0514bbfabcb,v2,0,,,린백 LINBACK,이지컷,,,,
16_etc-demo-000267,16_etc,16,a344d7511f3c6abe,v2,45000,,,자이락,AirPods Pro,,,,
16_etc-demo-000268,16_etc,16,11ca21b5479c1a3f,v2,0,,,천지건업,매직 스페이서,,,,
16_etc-demo-000269,16_etc,16,f478817c3579980c,v2,0,,,장수돌침대,REH-221S,,,,
16_etc-demo-000270,16_etc,16,fc318d9d19547910,v2,0,,,에듀윌,PUQ179,,,,
16_etc-demo-000271,16_etc,16,6a8ec6d78f49df32,v2,20000,,,퀸센스,매직 스페이서,,,,
16_etc-demo-000272,16_etc,16,39deb0aaca75d5c4,v2,140000,,,디스커버리 에디션,X2,,,,
16_etc-demo-000273,16_etc,16,349a7ed995314d74,v2,500,,,이세계아이돌,빅돔s,,,,
16_etc-demo-000274,16_etc,16,c1077c9472ac1418,v2,1100000,,,위켄드트립,예튼3.4,,,,
16_etc-demo-000275,16_etc,16,9a68af37c34c6427,v2,0,,,대림,Q2,,,,
16_etc-demo-000276,16_etc,16,0727b85de2e70b63,v2,12345,,,신세계,U-121,,,,
16_etc-demo-000277,16_etc,16,19a7af294c666206,v2,9999,,,아웃백,빅돔s,,,,
16_etc-demo-000278,16_etc,16,ce3440e326c8d0e1,v2,45000,,,라푸마,럭스쉐이드,,,,
16_etc-demo-000279,16_etc,16,43b76f25cf072a5d,v2,0,,,동서가구,마이셰프,,,,
16_etc-demo-000280,16_etc,16,5007d5edf622ac3c,v2,100000,,,부쉬랩,부쉬크래프트,,,,
16_etc-demo-000281,16_etc,16,6f0a828c17a6d093,v2,50000,,,트랙스,D4,,,,
16_etc-demo-000282,16_etc,16,8326231ebade6583,v2,0,,,SK-II,매직 레드 베어 트레이,,,,
16_etc-demo-000283,16_etc,16,419dd7fa05b171da,v2,0,,,하이원리조트,NJZ,,,,
16_etc-demo-000284,16_etc,16,f478817c3579980c,v2,0,,,베스트슬립,티탄 싱글 머그 220 300 450,,,,
16_etc-demo-000285,16_etc,16,ac7d49bb3bcc664c,v2,35000,,,아웃백,파티볼,,,,
16_etc-demo-000286,16_etc,16,826212999b5d783f,v2,7000,,,케어프린,이지컷,,,,
16_etc-demo-000287,16_etc,16,0727b85de2e70b63,v2,12345,,,신세계,다우니페더 덕다운침낭 2100g,,,,
16_etc-demo-000288,16_etc,16,43b76f25cf072a5d,v2,0,,,동서가구,마이셰프,,,,
16_etc-demo-000289,16_etc,16,5669aaac8e7669da,v2,130000,,,밤켈,45qt,,,,
16_etc-demo-000290,16_etc,16,3a8e038f4b191d51,v2,0,,,신세계백화점,벙커돔 버전 3,,,,
16_etc-demo-000291,16_etc,16,d2422c12263e391c,v2,170000,,,코지모해,매직 레드 베어 트레이,,,,
16_etc-demo-000292,16_etc,16,3d3a0b836c1fa787,v2,100000,,,INOTA,예튼3.4,,,,
16_etc-demo-000293,16_etc,16,7ae46b917023b1d7,v2,0,,,한샘,시즌6,,,,
16_etc-demo-000294,16_etc,16,43d3936f27217533,v2,0,,,탐사,12y,,,,
16_etc-demo-000295,16_etc,16,fa14c662b0d14f13,v2,20000,,,도루코,마이셰프,,,,
16_etc-demo-000296,16_etc,16,6cb4de24aaa5c880,v2,1111111,,,레고,럭스쉐이드,,,,
16_etc-demo-000297,16_etc,16,a344d7511f3c6abe,v2,45000,,,자이락,D4,,,,
16_etc-demo-000298,16_etc,16,a9ab613154ffa03b,v2,31000,,,스노우피크,프라임디럭스,,,,
16_etc-demo-000299,16_etc,16,fc318d9d19547910,v2,0,,,에듀윌,12y,,,,
16_etc-demo-000300,16_etc,16,a9ab613154ffa03b,v2,31000,,,스노우피크,티탄 싱글 머그 220 300 450,,,,
16_etc-demo-000301,16_etc,16,a5b97ba52e2a5620,v2,0,,,쓰나미브레인롯,큐브 프로,,,,
16_etc-demo-000302,16_etc,16,295916e8117b243c,v2,0,,,토요타,캠리 8세대,,,,
16_etc-demo-000303,16_etc,16,d2422c12263e391c,v2,170000,,,코지모해,랜드락 프로 그레이,,,,
16_etc-demo-000304,16_etc,16,b9e764bb19ba6196,v2,0,,,버거킹,40L,,,,
16_etc-demo-000305,16_etc,16,e495c6a0f4b962f2,v2,6000,,,미라클,기브앤레이스 텐트,,,,
16_etc-demo-000306,16_etc,16,b9e764bb19ba6196,v2,0,,,밤켈,8.0,,,,
16_etc-demo-000307,16_etc,16,d8f468db0e57ed80,v2,12345,,,빅토리녹스,리우,,,,
16_etc-demo-000308,16_etc,16,8ec354054adfad58,v2,190000,,,BERJACK 버잭,시즌6,,,,
16_etc-demo-000309,16_etc,16,ca1552c7db86652b,v2,1650000,,,스노우라인,프라임디럭스,,,,
16_etc-demo-000310,16_etc,16,e440ab06924336ad,v2,0,,,자이글,시즌6,,,,
16_etc-demo-000311,16_etc,16,1a4159d30d74efe9,v2,1,,,Apple,AirPods Pro,,,,
16_etc-demo-000312,16_etc,16,83d366ae47c20cf3,v2,25000,,,바운스,포레스트,,,,
16_etc-demo-000313,16_etc,16,11ca21b5479c1a3f,v2,0,,,천지건업,매직 스페이서,,,,
16_etc-demo-000314,16_etc,16,826212999b5d783f,v2,7000,,,케어프린,이지컷,,,,
16_etc-demo-000315,16_etc,16,43e42587661aa882,v2,90000,,,나비아,큐브 프로,,,,
16_etc-demo-000316,16_etc,16,6a8ec6d78f49df32,v2,20000,,,퀸센스,AirPods Pro,,,,
16_etc-demo-000317,16_etc,16,50e034e73f3df128,v2,0,,,과학동아,빅돔s,,,,
16_etc-demo-000318,16_etc,16,09373be5bc836c09,v2,0,,,영창,캠리 8세대,,,,
16_etc-demo-000319,16_etc,16,877cd0514bbfabcb,v2,0,,,린백 LINBACK,마이셰프,,,,
16_etc-demo-000320,16_etc,16,966d93103e5cf751,v2,350000,,,제드,매직 레드 베어 트레이,,,,
16_etc-demo-000321,16_etc,16,0f9f51b04cacbbac,v2,6000,,,베스킨라빈스,베라진진공보냉용기,,,,
16_etc-demo-000322,16_etc,16,6a8ec6d78f49df32,v2,20000,,,퀸센스,캠리 8세대,,,,
16_etc-demo-000323,16_etc,16,6f0a828c17a6d093,v2,50000,,,트랙스,D4,,,,
16_etc-demo-000324,16_etc,16,a5b97ba52e2a5620,v2,0,,,쓰나미브레인롯,마이셰프,,,,
16_etc-demo-000325,16_etc,16,b3b7fd870cc110f8,v2,50000,,,지프,포레스트,,,,
16_etc-demo-000326,16_etc,16,a9ab613154ffa03b,v2,31000,,,스노우피크,45qt,,,,
16_etc-demo-000327,16_etc,16,c1077c9472ac1418,v2,1100000,,,위켄드트립,예튼3.4,,,,
16_etc-demo-000328,16_etc,16,c1077c9472ac1418,v2,1100000,,,위켄드트립,예튼3.4,,,,
16_etc-demo-000329,16_etc,16,1ba1b11063e1efbd,v2,1000,,,라이즈,리우,,,,
16_etc-demo-000330,16_etc,16,2c15768d96af673f,v2,250000,,,힐맨,벙커돔 버전 3,,,,
16_etc-demo-000331,16_etc,16,419dd7fa05b171da,v2,0,,,리바트,쉐프박스,,,,
16_etc-demo-000332,16_etc,16,7e0c1abd3e184cd6,v2,1111,,,꿈꾸는 요셉,레즐리 메이플 라지킹 1800,,,,
16_etc-demo-000333,16_etc,16,b3b7fd870cc110f8,v2,50000,,,지프,포레스트,,,,
16_etc-demo-000334,16_etc,16,078f22a2e1fbfb60,v2,107000,,,헐크,PUQ179,,,,
16_etc-demo-000335,16_etc,16,b9b56efb0ec9fd25,v2,300000,,,도요토미,이지컷,,,,
16_etc-demo-000336,16_etc,16,8326231ebade6583,v2,0,,,장수돌침대,매직 레드 베어 트레이,,,,
16_etc-demo-000337,16_etc,16,a2acaf64d52356e3,v2,60000,,,밤켈,다우니페더 덕다운침낭 2100g,,,,
16_etc-demo-000338,16_etc,16,6f0a828c17a6d093,v2,50000,,,스노우피크,D4,,,,
16_etc-demo-000339,16_etc,16,43d3936f27217533,v2,0,,,탐사,12y,,,,
16_etc-demo-000340,16_etc,16,826212999b5d783f,v2,7000,,,케어프린,이지컷,,,,
16_etc-demo-000341,16_etc,16,e495c6a0f4b962f2,v2,6000,,,미라클,8.0,,,,
16_etc-demo-000342,16_etc,16,ca1552c7db86652b,v2,1650000,,,스노우라인,프라임디럭스,,,,
16_etc-demo-000343,16_etc,16,a7ebe19028bca4c0,v2,150000,,,동서가구,NJZ,,,,
16_etc-demo-000344,16_etc,16,a9ab613154ffa03b,v2,31000,,,스노우피크,예튼3.4,,,,
16_etc-demo-000345,16_etc,16,5069d763c57e106a,v2,0,,,뉴진스,NJZ,,,,
16_etc-demo-000346,16_etc,16,50e034e73f3df128,v2,0,,,이디야X보이넥스트도어,쉐프박스,,,,
16_etc-demo-000347,16_etc,16,9fd9f86c74172eaa,v2,0,,,삼익,캠리 8세대,,,,
16_etc-demo-000348,16_etc,16,48fd69ccdfa3502c,v2,18000,,,하이브로우,큐브 프로,,,,
16_etc-demo-000349,16_etc,16,295916e8117b243c,v2,0,,,토요타,캠리 8세대,,,,
16_etc-demo-000350,16_etc,16,b61d589b50c7d596,v2,0,,,이세계아이돌,캠리,,,,
16_etc-demo-000351,16_etc,16,230be0decc7220c6,v2,50000,,,콜맨,포레스트2,,,,
16_etc-demo-000352,16_etc,16,3d3a0b836c1fa787,v2,100000,,,INOTA,45qt,,,,
16_etc-demo-000353,16_etc,16,b61d589b50c7d596,v2,0,,,라이즈,캠리,,,,
16_etc-demo-000354,16_etc,16,771878104ae86f37,v2,0,,,가구코리아,시즌6,,,,
16_etc-demo-000355,16_etc,16,419dd7fa05b171da,v2,0,,,리바트,랜드락 프로 그레이,,,,
16_etc-demo-000356,16_etc,16,a9ab613154ffa03b,v2,31000,,,스노우피크,큐브 프로,,,,
16_etc-demo-000357,16_etc,16,a7ebe19028bca4c0,v2,150000,,,NCT 2020,Q2,,,,
16_etc-demo-000358,16_etc,16,419dd7fa05b171da,v2,0,,,리바트,파티볼,,,,
16_etc-demo-000359,16_etc,16,09373be5bc836c09,v2,0,,,영창,티탄 싱글 머그 220 300 450,,,,
16_etc-demo-000360,16_etc,16,3203e6f8965d0701,v2,35000,,,세이즈,X2,,,,
16_etc-demo-000361,16_etc,16,078f22a2e1fbfb60,v2,107000,,,헐크,PUQ179,,,,
16_etc-demo-000362,16_etc,16,b9e764bb19ba6196,v2,0,,,버거킹,부쉬크래프트,,,,
16_etc-demo-000363,16_etc,16,6c2703966eb29d63,v2,0,,,FILA,포레스트2,,,,
16_etc-demo-000364,16_etc,16,67658baabd0cdd35,v2,33000,,,레드불,다우니페더 덕다운침낭 2100g,,,,
16_etc-demo-000365,16_etc,16,0f9f51b04cacbbac,v2,6000,,,베스킨라빈스,베라진진공보냉용기,,,,
16_etc-demo-000366,16_etc,16,9a68af37c34c6427,v2,0,,,대림,Q2,,,,
16_etc-demo-000367,16_etc,16,966d93103e5cf751,v2,350000,,,제드,랜드락 프로 그레이,,,,
16_etc-demo-000368,16_etc,16,826212999b5d783f,v2,7000,,,케어프린,이지컷,,,,
16_etc-demo-000369,16_etc,16,5df9ec48be631586,v2,0,,,스노우피크,리우,,,,
16_etc-demo-000370,16_etc,16,77aea3d64a9b4ad4,v2,0,,,NOOL,12y,,,,
16_etc-demo-000371,16_etc,16,349a7ed995314d74,v2,500,,,이세계아이돌,AirPods Pro,,,,
16_etc-demo-000372,16_etc,16,11ca21b5479c1a3f,v2,0,,,어반캠퍼,매직 스페이서,,,,
16_etc-demo-000373,16_etc,16,d8f468db0e57ed80,v2,12345,,,빅토리녹스,Q2,,,,
16_etc-demo-000374,16_etc,16,d2422c12263e391c,v2,500000,,,코지모해,부쉬크래프트,,,,
16_etc-demo-000375,16_etc,16,77aea3d64a9b4ad4,v2,0,,,네이쳐하이크,SDE-001RH,,,,
16_etc-demo-000376,16_etc,16,d2422c12263e391c,v2,500000,,,코지모해,포레스트2,,,,
16_etc-demo-000377,16_etc,16,5069d763c57e106a,v2,0,,,뉴진스,NJZ,,,,
16_etc-demo-000378,16_etc,16,0727b85de2e70b63,v2,12345,,,신세계,다우니페더 덕다운침낭 2100g,,,,
16_etc-demo-000379,16_etc,16,a9ab613154ffa03b,v2,31000,,,스노우피크,REH-221S,,,,
16_etc-demo-000380,16_etc,16,33535e1a10e351ec,v2,650000,,,지프,포레스트2,,,,
16_etc-demo-000381,16_etc,16,fc318d9d19547910,v2,0,,,에듀윌,예튼3.4,,,,
16_etc-demo-000382,16_etc,16,a344d7511f3c6abe,v2,45000,,,신세계,럭스쉐이드,,,,
16_etc-demo-000383,16_etc,16,5069d763c57e106a,v2,0,,,뉴진스,NJZ,,,,
16_etc-demo-000384,16_etc,16,078f22a2e1fbfb60,v2,107000,,,헐크,PUQ179,,,,
16_etc-demo-000385,16_etc,16,9f9c5f0c3e4bf4fe,v2,32000,,,스노우피크,티탄 싱글 머그 220 300 450,,,,
16_etc-demo-000386,16_etc,16,419dd7fa05b171da,v2,0,,,리바트,이지컷,,,,
16_etc-demo-000387,16_etc,16,b9e764bb19ba6196,v2,0,,,버거킹,시즌6,,,,
16_etc-demo-000388,16_etc,16,6196ddd4d4cf5be9,v2,500,,,NCT 2020,부쉬크래프트,,,,
16_etc-demo-000389,16_etc,16,b3b7fd870cc110f8,v2,50000,,,지프,포레스트,,,,
16_etc-demo-000390,16_etc,16,19a7af294c666206,v2,9999,,,아웃백,마이셰프,,,,
16_etc-demo-000391,16_etc,16,3a8e038f4b191d51,v2,0,,,신세계백화점,NJZ,,,,
16_etc-demo-000392,16_etc,16,877cd0514bbfabcb,v2,0,,,린백 LINBACK,12y,,,,
16_etc-demo-000393,16_etc,16,b3b7fd870cc110f8,v2,50000,,,지프,포레스트,,,,
16_etc-demo-000394,16_etc,16,83d366ae47c20cf3,v2,25000,,,바운스,포레스트,,,,
16_etc-demo-000395,16_etc,16,7e0c1abd3e184cd6,v2,1111,,,꿈꾸는 요셉,REH-221S,,,,
16_etc-demo-000396,16_etc,16,e22c768dbf33e084,v2,0,,,EBS,시즌6,,,,
16_etc-demo-000397,16_etc,16,48fd69ccdfa3502c,v2,18000,,,하이브로우,매직 스페이서,,,,
16_etc-demo-000398,16_etc,16,295916e8117b243c,v2,0,,,토요타,캠리 8세대,,,,
16_etc-demo-000399,16_etc,16,0f9f51b04cacbbac,v2,6000,,,베스킨라빈스,베라진진공보냉용기,,,,
16_etc-demo-000400,16_etc,16,3a8e038f4b191d51,v2,0,,,신세계백화점,포레스트2,,,,
16_etc-demo-000401,16_etc,16,5669aaac8e7669da,v2,130000,,,밤켈,45qt,,,,
16_etc-demo-000402,16_etc,16,19a7af294c666206,v2,9999,,,아웃백,이지컷,,,,
16_etc-demo-000403,16_etc,16,6c2703966eb29d63,v2,0,,,FILA,이지컷,,,,
16_etc-demo-000404,16_etc,16,771878104ae86f37,v2,0,,,가구코리아,포레스트2,,,,
16_etc-demo-000405,16_etc,16,43b76f25cf072a5d,v2,0,,,동서가구,매직 레드 베어 트레이,,,,
16_etc-demo-000406,16_etc,16,6cb4de24aaa5c880,v2,1111111,,,레고,U-121,,,,
16_etc-demo-000407,16_etc,16,4587dc9c3c5b2b0f,v2,70000,,,파세코,SDE-001RH,,,,
16_etc-demo-000408,16_etc,16,48fd69ccdfa3502c,v2,18000,,,하이브로우,D4,,,,
16_etc-demo-000409,16_etc,16,826212999b5d783f,v2,7000,,,케어프린,이지컷,,,,
16_etc-demo-000410,16_etc,16,5069d763c57e106a,v2,0,,,뉴진스,NJZ,,,,
16_etc-demo-000411,16_etc,16,39deb0aaca75d5c4,v2,140000,,,디스커버리 에디션,레즐리 메이플 라지킹 1800,,,,
16_etc-demo-000412,16_etc,16,c2b56398e64cd11a,v2,30000,,,네이쳐하이크,쉐프박스,,,,
16_etc-demo-000413,16_etc,16,3203e6f8965d0701,v2,35000,,,세이즈,X2,,,,
16_etc-demo-000414,16_etc,16,4dd020b1aba1934c,v2,380000,,,네이처하이크,캠리,,,,
16_etc-demo-000415,16_etc,16,8ec354054adfad58,v2,190000,,,BERJACK 버잭,예튼3.4,,,,
16_etc-demo-000416,16_etc,16,9fd9f86c74172eaa,v2,0,,,삼익,레즐리 메이플 라지킹 1800,,,,
16_etc-demo-000417,16_etc,16,1ba1b11063e1efbd,v2,1000,,,라이즈,랜드락 프로 그레이,,,,
16_etc-demo-000418,16_etc,16,8ec354054adfad58,v2,190000,,,BERJACK 버잭,SDE-001RH,,,,
16_etc-demo-000419,16_etc,16,e440ab06924336ad,v2,0,,,아모스,큐브 프로,,,,
16_etc-demo-000420,16_etc,16,43d3936f27217533,v2,0,,,탐사,Q2,,,,
16_etc-demo-000421,16_etc,16,a9ab613154ffa03b,v2,31000,,,스노우피크,시즌6,,,,
16_etc-demo-000422,16_etc,16,e22c768dbf33e084,v2,0,,,신세계,시즌6,,,,
16_etc-demo-000423,16_etc,16,33535e1a10e351ec,v2,650000,,,지프,포레스트2,,,,
16_etc-demo-000424,16_etc,16,39deb0aaca75d5c4,v2,140000,,,디스커버리 에디션,SDE-001RH,,,,
16_etc-demo-000425,16_etc,16,1a4159d30d74efe9,v2,1,,,Apple,AirPods Pro,,,,
16_etc-demo-000426,16_etc,16,115a8f732f8cd27c,v2,40000,,,도루코,기브앤레이스 텐트,,,,
16_etc-demo-000427,16_etc,16,a7ebe19028bca4c0,v2,150000,,,굿프렌드,베라진진공보냉용기,,,,
16_etc-demo-000428,16_etc,16,43b76f25cf072a5d,v2,0,,,동서가구,럭스쉐이드,,,,
16_etc-demo-000429,16_etc,16,48fd69ccdfa3502c,v2,18000,,,하이브로우,파티볼,,,,
16_etc-demo-000430,16_etc,16,5069d763c57e106a,v2,0,,,뉴진스,NJZ,,,,
16_etc-demo-000431,16_etc,16,b9e764bb19ba6196,v2,0,,,버거킹,다우니페더 덕다운침낭 2100g,,,,
16_etc-demo-000432,16_etc,16,e440ab06924336ad,v2,0,,,토요타,베라진진공보냉용기,,,,
16_etc-demo-000433,16_etc,16,6c2703966eb29d63,v2,0,,,FILA,프라임디럭스,,,,
16_etc-demo-000434,16_etc,16,77aea3d64a9b4ad4,v2,0,,,NOOL,40L,,,,
16_etc-demo-000435,16_etc,16,a7ebe19028bca4c0,v2,150000,,,굿프렌드,타이가1,,,,
16_etc-demo-000436,16_etc,16,50e034e73f3df128,v2,0,,,과학동아,파티볼,,,,
16_etc-demo-000437,16_etc,16,1a4159d30d74efe9,v2,1,,,Apple,AirPods Pro,,,,
16_etc-demo-000438,16_etc,16,d8f468db0e57ed80,v2,12345,,,삼익,매직 레드 베어 트레이,,,,
16_etc-demo-000439,16_etc,16,3a8e038f4b191d51,v2,0,,,신세계백화점,레즐리 메이플 라지킹 1800,,,,
16_etc-demo-000440,16_etc,16,3d3a0b836c1fa787,v2,100000,,,INOTA,REH-221S,,,,
16_etc-demo-000441,16_etc,16,f6c4855e08461e7e,v2,750000,,,쿠디,8.0,,,,
16_etc-demo-000442,16_etc,16,05bac51806eda270,v2,0,,,엑소(EXO),PUQ179,,,,
16_etc-demo-000443,16_etc,16,877cd0514bbfabcb,v2,0,,,린백 LINBACK,45qt,,,,
16_etc-demo-000444,16_etc,16,c1077c9472ac1418,v2,1100000,,,위켄드트립,예튼3.4,,,,
16_etc-demo-000445,16_etc,16,966d93103e5cf751,v2,350000,,,지프,부쉬크래프트,,,,
16_etc-demo-000446,16_etc,16,67658baabd0cdd35,v2,33000,,,레드불,프라임디럭스,,,,
16_etc-demo-000447,16_etc,16,826212999b5d783f,v2,7000,,,케어프린,이지컷,,,,
16_etc-demo-000448,16_etc,16,31f6a86f588be09f,v2,150000,,,콜맨,타이가1,,,,
16_etc-demo-000449,16_etc,16,a9ab613154ffa03b,v2,31000,,,쿠디,AirPods Pro,,,,
16_etc-demo-000450,16_etc,16,7ae46b917023b1d7,v2,0,,,한샘,캠리 8세대,,,,
16_etc-demo-000451,16_etc,16,b3b7fd870cc110f8,v2,50000,,,지프,포레스트,,,,
16_etc-demo-000452,16_etc,16,c1077c9472ac1418,v2,1100000,,,위켄드트립,예튼3.4,,,,
16_etc-demo-000453,16_etc,16,ac7d49bb3bcc664c,v2,35000,,,콜맨,파티볼,,,,
16_etc-demo-000454,16_etc,16,8ec354054adfad58,v2,190000,,,BERJACK 버잭,레즐리 메이플 라지킹 1800,,,,
16_etc-demo-000455,16_etc,16,c1077c9472ac1418,v2,1100000,,,위켄드트립,예튼3.4,,,,
16_etc-demo-000456,16_etc,16,966d93103e5cf751,v2,350000,,,제드,45qt,,,,
16_etc-demo-000457,16_etc,16,349a7ed995314d74,v2,500,,,이세계아이돌,벙커돔 버전 3,,,,
16_etc-demo-000458,16_etc,16,6f0a828c17a6d093,v2,50000,,,트랙스,D4,,,,
16_etc-demo-000459,16_etc,16,7ae46b917023b1d7,v2,0,,,한샘,캠리 8세대,,,,
16_etc-demo-000460,16_etc,16,3d3a0b836c1fa787,v2,100000,,,INOTA,빅돔s,,,,
16_etc-demo-000461,16_etc,16,4dd020b1aba1934c,v2,380000,,,네이처하이크,12y,,,,
16_etc-demo-000462,16_etc,16,0f9f51b04cacbbac,v2,6000,,,베스킨라빈스,베라진진공보냉용기,,,,
16_etc-demo-000463,16_etc,16,295916e8117b243c,v2,0,,,토요타,캠리 8세대,,,,
16_etc-demo-000464,16_etc,16,31f6a86f588be09f,v2,150000,,,레고,타이가1,,,,
16_etc-demo-000465,16_etc,16,3203e6f8965d0701,v2,35000,,,세이즈,X2,,,,
16_etc-demo-000466,16_etc,16,349a7ed995314d74,v2,500,,,이세계아이돌,파티볼,,,,
16_etc-demo-000467,16_etc,16,92e870c39738386f,v2,50000,,,스탠리,포레스트2,,,,
16_etc-demo-000468,16_etc,16,e22c768dbf33e084,v2,0,,,미라클,시즌6,,,,
16_etc-demo-000469,16_etc,16,349a7ed995314d74,v2,500,,,이세계아이돌,이지컷,,,,
16_etc-demo-000470,16_etc,16,4587dc9c3c5b2b0f,v2,70000,,,파세코,파티볼,,,,
16_etc-demo-000471,16_etc,16,a7ebe19028bca4c0,v2,150000,,,영창피아노,기브앤레이스 텐트,,,,
16_etc-demo-000472,16_etc,16,b9e764bb19ba6196,v2,0,,,버거킹,REH-221S,,,,
16_etc-demo-000473,16_etc,16,19a7af294c666206,v2,9999,,,아웃백,REH-221S,,,,
16_etc-demo-000474,16_etc,16,5df9ec48be631586,v2,0,,,이디야X보이넥스트도어,리우,,,,
16_etc-demo-000475,16_etc,16,4d3894cbccc9171d,v2,0,,,장수,Q2,,,,
16_etc-demo-000476,16_etc,16,1a4159d30d74efe9,v2,1,,,Apple,AirPods Pro,,,,
16_etc-demo-000477,16_etc,16,2686a51c864eed4d,v2,9000,,,린나이,REH-221S,,,,
16_etc-demo-000478,16_etc,16,6279471a8e1e694a,v2,100000,,,영창피아노,U-121,,,,
16_etc-demo-000479,16_etc,16,05bac51806eda270,v2,0,,,엑소(EXO),타이가1,,,,
16_etc-demo-000480,16_etc,16,6cb4de24aaa5c880,v2,1111111,,,레고,이지컷,,,,
16_etc-demo-000481,16_etc,16,20cab7de98571ddb,v2,23000,,,자이글,랜드락 프로 그레이,,,,
16_etc-demo-000482,16_etc,16,9fd9f86c74172eaa,v2,0,,,삼익,레즐리 메이플 라지킹 1800,,,,
16_etc-demo-000483,16_etc,16,6196ddd4d4cf5be9,v2,500,,,NCT 2020,PUQ179,,,,
16_etc-demo-000484,16_etc,16,115a8f732f8cd27c,v2,40000,,,벤츠,기브앤레이스 텐트,,,,
16_etc-demo-000485,16_etc,16,a7ebe19028bca4c0,v2,150000,,,굿프렌드,예튼3.4,,,,
16_etc-demo-000486,16_etc,16,419dd7fa05b171da,v2,0,,,리바트,빅돔s,,,,
16_etc-demo-000487,16_etc,16,8fe622234fa90dd0,v2,2222,,,밤켈,40L,,,,
16_etc-demo-000488,16_etc,16,ac7d49bb3bcc664c,v2,35000,,,콜맨,파티볼,,,,
16_etc-demo-000489,16_etc,16,6cb4de24aaa5c880,v2,1111111,,,레고,캠리 8세대,,,,
16_etc-demo-000490,16_etc,16,19a7af294c666206,v2,9999,,,뉴진스,럭스쉐이드,,,,
16_etc-demo-000491,16_etc,16,b3b7fd870cc110f8,v2,50000,,,지프,포레스트,,,,
16_etc-demo-000492,16_etc,16,43b76f25cf072a5d,v2,0,,,동서가구,타이가1,,,,
16_etc-demo-000493,16_etc,16,6196ddd4d4cf5be9,v2,500,,,NCT 2020,AirPods Pro 3세대,,,,
16_etc-demo-000494,16_etc,16,9fd9f86c74172eaa,v2,0,,,삼익,다우니페더 덕다운침낭 2100g,,,,
16_etc-demo-000495,16_etc,16,6a8ec6d78f49df32,v2,20000,,,퀸센스,타이가1,,,,
16_etc-demo-000496,16_etc,16,230be0decc7220c6,v2,50000,,,콜맨,U-121,,,,
16_etc-demo-000497,16_etc,16,ca1552c7db86652b,v2,1650000,,,스노우라인,프라임디럭스,,,,
16_etc-demo-000498,16_etc,16,0f9f51b04cacbbac,v2,6000,,,베스킨라빈스,베라진진공보냉용기,,,,
16_etc-demo-000499,16_etc,16,b9e764bb19ba6196,v2,0,,,버거킹,포레스트2,,,,
16_etc-demo-000500,16_etc,16,43b76f25cf072a5d,v2,0,,,BERJACK 버잭,타이가1,,,,
16_etc-demo-000501,16_etc,16,a9ab613154ffa03b,v2,31000,,,스노우피크,REH-221S,,,,
16_etc-demo-000502,16_etc,16,49d7edc5ae3aee4f,v2,0,,,Apple,AirPods Pro 3세대,,,,
16_etc-demo-000503,16_etc,16,49d7edc5ae3aee4f,v2,0,,,Apple,AirPods Pro 3세대,,,,
16_etc-demo-000504,16_etc,16,f478817c3579980c,v2,0,,,장수돌침대,45qt,,,,
16_etc-demo-000505,16_etc,16,fc318d9d19547910,v2,0,,,에듀윌,다우니페더 덕다운침낭 2100g,,,,
16_etc-demo-000506,16_etc,16,7ae46b917023b1d7,v2,0,,,부쉬랩,레즐리 메이플 라지킹 1800,,,,
16_etc-demo-000507,16_etc,16,edbb7477d4c13005,v2,2800000,,,스노우피크,랜드락 프로 그레이,,,,
16_etc-demo-000508,16_etc,16,39deb0aaca75d5c4,v2,140000,,,디스커버리 에디션,매직 레드 베어 트레이,,,,
16_etc-demo-000509,16_etc,16,8326231ebade6583,v2,0,,,SK-II,매직 레드 베어 트레이,,,,
16_etc-demo-000510,16_etc,16,43d3936f27217533,v2,0,,,베스트슬립,레즐리 메이플 라지킹 1800,,,,
16_etc-demo-000511,16_etc,16,0727b85de2e70b63,v2,12345,,,신세계,티탄 싱글 머그 220 300 450,,,,
16_etc-demo-000512,16_etc,16,b9b56efb0ec9fd25,v2,300000,,,도요토미,포레스트,,,,
16_etc-demo-000513,16_etc,16,8ec354054adfad58,v2,190000,,,버거킹,베라진진공보냉용기,,,,
16_etc-demo-000514,16_etc,16,6279471a8e1e694a,v2,100000,,,영창피아노,U-121,,,,
16_etc-demo-000515,16_etc,16,4587dc9c3c5b2b0f,v2,70000,,,파세코,큐브 프로,,,,
16_etc-demo-000516,16_etc,16,4d3894cbccc9171d,v2,0,,,장수,REH-221S,,,,
16_etc-demo-000517,16_etc,16,a449b76717fa9af1,v2,60000,,,탑앤탑,매직 레드 베어 트레이,,,,
16_etc-demo-000518,16_etc,16,c2b56398e64cd11a,v2,30000,,,네이쳐하이크,쉐프박스,,,,
16_etc-demo-000519,16_etc,16,09373be5bc836c09,v2,0,,,영창,8.0,,,,
16_etc-demo-000520,16_etc,16,33535e1a10e351ec,v2,650000,,,지프,포레스트2,,,,
16_etc-demo-000521,16_etc,16,a7ebe19028bca4c0,v2,150000,,,굿프렌드,캠리 8세대,,,,
16_etc-demo-000522,16_etc,16,295916e8117b243c,v2,0,,,SK-II,캠리 8세대,,,,
16_etc-demo-000523,16_etc,16,a9ab613154ffa03b,v2,31000,,,스노우피크,티탄 싱글 머그 220 300 450,,,,
16_etc-demo-000524,16_etc,16,5007d5edf622ac3c,v2,100000,,,부쉬랩,부쉬크래프트,,,,
16_etc-demo-000525,16_etc,16,4587dc9c3c5b2b0f,v2,70000,,,파세코,리우,,,,
16_etc-demo-000526,16_etc,16,05bac51806eda270,v2,0,,,엑소(EXO),시즌6,,,,
16_etc-demo-000527,16_etc,16,f478817c3579980c,v2,0,,,장수돌침대,캠리,,,,
16_etc-demo-000528,16_etc,16,419dd7fa05b171da,v2,0,,,코지모해,매직 스페이서,,,,
16_etc-demo-000529,16_etc,16,a9ab613154ffa03b,v2,31000,,,스노우피크,X2,,,,
16_etc-demo-000530,16_etc,16,43d3936f27217533,v2,0,,,탐사,매직 스페이서,,,,
16_etc-demo-000531,16_etc,16,b9e764bb19ba6196,v2,0,,,버거킹,Q2,,,,
16_etc-demo-000532,16_etc,16,43b76f25cf072a5d,v2,0,,,동서가구,포레스트2,,,,
16_etc-demo-000533,16_etc,16,6a8ec6d78f49df32,v2,20000,,,퀸센스,마이셰프,,,,
16_etc-demo-000534,16_etc,16,b9e764bb19ba6196,v2,0,,,버거킹,U-121,,,,
16_etc-demo-000535,16_etc,16,6c2703966eb29d63,v2,0,,,FILA,PUQ179,,,,
16_etc-demo-000536,16_etc,16,4dd020b1aba1934c,v2,380000,,,네이처하이크,12y,,,,
16_etc-demo-000537,16_etc,16,3a8e038f4b191d51,v2,0,,,신세계백화점,럭스쉐이드,,,,
16_etc-demo-000538,16_etc,16,5007d5edf622ac3c,v2,100000,,,부쉬랩,부쉬크래프트,,,,
16_etc-demo-000539,16_etc,16,a9ab613154ffa03b,v2,31000,,,스노우피크,시즌6,,,,
16_etc-demo-000540,16_etc,16,6c2703966eb29d63,v2,0,,,FILA,베라진진공보냉용기,,,,
16_etc-demo-000541,16_etc,16,77aea3d64a9b4ad4,v2,0,,,NOOL,캠리 8세대,,,,
16_etc-demo-000542,16_etc,16,a344d7511f3c6abe,v2,45000,,,자이락,타이가1,,,,
16_etc-demo-000543,16_etc,16,19a7af294c666206,v2,9999,,,아웃백,타이가1,,,,
16_etc-demo-000544,16_etc,16,4dd020b1aba1934c,v2,380000,,,네이처하이크,12y,,,,
16_etc-demo-000545,16_etc,16,9fd9f86c74172eaa,v2,0,,,삼익,Q2,,,,
16_etc-demo-000546,16_etc,16,e22c768dbf33e084,v2,0,,,EBS,시즌6,,,,
16_etc-demo-000547,16_etc,16,3d3a0b836c1fa787,v2,100000,,,INOTA,다우니페더 덕다운침낭 2100g,,,,
16_etc-demo-000548,16_etc,16,a9ab613154ffa03b,v2,31000,,,스노우피크,SDE-001RH,,,,
16_etc-demo-000549,16_etc,16,19a7af294c666206,v2,9999,,,아웃백,마이셰프,,,,
16_etc-demo-000550,16_etc,16,877cd0514bbfabcb,v2,0,,,린백 LINBACK,벙커돔 버전 3,,,,
16_etc-demo-000551,16_etc,16,ac7d49bb3bcc664c,v2,35000,,,콜맨,파티볼,,,,
16_etc-demo-000552,16_etc,16,67658baabd0cdd35,v2,33000,,,레드불,U-121,,,,
16_etc-demo-000553,16_etc,16,43b76f25cf072a5d,v2,0,,,동서가구,캠리,,,,
16_etc-demo-000554,16_etc,16,826212999b5d783f,v2,7000,,,케어프린,이지컷,,,,
16_etc-demo-000555,16_etc,16,5069d763c57e106a,v2,0,,,뉴진스,NJZ,,,,
16_etc-demo-000556,16_etc,16,2c15768d96af673f,v2,250000,,,힐맨,벙커돔 버전 3,,,,
16_etc-demo-000557,16_etc,16,e495c6a0f4b962f2,v2,6000,,,미라클,X2,,,,
16_etc-demo-000558,16_etc,16,4d3894cbccc9171d,v2,0,,,장수,부쉬크래프트,,,,
16_etc-demo-000559,16_etc,16,c2b56398e64cd11a,v2,30000,,,네이쳐하이크,쉐프박스,,,,
16_etc-demo-000560,16_etc,16,b9e764bb19ba6196,v2,0,,,버거킹,럭스쉐이드,,,,
16_etc-demo-000561,16_etc,16,77aea3d64a9b4ad4,v2,0,,,NOOL,NJZ,,,,
16_etc-demo-000562,16_etc,16,0f9f51b04cacbbac,v2,6000,,,베스킨라빈스,베라진진공보냉용기,,,,
16_etc-demo-000563,16_etc,16,8fe622234fa90dd0,v2,2222,,,밤켈,파티볼,,,,
16_etc-demo-000564,16_etc,16,a449b76717fa9af1,v2,60000,,,탑앤탑,캠리 8세대,,,,
16_etc-demo-000565,16_etc,16,4dd020b1aba1934c,v2,380000,,,네이처하이크,12y,,,,
16_etc-demo-000566,16_etc,16,4587dc9c3c5b2b0f,v2,70000,,,파세코,매직 레드 베어 트레이,,,,
16_etc-demo-000567,16_etc,16,8fe622234fa90dd0,v2,2222,,,밤켈,40L,,,,
16_etc-demo-000568,16_etc,16,43d3936f27217533,v2,0,,,탐사,시즌6,,,,
16_etc-demo-000569,16_etc,16,48fd69ccdfa3502c,v2,18000,,,하이브로우,럭스쉐이드,,,,
16_etc-demo-000570,16_etc,16,6a8ec6d78f49df32,v2,20000,,,빅토리녹스,45qt,,,,
16_etc-demo-000571,16_etc,16,8ec354054adfad58,v2,190000,,,BERJACK 버잭,시즌6,,,,
16_etc-demo-000572,16_etc,16,2c15768d96af673f,v2,250000,,,힐맨,벙커돔 버전 3,,,,
16_etc-demo-000573,16_etc,16,2686a51c864eed4d,v2,9000,,,린나이,D4,,,,
16_etc-demo-000574,16_etc,16,9fd9f86c74172eaa,v2,0,,,삼익,시즌6,,,,
16_etc-demo-000575,16_etc,16,877cd0514bbfabcb,v2,0,,,린백 LINBACK,프라임디럭스,,,,
16_etc-demo-000576,16_etc,16,5df9ec48be631586,v2,0,,,이디야X보이넥스트도어,리우,,,,
16_etc-demo-000577,16_etc,16,e495c6a0f4b962f2,v2,6000,,,미라클,포레스트,,,,
16_etc-demo-000578,16_etc,16,e440ab06924336ad,v2,0,,,아모스,12y,,,,
16_etc-demo-000579,16_etc,16,115a8f732f8cd27c,v2,40000,,,벤츠,기브앤레이스 텐트,,,,
16_etc-demo-000580,16_etc,16,edbb7477d4c13005,v2,2800000,,,스노우피크,랜드락 프로 그레이,,,,
16_etc-demo-000581,16_etc,16,6196ddd4d4cf5be9,v2,500,,,NCT 2020,파티볼,,,,
16_etc-demo-000582,16_etc,16,6cb4de24aaa5c880,v2,1111111,,,레고,프라임디럭스,,,,
16_etc-demo-000583,16_etc,16,6f0a828c17a6d093,v2,50000,,,트랙스,D4,,,,
16_etc-demo-000584,16_etc,16,43d3936f27217533,v2,0,,,탐사,빅돔s,,,,
16_etc-demo-000585,16_etc,16,078f22a2e1fbfb60,v2,107000,,,헐크,PUQ179,,,,
16_etc-demo-000586,16_etc,16,078f22a2e1fbfb60,v2,107000,,,헐크,PUQ179,,,,
16_etc-demo-000587,16_etc,16,826212999b5d783f,v2,7000,,,케어프린,이지컷,,,,
16_etc-demo-000588,16_etc,16,11ca21b5479c1a3f,v2,0,,,천지건업,포레스트,,,,
16_etc-demo-000589,16_etc,16,9fd9f86c74172eaa,v2,0,,,삼익,타이가1,,,,
16_etc-demo-000590,16_etc,16,0727b85de2e70b63,v2,12345,,,신세계,프라임디럭스,,,,
16_etc-demo-000591,16_etc,16,6cb4de24aaa5c880,v2,1111111,,,INOTA,랜드락 프로 그레이,,,,
16_etc-demo-000592,16_etc,16,f6c4855e08461e7e,v2,750000,,,쿠디,8.0,,,,
16_etc-demo-000593,16_etc,16,48fd69ccdfa3502c,v2,18000,,,하이브로우,타이가1,,,,
16_etc-demo-000594,16_etc,16,a449b76717fa9af1,v2,60000,,,탑앤탑,포레스트,,,,
16_etc-demo-000595,16_etc,16,b9e764bb19ba6196,v2,0,,,콜맨,시즌6,,,,
16_etc-demo-000596,16_etc,16,4587dc9c3c5b2b0f,v2,70000,,,파세코,예튼3.4,,,,
16_etc-demo-000597,16_etc,16,8ec354054adfad58,v2,190000,,,BERJACK 버잭,포레스트2,,,,
16_etc-demo-000598,16_etc,16,5069d763c57e106a,v2,0,,,뉴진스,NJZ,,,,
16_etc-demo-000599,16_etc,16,a7ebe19028bca4c0,v2,150000,,,스노우피크,45qt,,,,
16_etc-demo-000600,16_etc,16,19a7af294c666206,v2,9999,,,아웃백,부쉬크래프트,,,,
16_etc-demo-000601,16_etc,16,349a7ed995314d74,v2,500,,,린백 LINBACK,REH-221S,,,,
16_etc-demo-000602,16_etc,16,8fe622234fa90dd0,v2,2222,,,밤켈,40L,,,,
16_etc-demo-000603,16_etc,16,3203e6f8965d0701,v2,35000,,,세이즈,X2,,,,
16_etc-demo-000604,16_etc,16,9f9c5f0c3e4bf4fe,v2,32000,,,스노우피크,티탄 싱글 머그 220 300 450,,,,
16_etc-demo-000605,16_etc,16,a5b97ba52e2a5620,v2,0,,,쓰나미브레인롯,베라진진공보냉용기,,,,
16_etc-demo-000606,16_etc,16,284f7a1b1253d5e5,v2,30000,,,펜소닉,AirPods Pro 3세대,,,,
16_etc-demo-000607,16_etc,16,b9e764bb19ba6196,v2,0,,,버거킹,D4,,,,
16_etc-demo-000608,16_etc,16,e22c768dbf33e084,v2,0,,,EBS,시즌6,,,,
16_etc-demo-000609,16_etc,16,31f6a86f588be09f,v2,150000,,,스노우피크,타이가1,,,,
16_etc-demo-000610,16_etc,16,e440ab06924336ad,v2,0,,,이디야X보이넥스트도어,SDE-001RH,,,,
16_etc-demo-000611,16_etc,16,2686a51c864eed4d,v2,9000,,,린나이,REH-221S,,,,
16_etc-demo-000612,16_etc,16,5669aaac8e7669da,v2,130000,,,밤켈,45qt,,,,
16_etc-demo-000613,16_etc,16,7ae46b917023b1d7,v2,0,,,한샘,벙커돔 버전 3,,,,
16_etc-demo-000614,16_etc,16,92e870c39738386f,v2,50000,,,스탠리,PUQ179,,,,
16_etc-demo-000615,16_etc,16,fc318d9d19547910,v2,0,,,에듀윌,다우니페더 덕다운침낭 2100g,,,,
16_etc-demo-000616,16_etc,16,20cab7de98571ddb,v2,23000,,,콜맨,NJZ,,,,
16_etc-demo-000617,16_etc,16,ac7d49bb3bcc664c,v2,35000,,,콜맨,파티볼,,,,
16_etc-demo-000618,16_etc,16,284f7a1b1253d5e5,v2,30000,,,펜소닉,벙커돔 버전 3,,,,
16_etc-demo-000619,16_etc,16,1a4159d30d74efe9,v2,1,,,Apple,티탄 싱글 머그 220 300 450,,,,
16_etc-demo-000620,16_etc,16,39deb0aaca75d5c4,v2,140000,,,디스커버리 에디션,D4,,,,
16_etc-demo-000621,16_etc,16,c2b56398e64cd11a,v2,30000,,,네이쳐하이크,쉐프박스,,,,
16_etc-demo-000622,16_etc,16,349a7ed995314d74,v2,500,,,이세계아이돌,X2,,,,
16_etc-demo-000623,16_etc,16,419dd7fa05b171da,v2,0,,,리바트,쉐프박스,,,,
16_etc-demo-000624,16_etc,16,a7ebe19028bca4c0,v2,150000,,,굿프렌드,REH-221S,,,,
16_etc-demo-000625,16_etc,16,6196ddd4d4cf5be9,v2,500,,,NCT 2020,D4,,,,
16_etc-demo-000626,16_etc,16,d2422c12263e391c,v2,500000,,,코지모해,AirPods Pro 3세대,,,,
16_etc-demo-000627,16_etc,16,fc318d9d19547910,v2,0,,,에듀윌,REH-221S,,,,
16_etc-demo-000628,16_etc,16,0f9f51b04cacbbac,v2,6000,,,베스킨라빈스,베라진진공보냉용기,,,,
16_etc-demo-000629,16_etc,16,c1077c9472ac1418,v2,1100000,,,위켄드트립,예튼3.4,,,,
16_etc-demo-000630,16_etc,16,67658baabd0cdd35,v2,33000,,,레드불,베라진진공보냉용기,,,,
16_etc-demo-000631,16_etc,16,fa14c662b0d14f13,v2,20000,,,도루코,마이셰프,,,,
16_etc-demo-000632,16_etc,16,5007d5edf622ac3c,v2,100000,,,부쉬랩,부쉬크래프트,,,,
16_etc-demo-000633,16_etc,16,b9e764bb19ba6196,v2,0,,,버거킹,타이가1,,,,
16_etc-demo-000634,16_etc,16,0727b85de2e70b63,v2,12345,,,신세계,리우,,,,
16_etc-demo-000635,16_etc,16,6279471a8e1e694a,v2,100000,,,영창피아노,U-121,,,,
16_etc-demo-000636,16_etc,16,c1ecee00b070ee28,v2,0,,,베스트슬립,레즐리 메이플 라지킹 1800,,,,
16_etc-demo-000637,16_etc,16,115a8f732f8cd27c,v2,40000,,,벤츠,기브앤레이스 텐트,,,,
16_etc-demo-000638,16_etc,16,b9b56efb0ec9fd25,v2,300000,,,도요토미,타이가1,,,,
16_etc-demo-000639,16_etc,16,a9ab613154ffa03b,v2,31000,,,스노우피크,파티볼,,,,
16_etc-demo-000640,16_etc,16,284f7a1b1253d5e5,v2,30000,,,펜소닉,캠리,,,,
16_etc-demo-000641,16_etc,16,771878104ae86f37,v2,0,,,가구코리아,큐브 프로,,,,
16_etc-demo-000642,16_etc,16,2c15768d96af673f,v2,250000,,,힐맨,벙커돔 버전 3,,,,
16_etc-demo-000643,16_etc,16,c1ecee00b070ee28,v2,0,,,베스트슬립,레즐리 메이플 라지킹 1800,,,,
16_etc-demo-000644,16_etc,16,9fd9f86c74172eaa,v2,0,,,삼익,쉐프박스,,,,
16_etc-demo-000645,16_etc,16,e440ab06924336ad,v2,0,,,아모스,캠리,,,,
16_etc-demo-000646,16_etc,16,a5b97ba52e2a5620,v2,0,,,쓰나미브레인롯,이지컷,,,,
16_etc-demo-000647,16_etc,16,4d3894cbccc9171d,v2,0,,,장수,파티볼,,,,
16_etc-demo-000648,16_etc,16,39deb0aaca75d5c4,v2,140000,,,라푸마,40L,,,,
16_etc-demo-000649,16_etc,16,0f9f51b04cacbbac,v2,6000,,,베스킨라빈스,매직 레드 베어 트레이,,,,
16_etc-demo-000650,16_etc,16,39deb0aaca75d5c4,v2,140000,,,디스커버리 에디션,빅돔s,,,,
16_etc-demo-000651,16_etc,16,3a8e038f4b191d51,v2,0,,,신세계백화점,12y,,,,
16_etc-demo-000652,16_etc,16,a2acaf64d52356e3,v2,60000,,,어반캠퍼,티탄 싱글 머그 220 300 450,,,,
16_etc-demo-000653,16_etc,16,6f0a828c17a6d093,v2,50000,,,트랙스,D4,,,,
16_etc-demo-000654,16_etc,16,fc318d9d19547910,v2,0,,,에듀윌,AirPods Pro 3세대,,,,
16_etc-demo-000655,16_etc,16,39b97ccbbc492cb6,v2,800000,,,캠프타운,빅돔s,,,,
16_etc-demo-000656,16_etc,16,771878104ae86f37,v2,0,,,가구코리아,예튼3.4,,,,
16_etc-demo-000657,16_etc,16,295916e8117b243c,v2,0,,,토요타,캠리 8세대,,,,
16_etc-demo-000658,16_etc,16,2c15768d96af673f,v2,250000,,,힐맨,벙커돔 버전 3,,,,
16_etc-demo-000659,16_etc,16,39b97ccbbc492cb6,v2,800000,,,캠프타운,빅돔s,,,,
16_etc-demo-000660,16_etc,16,295916e8117b243c,v2,0,,,EBS,캠리 8세대,,,,
16_etc-demo-000661,16_etc,16,349a7ed995314d74,v2,500,,,이세계아이돌,12y,,,,
16_etc-demo-000662,16_etc,16,5df9ec48be631586,v2,0,,,이디야X보이넥스트도어,리우,,,,
16_etc-demo-000663,16_etc,16,0f9f51b04cacbbac,v2,6000,,,베스킨라빈스,베라진진공보냉용기,,,,
16_etc-demo-000664,16_etc,16,1a4159d30d74efe9,v2,1,,,Apple,AirPods Pro,,,,
16_etc-demo-000665,16_etc,16,43d3936f27217533,v2,0,,,탐사,캠리,,,,
16_etc-demo-000666,16_etc,16,6cb4de24aaa5c880,v2,1111111,,,레고,부쉬크래프트,,,,
16_etc-demo-000667,16_etc,16,43d3936f27217533,v2,0,,,탐사,티탄 싱글 머그 220 300 450,,,,
16_etc-demo-000668,16_etc,16,1a4159d30d74efe9,v2,1,,,Apple,PUQ179,,,,
16_etc-demo-000669,16_etc,16,67658baabd0cdd35,v2,33000,,,라푸마,부쉬크래프트,,,,
16_etc-demo-000670,16_etc,16,4587dc9c3c5b2b0f,v2,70000,,,파세코,쉐프박스,,,,
16_etc-demo-000671,16_etc,16,3203e6f8965d0701,v2,35000,,,세이즈,X2,,,,
16_etc-demo-000672,16_etc,16,e22c768dbf33e084,v2,0,,,EBS,시즌6,,,,
16_etc-demo-000673,16_etc,16,7ae46b917023b1d7,v2,0,,,한샘,쉐프박스,,,,
16_etc-demo-000674,16_etc,16,d2422c12263e391c,v2,500000,,,코지모해,포레스트2,,,,
16_etc-demo-000675,16_etc,16,c1077c9472ac1418,v2,1100000,,,위켄드트립,예튼3.4,,,,
16_etc-demo-000676,16_etc,16,b9e764bb19ba6196,v2,0,,,버거킹,럭스쉐이드,,,,
16_etc-demo-000677,16_etc,16,f478817c3579980c,v2,0,,,장수돌침대,AirPods Pro,,,,
16_etc-demo-000678,16_etc,16,77aea3d64a9b4ad4,v2,0,,,NOOL,부쉬크래프트,,,,
16_etc-demo-000679,16_etc,16,f6c4855e08461e7e,v2,750000,,,쿠디,포레스트,,,,
16_etc-demo-000680,16_etc,16,49d7edc5ae3aee4f,v2,0,,,Apple,AirPods Pro 3세대,,,,
16_etc-demo-000681,16_etc,16,c1077c9472ac1418,v2,1100000,,,위켄드트립,포레스트,,,,
16_etc-demo-000682,16_etc,16,b61d589b50c7d596,v2,0,,,대림,캠리,,,,
16_etc-demo-000683,16_etc,16,5669aaac8e7669da,v2,130000,,,밤켈,45qt,,,,
16_etc-demo-000684,16_etc,16,b3b7fd870cc110f8,v2,50000,,,지프,포레스트,,,,
16_etc-demo-000685,16_etc,16,0f9f51b04cacbbac,v2,6000,,,베스킨라빈스,베라진진공보냉용기,,,,
16_etc-demo-000686,16_etc,16,d2422c12263e391c,v2,500000,,,코지모해,PUQ179,,,,
16_etc-demo-000687,16_etc,16,d2422c12263e391c,v2,500000,,,코지모해,Q2,,,,
16_etc-demo-000688,16_etc,16,b9b56efb0ec9fd25,v2,300000,,,도요토미,캠리,,,,
16_etc-demo-000689,16_etc,16,c1ecee00b070ee28,v2,0,,,베스트슬립,레즐리 메이플 라지킹 1800,,,,
16_etc-demo-000690,16_etc,16,d8f468db0e57ed80,v2,12345,,,빅토리녹스,X2,,,,
16_etc-demo-000691,16_etc,16,349a7ed995314d74,v2,500,,,이세계아이돌,NJZ,,,,
16_etc-demo-000692,16_etc,16,0727b85de2e70b63,v2,12345,,,신세계,8.0,,,,
16_etc-demo-000693,16_etc,16,115a8f732f8cd27c,v2,40000,,,벤츠,기브앤레이스 텐트,,,,
16_etc-demo-000694,16_etc,16,7e0c1abd3e184cd6,v2,1111,,,꿈꾸는 요셉,캠리 8세대,,,,
16_etc-demo-000695,16_etc,16,f478817c3579980c,v2,0,,,장수돌침대,40L,,,,
16_etc-demo-000696,16_etc,16,67658baabd0cdd35,v2,33000,,,레드불,리우,,,,
16_etc-demo-000697,16_etc,16,ca1552c7db86652b,v2,1650000,,,스노우라인,프라임디럭스,,,,
16_etc-demo-000698,16_etc,16,284f7a1b1253d5e5,v2,30000,,,펜소닉,Q2,,,,
16_etc-demo-000699,16_etc,16,a9ab613154ffa03b,v2,31000,,,스노우피크,랜드락 프로 그레이,,,,
16_etc-demo-000700,16_etc,16,8fe622234fa90dd0,v2,2222,,,밤켈,40L,,,,
16_etc-demo-000701,16_etc,16,4dd020b1aba1934c,v2,380000,,,네이처하이크,매직 레드 베어 트레이,,,,
16_etc-demo-000702,16_etc,16,11ca21b5479c1a3f,v2,0,,,천지건업,매직 스페이서,,,,
16_etc-demo-000703,16_etc,16,a2acaf64d52356e3,v2,60000,,,Apple,다우니페더 덕다운침낭 2100g,,,,
16_etc-demo-000704,16_etc,16,5df9ec48be631586,v2,0,,,이디야X보이넥스트도어,리우,,,,
16_etc-demo-000705,16_etc,16,31f6a86f588be09f,v2,150000,,,네이처하이크,타이가1,,,,
16_etc-demo-000706,16_etc,16,771878104ae86f37,v2,0,,,가구코리아,부쉬크래프트,,,,
16_etc-demo-000707,16_etc,16,ca1552c7db86652b,v2,1650000,,,리바트,프라임디럭스,,,,
16_etc-demo-000708,16_etc,16,c2b56398e64cd11a,v2,30000,,,네이쳐하이크,쉐프박스,,,,
16_etc-demo-000709,16_etc,16,6279471a8e1e694a,v2,100000,,,부쉬랩,U-121,,,,
16_etc-demo-000710,16_etc,16,a9ab613154ffa03b,v2,31000,,,스노우피크,40L,,,,
16_etc-demo-000711,16_etc,16,6c2703966eb29d63,v2,0,,,레고,SDE-001RH,,,,
16_etc-demo-000712,16_etc,16,d2422c12263e391c,v2,500000,,,코지모해,벙커돔 버전 3,,,,
16_etc-demo-000713,16_etc,16,e22c768dbf33e084,v2,0,,,EBS,시즌6,,,,
16_etc-demo-000714,16_etc,16,a2acaf64d52356e3,v2,60000,,,어반캠퍼,다우니페더 덕다운침낭 2100g,,,,
16_etc-demo-000715,16_etc,16,5007d5edf622ac3c,v2,100000,,,부쉬랩,부쉬크래프트,,,,
16_etc-demo-000716,16_etc,16,7ae46b917023b1d7,v2,0,,,한샘,포레스트2,,,,
16_etc-demo-000717,16_etc,16,349a7ed995314d74,v2,500,,,헐크,예튼3.4,,,,
16_etc-demo-000718,16_etc,16,50e034e73f3df128,v2,0,,,과학동아,시즌6,,,,
16_etc-demo-000719,16_etc,16,c1077c9472ac1418,v2,1100000,,,위켄드트립,예튼3.4,,,,
16_etc-demo-000720,16_etc,16,19a7af294c666206,v2,9999,,,아웃백,베라진진공보냉용기,,,,
16_etc-demo-000721,16_etc,16,771878104ae86f37,v2,0,,,가구코리아,쉐프박스,,,,
16_etc-demo-000722,16_etc,16,fc318d9d19547910,v2,0,,,에듀윌,이지컷,,,,
16_etc-demo-000723,16_etc,16,11ca21b5479c1a3f,v2,0,,,천지건업,매직 스페이서,,,,
16_etc-demo-000724,16_etc,16,5069d763c57e106a,v2,0,,,쿠디,NJZ,,,,
16_etc-demo-000725,16_etc,16,a449b76717fa9af1,v2,60000,,,탑앤탑,매직 레드 베어 트레이,,,,
16_etc-demo-000726,16_etc,16,6279471a8e1e694a,v2,100000,,,영창피아노,U-121,,,,
16_etc-demo-000727,16_etc,16,3a8e038f4b191d51,v2,0,,,신세계백화점,레즐리 메이플 라지킹 1800,,,,
16_etc-demo-000728,16_etc,16,2686a51c864eed4d,v2,9000,,,린나이,REH-221S,,,,
16_etc-demo-000729,16_etc,16,5069d763c57e106a,v2,0,,,뉴진스,NJZ,,,,
16_etc-demo-000730,16_etc,16,e440ab06924336ad,v2,0,,,아모스,큐브 프로,,,,
16_etc-demo-000731,16_etc,16,1a4159d30d74efe9,v2,1,,,Apple,AirPods Pro,,,,
16_etc-demo-000732,16_etc,16,d2422c12263e391c,v2,500000,,,코지모해,포레스트2,,,,
16_etc-demo-000733,16_etc,16,a2acaf64d52356e3,v2,60000,,,어반캠퍼,다우니페더 덕다운침낭 2100g,,,,
16_etc-demo-000734,16_etc,16,0727b85de2e70b63,v2,12345,,,신세계,캠리 8세대,,,,
16_etc-demo-000735,16_etc,16,7ae46b917023b1d7,v2,0,,,한샘,파티볼,,,,
16_etc-demo-000736,16_etc,16,a9ab613154ffa03b,v2,31000,,,스노우피크,포레스트,,,,
16_etc-demo-000737,16_etc,16,a9ab613154ffa03b,v2,31000,,,스노우피크,SDE-001RH,,,,
16_etc-demo-000738,16_etc,16,6196ddd4d4cf5be9,v2,500,,,NCT 2020,포레스트2,,,,
16_etc-demo-000739,16_etc,16,6a8ec6d78f49df32,v2,20000,,,퀸센스,캠리,,,,
16_etc-demo-000740,16_etc,16,c1ecee00b070ee28,v2,0,,,베스트슬립,레즐리 메이플 라지킹 1800,,,,
16_etc-demo-000741,16_etc,16,877cd0514bbfabcb,v2,0,,,린백 LINBACK,마이셰프,,,,
16_etc-demo-000742,16_etc,16,b3b7fd870cc110f8,v2,50000,,,지프,포레스트,,,,
16_etc-demo-000743,16_etc,16,c1ecee00b070ee28,v2,0,,,베스트슬립,매직 스페이서,,,,
16_etc-demo-000744,16_etc,16,48fd69ccdfa3502c,v2,18000,,,하이브로우,12y,,,,
16_etc-demo-000745,16_etc,16,6f0a828c17a6d093,v2,50000,,,트랙스,D4,,,,
16_etc-demo-000746,16_etc,16,5669aaac8e7669da,v2,130000,,,밤켈,45qt,,,,
16_etc-demo-000747,16_etc,16,ca1552c7db86652b,v2,1650000,,,스노우라인,프라임디럭스,,,,
16_etc-demo-000748,16_etc,16,43b76f25cf072a5d,v2,0,,,동서가구,8.0,,,,
16_etc-demo-000749,16_etc,16,295916e8117b243c,v2,0,,,토요타,캠리 8세대,,,,
16_etc-demo-000750,16_etc,16,115a8f732f8cd27c,v2,40000,,,벤츠,기브앤레이스 텐트,,,,
16_etc-demo-000751,16_etc,16,fa14c662b0d14f13,v2,20000,,,도루코,마이셰프,,,,
16_etc-demo-000752,16_etc,16,05bac51806eda270,v2,0,,,엑소(EXO),부쉬크래프트,,,,
16_etc-demo-000753,16_etc,16,43b76f25cf072a5d,v2,0,,,동서가구,레즐리 메이플 라지킹 1800,,,,
16_etc-demo-000754,16_etc,16,ac7d49bb3bcc664c,v2,35000,,,엑소(EXO),빅돔s,,,,
16_etc-demo-000755,16_etc,16,39b97ccbbc492cb6,v2,800000,,,캠프타운,빅돔s,,,,
16_etc-demo-000756,16_etc,16,67658baabd0cdd35,v2,33000,,,레드불,포레스트2,,,,
16_etc-demo-000757,16_etc,16,6c2703966eb29d63,v2,0,,,FILA,45qt,,,,
16_etc-demo-000758,16_etc,16,11ca21b5479c1a3f,v2,0,,,천지건업,매직 스페이서,,,,
16_etc-demo-000759,16_etc,16,6cb4de24aaa5c880,v2,1111111,,,레고,큐브 프로,,,,
16_etc-demo-000760,16_etc,16,6c2703966eb29d63,v2,0,,,과학동아,포레스트2,,,,
16_etc-demo-000761,16_etc,16,ac7d49bb3bcc664c,v2,35000,,,콜맨,파티볼,,,,
16_etc-demo-000762,16_etc,16,4587dc9c3c5b2b0f,v2,70000,,,파세코,8.0,,,,
16_etc-demo-000763,16_etc,16,1ba1b11063e1efbd,v2,1000,,,라이즈,리우,,,,
16_etc-demo-000764,16_etc,16,966d93103e5cf751,v2,350000,,,제드,X2,,,,
16_etc-demo-000765,16_etc,16,2c15768d96af673f,v2,250000,,,힐맨,벙커돔 버전 3,,,,
16_etc-demo-000766,16_etc,16,7e0c1abd3e184cd6,v2,1111,,,꿈꾸는 요셉,포레스트,,,,
16_etc-demo-000767,16_etc,16,115a8f732f8cd27c,v2,40000,,,벤츠,기브앤레이스 텐트,,,,
16_etc-demo-000768,16_etc,16,39deb0aaca75d5c4,v2,140000,,,디스커버리 에디션,매직 레드 베어 트레이,,,,
16_etc-demo-000769,16_etc,16,b9e764bb19ba6196,v2,0,,,버거킹,매직 레드 베어 트레이,,,,
16_etc-demo-000770,16_etc,16,92e870c39738386f,v2,50000,,,스탠리,티탄 싱글 머그 220 300 450,,,,
16_etc-demo-000771,16_etc,16,50e034e73f3df128,v2,0,,,과학동아,PUQ179,,,,
16_etc-demo-000772,16_etc,16,8326231ebade6583,v2,0,,,SK-II,매직 레드 베어 트레이,,,,
16_etc-demo-000773,16_etc,16,e495c6a0f4b962f2,v2,6000,,,미라클,레즐리 메이플 라지킹 1800,,,,
16_etc-demo-000774,16_etc,16,6f0a828c17a6d093,v2,50000,,,트랙스,D4,,,,
16_etc-demo-000775,16_etc,16,3203e6f8965d0701,v2,35000,,,세이즈,X2,,,,
16_etc-demo-000776,16_etc,16,67658baabd0cdd35,v2,33000,,,레드불,포레스트,,,,
16_etc-demo-000777,16_etc,16,09373be5bc836c09,v2,0,,,영창,쉐프박스,,,,
16_etc-demo-000778,16_etc,16,3203e6f8965d0701,v2,35000,,,세이즈,X2,,,,
16_etc-demo-000779,16_etc,16,3203e6f8965d0701,v2,35000,,,세이즈,X2,,,,
16_etc-demo-000780,16_etc,16,67658baabd0cdd35,v2,33000,,,레드불,포레스트,,,,
16_etc-demo-000781,16_etc,16,83d366ae47c20cf3,v2,25000,,,바운스,베라진진공보냉용기,,,,
16_etc-demo-000782,16_etc,16,11ca21b5479c1a3f,v2,0,,,천지건업,매직 스페이서,,,,
16_etc-demo-000783,16_etc,16,50e034e73f3df128,v2,0,,,과학동아,쉐프박스,,,,
16_etc-demo-000784,16_etc,16,9f9c5f0c3e4bf4fe,v2,32000,,,꿈꾸는 요셉,티탄 싱글 머그 220 300 450,,,,
16_etc-demo-000785,16_etc,16,4dd020b1aba1934c,v2,380000,,,네이처하이크,12y,,,,
16_etc-demo-000786,16_etc,16,a9ab613154ffa03b,v2,31000,,,스노우피크,티탄 싱글 머그 220 300 450,,,,
16_etc-demo-000787,16_etc,16,c1ecee00b070ee28,v2,0,,,코지모해,레즐리 메이플 라지킹 1800,,,,
16_etc-demo-000788,16_etc,16,8ec354054adfad58,v2,190000,,,BERJACK 버잭,매직 스페이서,,,,
16_etc-demo-000789,16_etc,16,05bac51806eda270,v2,0,,,엑소(EXO),8.0,,,,
16_etc-demo-000790,16_etc,16,826212999b5d783f,v2,7000,,,케어프린,U-121,,,,
16_etc-demo-000791,16_etc,16,b9b56efb0ec9fd25,v2,300000,,,도요토미,프라임디럭스,,,,
16_etc-demo-000792,16_etc,16,8ec354054adfad58,v2,190000,,,BERJACK 버잭,X2,,,,
16_etc-demo-000793,16_etc,16,43e42587661aa882,v2,90000,,,나비아,큐브 프로,,,,
16_etc-demo-000794,16_etc,16,4d3894cbccc9171d,v2,0,,,장수,부쉬크래프트,,,,
16_etc-demo-000795,16_etc,16,e440ab06924336ad,v2,0,,,아모스,40L,,,,
16_etc-demo-000796,16_etc,16,c1ecee00b070ee28,v2,0,,,베스트슬립,레즐리 메이플 라지킹 1800,,,,
16_etc-demo-000797,16_etc,16,b9e764bb19ba6196,v2,0,,,버거킹,럭스쉐이드,,,,
16_etc-demo-000798,16_etc,16,e22c768dbf33e084,v2,0,,,EBS,시즌6,,,,
16_etc-demo-000799,16_etc,16,ac7d49bb3bcc664c,v2,35000,,,콜맨,파티볼,,,,
16_etc-demo-000800,16_etc,16,5007d5edf622ac3c,v2,100000,,,부쉬랩,부쉬크래프트,,,,
16_etc-demo-000801,16_etc,16,135d72d280b60682,v2,0,,,하이원리조트,REH-221S,,,,
16_etc-demo-000802,16_etc,16,fc318d9d19547910,v2,0,,,에듀윌,레즐리 메이플 라지킹 1800,,,,
16_etc-demo-000803,16_etc,16,8fe622234fa90dd0,v2,2222,,,밤켈,40L,,,,
16_etc-demo-000804,16_etc,16,135d72d280b60682,v2,0,,,하이원리조트,티탄 싱글 머그 220 300 450,,,,
16_etc-demo-000805,16_etc,16,349a7ed995314d74,v2,500,,,이세계아이돌,기브앤레이스 텐트,,,,
16_etc-demo-000806,16_etc,16,a9ab613154ffa03b,v2,31000,,,스노우피크,45qt,,,,
16_etc-demo-000807,16_etc,16,5df9ec48be631586,v2,0,,,이디야X보이넥스트도어,리우,,,,
16_etc-demo-000808,16_etc,16,5069d763c57e106a,v2,0,,,뉴진스,NJZ,,,,
16_etc-demo-000809,16_etc,16,edbb7477d4c13005,v2,2800000,,,장수돌침대,랜드락 프로 그레이,,,,
16_etc-demo-000810,16_etc,16,826212999b5d783f,v2,7000,,,케어프린,이지컷,,,,
16_etc-demo-000811,16_etc,16,5df9ec48be631586,v2,0,,,이디야X보이넥스트도어,리우,,,,
16_etc-demo-000812,16_etc,16,115a8f732f8cd27c,v2,40000,,,벤츠,기브앤레이스 텐트,,,,
16_etc-demo-000813,16_etc,16,39b97ccbbc492cb6,v2,800000,,,캠프타운,타이가1,,,,
16_etc-demo-000814,16_etc,16,c2b56398e64cd11a,v2,30000,,,네이쳐하이크,쉐프박스,,,,
16_etc-demo-000815,16_etc,16,8fe622234fa90dd0,v2,2222,,,밤켈,40L,,,,
16_etc-demo-000816,16_etc,16,e22c768dbf33e084,v2,0,,,EBS,시즌6,,,,
16_etc-demo-000817,16_etc,16,43b76f25cf072a5d,v2,0,,,동서가구,PUQ179,,,,
16_etc-demo-000818,16_etc,16,20cab7de98571ddb,v2,23000,,,자이글,빅돔s,,,,
16_etc-demo-000819,16_etc,16,078f22a2e1fbfb60,v2,107000,,,헐크,PUQ179,,,,
16_etc-demo-000820,16_etc,16,4dd020b1aba1934c,v2,380000,,,네이처하이크,12y,,,,
16_etc-demo-000821,16_etc,16,0727b85de2e70b63,v2,12345,,,신세계,AirPods Pro,,,,
16_etc-demo-000822,16_etc,16,fc318d9d19547910,v2,0,,,에듀윌,포레스트,,,,
16_etc-demo-000823,16_etc,16,43d3936f27217533,v2,0,,,탐사,캠리 8세대,,,,
16_etc-demo-000824,16_etc,16,c2b56398e64cd11a,v2,30000,,,네이쳐하이크,쉐프박스,,,,
16_etc-demo-000825,16_etc,16,6c2703966eb29d63,v2,0,,,FILA,큐브 프로,,,,
16_etc-demo-000826,16_etc,16,ac7d49bb3bcc664c,v2,35000,,,콜맨,파티볼,,,,
16_etc-demo-000827,16_etc,16,a7ebe19028bca4c0,v2,150000,,,굿프렌드,U-121,,,,
16_etc-demo-000828,16_etc,16,9f9c5f0c3e4bf4fe,v2,32000,,,스노우피크,티탄 싱글 머그 220 300 450,,,,
16_etc-demo-000829,16_etc,16,e440ab06924336ad,v2,0,,,아모스,프라임디럭스,,,,
16_etc-demo-000830,16_etc,16,d2422c12263e391c,v2,170000,,,코지모해,매직 스페이서,,,,
16_etc-demo-000831,16_etc,16,0727b85de2e70b63,v2,12345,,,신세계,8.0,,,,
16_etc-demo-000832,16_etc,16,5069d763c57e106a,v2,0,,,뉴진스,NJZ,,,,
16_etc-demo-000833,16_etc,16,295916e8117b243c,v2,0,,,토요타,캠리 8세대,,,,
16_etc-demo-000834,16_etc,16,1ba1b11063e1efbd,v2,1000,,,라이즈,벙커돔 버전 3,,,,
16_etc-demo-000835,16_etc,16,826212999b5d783f,v2,7000,,,케어프린,이지컷,,,,
16_etc-demo-000836,16_etc,16,20cab7de98571ddb,v2,23000,,,자이글,베라진진공보냉용기,,,,
16_etc-demo-000837,16_etc,16,115a8f732f8cd27c,v2,40000,,,Apple,기브앤레이스 텐트,,,,
16_etc-demo-000838,16_etc,16,8fe622234fa90dd0,v2,2222,,,밤켈,40L,,,,
16_etc-demo-000839,16_etc,16,9f9c5f0c3e4bf4fe,v2,32000,,,스노우피크,NJZ,,,,
16_etc-demo-000840,16_etc,16,b9e764bb19ba6196,v2,0,,,버거킹,이지컷,,,,
16_etc-demo-000841,16_etc,16,b9e764bb19ba6196,v2,0,,,버거킹,REH-221S,,,,
16_etc-demo-000842,16_etc,16,4dd020b1aba1934c,v2,380000,,,네이처하이크,12y,,,,
16_etc-demo-000843,16_etc,16,e440ab06924336ad,v2,0,,,아모스,럭스쉐이드,,,,
16_etc-demo-000844,16_etc,16,67658baabd0cdd35,v2,33000,,,레드불,다우니페더 덕다운침낭 2100g,,,,
16_etc-demo-000845,16_etc,16,c1077c9472ac1418,v2,1100000,,,위켄드트립,예튼3.4,,,,
16_etc-demo-000846,16_etc,16,2686a51c864eed4d,v2,9000,,,린나이,REH-221S,,,,
16_etc-demo-000847,16_etc,16,078f22a2e1fbfb60,v2,107000,,,Apple,PUQ179,,,,
16_etc-demo-000848,16_etc,16,e22c768dbf33e084,v2,0,,,EBS,시즌6,,,,
16_etc-demo-000849,16_etc,16,4587dc9c3c5b2b0f,v2,70000,,,파세코,이지컷,,,,
16_etc-demo-000850,16_etc,16,2686a51c864eed4d,v2,9000,,,린나이,REH-221S,,,,
16_etc-demo-000851,16_etc,16,d2422c12263e391c,v2,170000,,,코지모해,AirPods Pro,,,,
16_etc-demo-000852,16_etc,16,c1077c9472ac1418,v2,1100000,,,위켄드트립,예튼3.4,,,,
16_etc-demo-000853,16_etc,16,ca1552c7db86652b,v2,1650000,,,스노우라인,프라임디럭스,,,,
16_etc-demo-000854,16_etc,16,5df9ec48be631586,v2,0,,,이디야X보이넥스트도어,리우,,,,
16_etc-demo-000855,16_etc,16,67658baabd0cdd35,v2,33000,,,레드불,캠리 8세대,,,,
16_etc-demo-000856,16_etc,16,5007d5edf622ac3c,v2,100000,,,부쉬랩,부쉬크래프트,,,,
16_etc-demo-000857,16_etc,16,92e870c39738386f,v2,50000,,,스탠리,베라진진공보냉용기,,,,
16_etc-demo-000858,16_etc,16,d2422c12263e391c,v2,500000,,,코지모해,벙커돔 버전 3,,,,
16_etc-demo-000859,16_etc,16,39deb0aaca75d5c4,v2,140000,,,디스커버리 에디션,리우,,,,
16_etc-demo-000860,16_etc,16,7ae46b917023b1d7,v2,0,,,한샘,마이셰프,,,,
16_etc-demo-000861,16_etc,16,a5b97ba52e2a5620,v2,0,,,쓰나미브레인롯,SDE-001RH,,,,
16_etc-demo-000862,16_etc,16,7ae46b917023b1d7,v2,0,,,한샘,Q2,,,,
16_etc-demo-000863,16_etc,16,284f7a1b1253d5e5,v2,30000,,,펜소닉,큐브 프로,,,,
16_etc-demo-000864,16_etc,16,a2acaf64d52356e3,v2,60000,,,어반캠퍼,매직 스페이서,,,,
16_etc-demo-000865,16_etc,16,5669aaac8e7669da,v2,130000,,,밤켈,45qt,,,,
16_etc-demo-000866,16_etc,16,6196ddd4d4cf5be9,v2,500,,,NCT 2020,캠리 8세대,,,,
16_etc-demo-000867,16_etc,16,92e870c39738386f,v2,50000,,,스탠리,45qt,,,,
16_etc-demo-000868,16_etc,16,31f6a86f588be09f,v2,150000,,,코지모해,타이가1,,,,
16_etc-demo-000869,16_etc,16,3a8e038f4b191d51,v2,0,,,신세계백화점,리우,,,,
16_etc-demo-000870,16_etc,16,20cab7de98571ddb,v2,23000,,,자이글,예튼3.4,,,,
16_etc-demo-000871,16_etc,16,a2acaf64d52356e3,v2,60000,,,어반캠퍼,다우니페더 덕다운침낭 2100g,,,,
16_etc-demo-000872,16_etc,16,5669aaac8e7669da,v2,130000,,,밤켈,45qt,,,,
16_etc-demo-000873,16_etc,16,48fd69ccdfa3502c,v2,18000,,,하이브로우,U-121,,,,
16_etc-demo-000874,16_etc,16,c2b56398e64cd11a,v2,30000,,,네이쳐하이크,쉐프박스,,,,
16_etc-demo-000875,16_etc,16,8fe622234fa90dd0,v2,2222,,,밤켈,40L,,,,
16_etc-demo-000876,16_etc,16,f478817c3579980c,v2,0,,,장수돌침대,REH-221S,,,,
16_etc-demo-000877,16_etc,16,4d3894cbccc9171d,v2,0,,,장수,캠리,,,,
16_etc-demo-000878,16_etc,16,c1ecee00b070ee28,v2,0,,,베스트슬립,레즐리 메이플 라지킹 1800,,,,
16_etc-demo-000879,16_etc,16,c6d8b0e455d8da49,v2,250000,,,스노우피크,SDE-001RH,,,,
16_etc-demo-000880,16_etc,16,a5b97ba52e2a5620,v2,0,,,쓰나미브레인롯,포레스트,,,,
16_etc-demo-000881,16_etc,16,7e0c1abd3e184cd6,v2,1111,,,꿈꾸는 요셉,12y,,,,
16_etc-demo-000882,16_etc,16,3a8e038f4b191d51,v2,0,,,신세계백화점,캠리 8세대,,,,
16_etc-demo-000883,16_etc,16,5069d763c57e106a,v2,0,,,뉴진스,NJZ,,,,
16_etc-demo-000884,16_etc,16,d2422c12263e391c,v2,170000,,,코지모해,캠리 8세대,,,,
16_etc-demo-000885,16_etc,16,a9ab613154ffa03b,v2,31000,,,스노우피크,랜드락 프로 그레이,,,,
16_etc-demo-000886,16_etc,16,5669aaac8e7669da,v2,130000,,,밤켈,45qt,,,,
16_etc-demo-000887,16_etc,16,19a7af294c666206,v2,9999,,,아웃백,파티볼,,,,
16_etc-demo-000888,16_etc,16,9f9c5f0c3e4bf4fe,v2,32000,,,한샘,티탄 싱글 머그 220 300 450,,,,
16_etc-demo-000889,16_etc,16,50e034e73f3df128,v2,0,,,과학동아,이지컷,,,,
16_etc-demo-000890,16_etc,16,31f6a86f588be09f,v2,150000,,,도요토미,프라임디럭스,,,,
16_etc-demo-000891,16_etc,16,c1077c9472ac1418,v2,1100000,,,위켄드트립,예튼3.4,,,,
16_etc-demo-000892,16_etc,16,19a7af294c666206,v2,9999,,,아웃백,SDE-001RH,,,,
16_etc-demo-000893,16_etc,16,3203e6f8965d0701,v2,35000,,,세이즈,X2,,,,
16_etc-demo-000894,16_etc,16,1a4159d30d74efe9,v2,1,,,Apple,AirPods Pro,,,,
16_etc-demo-000895,16_etc,16,a7ebe19028bca4c0,v2,150000,,,굿프렌드,쉐프박스,,,,
16_etc-demo-000896,16_etc,16,e495c6a0f4b962f2,v2,6000,,,미라클,캠리 8세대,,,,
16_etc-demo-000897,16_etc,16,135d72d280b60682,v2,0,,,하이원리조트,부쉬크래프트,,,,
16_etc-demo-000898,16_etc,16,b9e764bb19ba6196,v2,0,,,버거킹,X2,,,,
16_etc-demo-000899,16_etc,16,6c2703966eb29d63,v2,0,,,FILA,45qt,,,,
16_etc-demo-000900,16_etc,16,6c2703966eb29d63,v2,0,,,FILA,캠리,,,,
16_etc-demo-000901,16_etc,16,6196ddd4d4cf5be9,v2,500,,,탐사,NJZ,,,,
16_etc-demo-000902,16_etc,16,a5b97ba52e2a5620,v2,0,,,쓰나미브레인롯,이지컷,,,,
16_etc-demo-000903,16_etc,16,d2422c12263e391c,v2,500000,,,코지모해,쉐프박스,,,,
16_etc-demo-000904,16_etc,16,a5b97ba52e2a5620,v2,0,,,퀸센스,REH-221S,,,,
16_etc-demo-000905,16_etc,16,1a4159d30d74efe9,v2,1,,,Apple,AirPods Pro,,,,
16_etc-demo-000906,16_etc,16,c6d8b0e455d8da49,v2,250000,,,스노우피크,SDE-001RH,,,,
16_etc-demo-000907,16_etc,16,3a8e038f4b191d51,v2,0,,,신세계백화점,벙커돔 버전 3,,,,
16_etc-demo-000908,16_etc,16,43b76f25cf072a5d,v2,0,,,부쉬랩,PUQ179,,,,
16_etc-demo-000909,16_etc,16,f478817c3579980c,v2,0,,,장수돌침대,예튼3.4,,,,
16_etc-demo-000910,16_etc,16,9f9c5f0c3e4bf4fe,v2,32000,,,스노우피크,티탄 싱글 머그 220 300 450,,,,
16_etc-demo-000911,16_etc,16,4587dc9c3c5b2b0f,v2,70000,,,파세코,포레스트2,,,,
16_etc-demo-000912,16_etc,16,419dd7fa05b171da,v2,0,,,리바트,시즌6,,,,
16_etc-demo-000913,16_etc,16,b61d589b50c7d596,v2,0,,,위켄드트립,캠리,,,,
16_etc-demo-000914,16_etc,16,1ba1b11063e1efbd,v2,1000,,,라이즈,예튼3.4,,,,
16_etc-demo-000915,16_etc,16,6c2703966eb29d63,v2,0,,,코지모해,8.0,,,,
16_etc-demo-000916,16_etc,16,826212999b5d783f,v2,7000,,,뉴진스,이지컷,,,,
16_etc-demo-000917,16_etc,16,48fd69ccdfa3502c,v2,18000,,,한샘,NJZ,,,,
16_etc-demo-000918,16_etc,16,77aea3d64a9b4ad4,v2,0,,,NOOL,NJZ,,,,
16_etc-demo-000919,16_etc,16,6c2703966eb29d63,v2,0,,,FILA,포레스트2,,,,
16_etc-demo-000920,16_etc,16,078f22a2e1fbfb60,v2,107000,,,헐크,포레스트,,,,
16_etc-demo-000921,16_etc,16,1ba1b11063e1efbd,v2,1000,,,라이즈,NJZ,,,,
16_etc-demo-000922,16_etc,16,77aea3d64a9b4ad4,v2,0,,,NOOL,Q2,,,,
16_etc-demo-000923,16_etc,16,c1077c9472ac1418,v2,1100000,,,위켄드트립,예튼3.4,,,,
16_etc-demo-000924,16_etc,16,20cab7de98571ddb,v2,23000,,,자이글,NJZ,,,,
16_etc-demo-000925,16_etc,16,7ae46b917023b1d7,v2,0,,,자이글,예튼3.4,,,,
16_etc-demo-000926,16_etc,16,b9b56efb0ec9fd25,v2,300000,,,도요토미,X2,,,,
16_etc-demo-000927,16_etc,16,e440ab06924336ad,v2,0,,,아모스,마이셰프,,,,
16_etc-demo-000928,16_etc,16,078f22a2e1fbfb60,v2,107000,,,헐크,PUQ179,,,,
16_etc-demo-000929,16_etc,16,ac7d49bb3bcc664c,v2,35000,,,콜맨,파티볼,,,,
16_etc-demo-000930,16_etc,16,295916e8117b243c,v2,0,,,토요타,캠리 8세대,,,,
16_etc-demo-000931,16_etc,16,9a68af37c34c6427,v2,0,,,대림,Q2,,,,
16_etc-demo-000932,16_etc,16,6a8ec6d78f49df32,v2,20000,,,장수돌침대,12y,,,,
16_etc-demo-000933,16_etc,16,8ec354054adfad58,v2,190000,,,BERJACK 버잭,REH-221S,,,,
16_etc-demo-000934,16_etc,16,6196ddd4d4cf5be9,v2,500,,,NCT 2020,큐브 프로,,,,
16_etc-demo-000935,16_etc,16,a2acaf64d52356e3,v2,60000,,,어반캠퍼,다우니페더 덕다운침낭 2100g,,,,
16_etc-demo-000936,16_etc,16,5669aaac8e7669da,v2,130000,,,밤켈,45qt,,,,
16_etc-demo-000937,16_etc,16,39deb0aaca75d5c4,v2,140000,,,디스커버리 에디션,매직 레드 베어 트레이,,,,
16_etc-demo-000938,16_etc,16,6279471a8e1e694a,v2,100000,,,영창피아노,매직 레드 베어 트레이,,,,
16_etc-demo-000939,16_etc,16,e440ab06924336ad,v2,0,,,아모스,빅돔s,,,,
16_etc-demo-000940,16_etc,16,1ba1b11063e1efbd,v2,1000,,,라이즈,포레스트,,,,
16_etc-demo-000941,16_etc,16,19a7af294c666206,v2,9999,,,아웃백,베라진진공보냉용기,,,,
16_etc-demo-000942,16_etc,16,48fd69ccdfa3502c,v2,18000,,,하이브로우,포레스트,,,,
16_etc-demo-000943,16_etc,16,39b97ccbbc492cb6,v2,800000,,,캠프타운,빅돔s,,,,
16_etc-demo-000944,16_etc,16,135d72d280b60682,v2,0,,,하이원리조트,프라임디럭스,,,,
16_etc-demo-000945,16_etc,16,c6d8b0e455d8da49,v2,250000,,,스노우피크,SDE-001RH,,,,
16_etc-demo-000946,16_etc,16,7ae46b917023b1d7,v2,0,,,한샘,기브앤레이스 텐트,,,,
16_etc-demo-000947,16_etc,16,9fd9f86c74172eaa,v2,0,,,삼익,AirPods Pro 3세대,,,,
16_etc-demo-000948,16_etc,16,f6c4855e08461e7e,v2,750000,,,쿠디,8.0,,,,
16_etc-demo-000949,16_etc,16,ce3440e326c8d0e1,v2,45000,,,라푸마,럭스쉐이드,,,,
16_etc-demo-000950,16_etc,16,edbb7477d4c13005,v2,2800000,,,스노우피크,랜드락 프로 그레이,,,,
16_etc-demo-000951,16_etc,16,31f6a86f588be09f,v2,150000,,,케어프린,타이가1,,,,
16_etc-demo-000952,16_etc,16,a2acaf64d52356e3,v2,60000,,,어반캠퍼,다우니페더 덕다운침낭 2100g,,,,
16_etc-demo-000953,16_etc,16,966d93103e5cf751,v2,350000,,,제드,PUQ179,,,,
16_etc-demo-000954,16_etc,16,b9e764bb19ba6196,v2,0,,,버거킹,타이가1,,,,
16_etc-demo-000955,16_etc,16,11ca21b5479c1a3f,v2,0,,,천지건업,매직 스페이서,,,,
16_etc-demo-000956,16_etc,16,078f22a2e1fbfb60,v2,107000,,,헐크,PUQ179,,,,
16_etc-demo-000957,16_etc,16,419dd7fa05b171da,v2,0,,,리바트,이지컷,,,,
16_etc-demo-000958,16_etc,16,43b76f25cf072a5d,v2,0,,,동서가구,D4,,,,
16_etc-demo-000959,16_etc,16,3a8e038f4b191d51,v2,0,,,신세계백화점,40L,,,,
16_etc-demo-000960,16_etc,16,6c2703966eb29d63,v2,0,,,FILA,큐브 프로,,,,
16_etc-demo-000961,16_etc,16,3203e6f8965d0701,v2,35000,,,세이즈,포레스트,,,,
16_etc-demo-000962,16_etc,16,67658baabd0cdd35,v2,33000,,,레드불,X2,,,,
16_etc-demo-000963,16_etc,16,e22c768dbf33e084,v2,0,,,EBS,시즌6,,,,
16_etc-demo-000964,16_etc,16,4dd020b1aba1934c,v2,380000,,,네이처하이크,12y,,,,
16_etc-demo-000965,16_etc,16,b9b56efb0ec9fd25,v2,300000,,,도요토미,마이셰프,,,,
16_etc-demo-000966,16_etc,16,48fd69ccdfa3502c,v2,18000,,,하이브로우,리우,,,,
16_etc-demo-000967,16_etc,16,a449b76717fa9af1,v2,60000,,,탑앤탑,D4,,,,
16_etc-demo-000968,16_etc,16,6cb4de24aaa5c880,v2,1111111,,,레고,이지컷,,,,
16_etc-demo-000969,16_etc,16,f6c4855e08461e7e,v2,750000,,,쿠디,8.0,,,,
16_etc-demo-000970,16_etc,16,9a68af37c34c6427,v2,0,,,대림,Q2,,,,
16_etc-demo-000971,16_etc,16,1a4159d30d74efe9,v2,1,,,Apple,AirPods Pro,,,,
16_etc-demo-000972,16_etc,16,b9e764bb19ba6196,v2,0,,,버거킹,캠리,,,,
16_etc-demo-000973,16_etc,16,fa14c662b0d14f13,v2,20000,,,도루코,마이셰프,,,,
16_etc-demo-000974,16_etc,16,f478817c3579980c,v2,0,,,장수돌침대,파티볼,,,,
16_etc-demo-000975,16_etc,16,09373be5bc836c09,v2,0,,,영창,벙커돔 버전 3,,,,
16_etc-demo-000976,16_etc,16,771878104ae86f37,v2,0,,,가구코리아,NJZ,,,,
16_etc-demo-000977,16_etc,16,ca1552c7db86652b,v2,1650000,,,스노우라인,프라임디럭스,,,,
16_etc-demo-000978,16_etc,16,31f6a86f588be09f,v2,150000,,,자이글,타이가1,,,,
16_etc-demo-000979,16_etc,16,4dd020b1aba1934c,v2,380000,,,네이처하이크,12y,,,,
16_etc-demo-000980,16_etc,16,5669aaac8e7669da,v2,130000,,,밤켈,45qt,,,,
16_etc-demo-000981,16_etc,16,39b97ccbbc492cb6,v2,800000,,,엑소(EXO),빅돔s,,,,
16_etc-demo-000982,16_etc,16,e22c768dbf33e084,v2,0,,,EBS,시즌6,,,,
16_etc-demo-000983,16_etc,16,4dd020b1aba1934c,v2,380000,,,네이처하이크,베라진진공보냉용기,,,,
16_etc-demo-000984,16_etc,16,a344d7511f3c6abe,v2,45000,,,자이락,빅돔s,,,,
16_etc-demo-000985,16_etc,16,078f22a2e1fbfb60,v2,107000,,,헐크,리우,,,,
16_etc-demo-000986,16_etc,16,a449b76717fa9af1,v2,60000,,,탑앤탑,티탄 싱글 머그 220 300 450,,,,
16_etc-demo-000987,16_etc,16,31f6a86f588be09f,v2,150000,,,밤켈,타이가1,,,,
16_etc-demo-000988,16_etc,16,2686a51c864eed4d,v2,9000,,,린나이,REH-221S,,,,
16_etc-demo-000989,16_etc,16,f478817c3579980c,v2,0,,,장수돌침대,이지컷,,,,
16_etc-demo-000990,16_etc,16,8fe622234fa90dd0,v2,2222,,,밤켈,40L,,,,
16_etc-demo-000991,16_etc,16,7ae46b917023b1d7,v2,0,,,한샘,SDE-001RH,,,,
16_etc-demo-000992,16_etc,16,2686a51c864eed4d,v2,9000,,,린나이,벙커돔 버전 3,,,,
16_etc-demo-000993,16_etc,16,e495c6a0f4b962f2,v2,6000,,,탑앤탑,쉐프박스,,,,
16_etc-demo-000994,16_etc,16,8326231ebade6583,v2,0,,,SK-II,매직 레드 베어 트레이,,,,
16_etc-demo-000995,16_etc,16,0f9f51b04cacbbac,v2,6000,,,Apple,베라진진공보냉용기,,,,
16_etc-demo-000996,16_etc,16,6196ddd4d4cf5be9,v2,500,,,레드불,파티볼,,,,
16_etc-demo-000997,16_etc,16,6c2703966eb29d63,v2,0,,,FILA,D4,,,,
16_etc-demo-000998,16_etc,16,e440ab06924336ad,v2,0,,,아모스,럭스쉐이드,,,,
16_etc-demo-000999,16_etc,16,3a8e038f4b191d51,v2,0,,,신세계백화점,기브앤레이스 텐트,,,,
